INDEX,RCR,DATE,TIME,VALID,LATITUDE,N/S,LONGITUDE,E/W,HEIGHT,SPEED,DISTANCE
1,T,19/01/2020,09:48:26,Unknown,57.509967,N,-4.395809,W,461,0,0
2,T,19/01/2020,09:48:42,Unknown,57.502921,N,-4.387203,W,465,0,0.938124
3,T,19/01/2020,09:48:54,Unknown,57.497541,N,-4.38119,W,484,0,1.636714
4,T,19/01/2020,09:49:07,Unknown,57.491731,N,-4.374413,W,489,0,2.400036
5,T,19/01/2020,09:49:20,Unknown,57.485754,N,-4.367393,W,488,0,3.186875
6,T,19/01/2020,09:51:20,Unknown,57.48258,N,-4.300079,W,446,0,7.230266
7,T,19/01/2020,09:51:26,Unknown,57.484924,N,-4.303221,W,451,0,7.551877
8,T,19/01/2020,09:51:33,Unknown,57.487817,N,-4.306803,W,448,0,7.938725
9,T,19/01/2020,09:51:44,Unknown,57.492359,N,-4.312693,W,458,0,8.555022
10,T,19/01/2020,09:51:57,Unknown,57.497815,N,-4.319448,W,477,0,9.284523
11,T,19/01/2020,09:52:12,Unknown,57.503968,N,-4.327375,W,484,0,10.117555
12,T,19/01/2020,09:54:34,Unknown,57.503243,N,-4.269167,W,493,0,13.599681
13,T,19/01/2020,09:54:47,Unknown,57.497352,N,-4.262174,W,508,0,14.377493
14,T,19/01/2020,09:54:59,Unknown,57.491815,N,-4.255553,W,505,0,15.110153
15,T,19/01/2020,09:55:12,Unknown,57.485987,N,-4.248508,W,505,0,15.883826
16,T,19/01/2020,09:57:04,Unknown,57.482314,N,-4.189293,W,461,0,19.450641
17,T,19/01/2020,09:57:10,Unknown,57.485739,N,-4.191715,W,451,0,19.858529
18,T,19/01/2020,09:57:16,Unknown,57.488533,N,-4.194731,W,438,0,20.218108
19,T,19/01/2020,09:57:28,Unknown,57.49398,N,-4.201247,W,430,0,20.938964
20,T,19/01/2020,09:57:41,Unknown,57.49988,N,-4.208288,W,435,0,21.71919
21,T,19/01/2020,09:57:52,Unknown,57.505058,N,-4.214051,W,451,0,22.390795
22,T,19/01/2020,09:58:05,Unknown,57.510847,N,-4.220637,W,446,0,23.146044
23,T,19/01/2020,10:00:15,Unknown,57.545857,N,-4.203853,W,477,0,27.170356
24,T,19/01/2020,10:00:18,Unknown,57.54458,N,-4.201678,W,480,0,27.362942
25,T,19/01/2020,10:00:25,Unknown,57.541423,N,-4.197848,W,483,0,27.782297
26,T,19/01/2020,10:00:32,Unknown,57.538264,N,-4.193429,W,481,0,28.222039
27,T,19/01/2020,10:00:43,Unknown,57.533357,N,-4.187419,W,472,0,28.875759
28,T,19/01/2020,10:00:55,Unknown,57.527825,N,-4.180412,W,462,0,29.620462
29,T,19/01/2020,10:01:09,Unknown,57.52136,N,-4.172491,W,476,0,30.481908
30,T,19/01/2020,10:01:20,Unknown,57.51647,N,-4.16672,W,497,0,31.126379
31,T,19/01/2020,10:01:31,Unknown,57.511552,N,-4.160912,W,488,0,31.77469
32,T,19/01/2020,10:01:44,Unknown,57.505711,N,-4.153881,W,479,0,32.548998
33,T,19/01/2020,10:02:02,Unknown,57.49765,N,-4.143995,W,472,0,33.623635
34,T,19/01/2020,10:03:40,Unknown,57.520804,N,-4.11453,W,472,0,36.745781
35,T,19/01/2020,10:03:45,Unknown,57.523307,N,-4.116403,W,482,0,37.046068
36,T,19/01/2020,10:03:52,Unknown,57.526377,N,-4.119682,W,487,0,37.440033
37,T,19/01/2020,10:04:02,Unknown,57.53064,N,-4.124857,W,477,0,38.006473
38,T,19/01/2020,10:04:13,Unknown,57.535623,N,-4.130848,W,472,0,38.666678
39,T,19/01/2020,10:04:25,Unknown,57.541332,N,-4.137336,W,465,0,39.411099
40,T,19/01/2020,10:04:34,Unknown,57.54581,N,-4.141974,W,465,0,39.981413
41,T,19/01/2020,10:04:44,Unknown,57.550511,N,-4.147636,W,480,0,40.604509
42,T,19/01/2020,10:04:56,Unknown,57.556367,N,-4.154153,W,473,0,41.363747
43,T,19/01/2020,10:05:09,Unknown,57.562595,N,-4.161268,W,474,0,42.176873
44,T,19/01/2020,10:06:50,Unknown,57.574838,N,-4.116835,W,476,0,45.159127
45,T,19/01/2020,10:07:02,Unknown,57.569888,N,-4.110371,W,468,0,45.831827
46,T,19/01/2020,10:07:15,Unknown,57.564435,N,-4.103735,W,463,0,46.556699
47,T,19/01/2020,10:07:26,Unknown,57.55976,N,-4.098198,W,465,0,47.173256
48,T,19/01/2020,10:07:37,Unknown,57.55498,N,-4.09259,W,473,0,47.801975
49,T,19/01/2020,10:07:49,Unknown,57.549814,N,-4.08638,W,496,0,48.486288
50,T,19/01/2020,10:08:01,Unknown,57.544653,N,-4.080595,W,490,0,49.156724
51,T,19/01/2020,10:27:10,Unknown,57.561294,N,-4.040992,W,608,0,52.161099
52,T,19/01/2020,10:27:19,Unknown,57.56512,N,-4.045877,W,609,0,52.67731
53,T,19/01/2020,10:27:30,Unknown,57.570033,N,-4.051818,W,617,0,53.329162
54,T,19/01/2020,10:27:44,Unknown,57.576397,N,-4.05959,W,630,0,54.175989
55,T,19/01/2020,10:27:54,Unknown,57.580878,N,-4.065198,W,633,0,54.776693
56,T,19/01/2020,10:28:07,Unknown,57.586939,N,-4.072728,W,633,0,55.587342
57,T,19/01/2020,10:28:20,Unknown,57.592902,N,-4.080128,W,637,0,56.384562
58,T,19/01/2020,10:28:34,Unknown,57.599299,N,-4.087973,W,635,0,57.236685
59,T,19/01/2020,10:28:47,Unknown,57.605345,N,-4.094918,W,630,0,58.026983
60,T,19/01/2020,10:30:40,Unknown,57.628089,N,-4.064029,W,654,0,61.157766
61,T,19/01/2020,10:30:49,Unknown,57.623901,N,-4.058439,W,644,0,61.730802
62,T,19/01/2020,10:31:02,Unknown,57.617761,N,-4.050338,W,644,0,62.567697
63,T,19/01/2020,10:31:14,Unknown,57.612042,N,-4.042784,W,631,0,63.347542
64,T,19/01/2020,10:31:27,Unknown,57.605781,N,-4.034674,W,636,0,64.195875
65,T,19/01/2020,10:31:40,Unknown,57.599637,N,-4.026606,W,640,0,65.032135
66,T,19/01/2020,10:31:52,Unknown,57.594001,N,-4.018745,W,629,0,65.815415
67,T,19/01/2020,10:34:22,Unknown,57.587143,N,-3.955314,W,466,0,69.676159
68,T,19/01/2020,10:34:27,Unknown,57.589603,N,-3.957415,W,465,0,69.977335
69,T,19/01/2020,10:34:35,Unknown,57.593328,N,-3.961548,W,460,0,70.459779
70,T,19/01/2020,10:34:46,Unknown,57.598362,N,-3.967498,W,451,0,71.123114
71,T,19/01/2020,10:34:56,Unknown,57.60318,N,-3.973068,W,443,0,71.754016
72,T,19/01/2020,10:35:08,Unknown,57.608969,N,-3.979585,W,448,0,72.506578
73,T,19/01/2020,10:35:22,Unknown,57.615481,N,-3.986807,W,450,0,73.349751
74,T,19/01/2020,10:35:34,Unknown,57.621077,N,-3.993105,W,448,0,74.077103
75,T,19/01/2020,10:35:45,Unknown,57.626045,N,-3.998842,W,447,0,74.727327
76,T,19/01/2020,10:35:58,Unknown,57.631989,N,-4.005694,W,456,0,75.504891
77,T,19/01/2020,10:36:13,Unknown,57.638651,N,-4.013879,W,456,0,76.39252
78,T,19/01/2020,10:36:27,Unknown,57.645001,N,-4.021382,W,459,0,77.228881
79,T,19/01/2020,10:36:39,Unknown,57.650436,N,-4.027594,W,467,0,77.938095
80,T,19/01/2020,10:38:43,Unknown,57.683801,N,-4.007087,W,461,0,81.847801
81,T,19/01/2020,10:38:53,Unknown,57.679171,N,-4.001146,W,461,0,82.47283
82,T,19/01/2020,10:39:04,Unknown,57.674283,N,-3.99501,W,462,0,83.128166
83,T,19/01/2020,10:39:18,Unknown,57.668118,N,-3.987678,W,456,0,83.941492
84,T,19/01/2020,10:39:32,Unknown,57.661936,N,-3.980051,W,463,0,84.766
85,T,19/01/2020,10:39:46,Unknown,57.656002,N,-3.972889,W,467,0,85.552299
86,T,19/01/2020,10:39:59,Unknown,57.650428,N,-3.966174,W,475,0,86.290519
87,T,19/01/2020,10:40:13,Unknown,57.644277,N,-3.959063,W,484,0,87.095683
88,T,19/01/2020,10:40:26,Unknown,57.638438,N,-3.952297,W,484,0,87.860533
89,T,19/01/2020,10:40:36,Unknown,57.633941,N,-3.94699,W,472,0,88.452662
90,T,19/01/2020,10:40:50,Unknown,57.627519,N,-3.939808,W,474,0,89.285896
91,T,19/01/2020,10:41:03,Unknown,57.621454,N,-3.933383,W,477,0,90.062105
92,T,19/01/2020,10:41:12,Unknown,57.617257,N,-3.929196,W,476,0,90.591819
93,T,19/01/2020,10:41:24,Unknown,57.611596,N,-3.922781,W,473,0,91.32899
94,T,19/01/2020,10:41:34,Unknown,57.606828,N,-3.917297,W,481,0,91.952415
95,T,19/01/2020,10:41:46,Unknown,57.601189,N,-3.910828,W,497,0,92.689237
96,T,19/01/2020,10:41:56,Unknown,57.596536,N,-3.905195,W,491,0,93.306649
97,T,19/01/2020,10:42:06,Unknown,57.591765,N,-3.900058,W,493,0,93.919829
98,T,19/01/2020,10:42:16,Unknown,57.586997,N,-3.894979,W,494,0,94.531012
99,T,19/01/2020,10:44:08,Unknown,57.597037,N,-3.847439,W,439,0,97.579563
100,T,19/01/2020,10:44:17,Unknown,57.601078,N,-3.852261,W,451,0,98.1135
101,T,19/01/2020,10:44:24,Unknown,57.604278,N,-3.855887,W,456,0,98.530237
102,T,19/01/2020,10:44:33,Unknown,57.608385,N,-3.860573,W,444,0,99.06607
103,T,19/01/2020,10:44:45,Unknown,57.613969,N,-3.866698,W,433,0,99.787037
104,T,19/01/2020,10:44:55,Unknown,57.618744,N,-3.87171,W,437,0,100.396826
105,T,19/01/2020,10:45:07,Unknown,57.624379,N,-3.877838,W,467,0,101.122725
106,T,19/01/2020,10:45:18,Unknown,57.629344,N,-3.883357,W,469,0,101.765916
107,T,19/01/2020,10:45:28,Unknown,57.633894,N,-3.888599,W,457,0,102.361016
108,T,19/01/2020,10:45:41,Unknown,57.639638,N,-3.895132,W,454,0,103.109611
109,T,19/01/2020,10:45:52,Unknown,57.644411,N,-3.900979,W,453,0,103.744953
110,T,19/01/2020,10:46:03,Unknown,57.649319,N,-3.906601,W,476,0,104.38579
111,T,19/01/2020,10:46:15,Unknown,57.654645,N,-3.912595,W,468,0,105.077877
112,T,19/01/2020,10:46:29,Unknown,57.660947,N,-3.919772,W,457,0,105.899353
113,T,19/01/2020,10:46:42,Unknown,57.666869,N,-3.926361,W,474,0,106.666503
114,T,19/01/2020,10:46:53,Unknown,57.671935,N,-3.93211,W,488,0,107.326178
115,T,19/01/2020,10:47:08,Unknown,57.678602,N,-3.940086,W,498,0,108.207212
116,T,19/01/2020,10:47:21,Unknown,57.68447,N,-3.947033,W,488,0,108.980282
117,T,19/01/2020,10:47:32,Unknown,57.689508,N,-3.952646,W,482,0,109.63303
118,T,19/01/2020,10:47:42,Unknown,57.693935,N,-3.957882,W,486,0,110.216057
119,T,19/01/2020,10:47:54,Unknown,57.699279,N,-3.964606,W,486,0,110.932922
120,T,19/01/2020,10:49:33,Unknown,57.723291,N,-3.936834,W,430,0,114.074942
121,T,19/01/2020,10:49:40,Unknown,57.720376,N,-3.932813,W,435,0,114.477974
122,T,19/01/2020,10:49:49,Unknown,57.71673,N,-3.927982,W,439,0,114.975189
123,T,19/01/2020,10:49:59,Unknown,57.712532,N,-3.922976,W,460,0,115.52926
124,T,19/01/2020,10:50:12,Unknown,57.707117,N,-3.916052,W,471,0,116.25926
125,T,19/01/2020,10:50:27,Unknown,57.700714,N,-3.90796,W,478,0,117.119316
126,T,19/01/2020,10:50:43,Unknown,57.693932,N,-3.89955,W,479,0,118.025002
127,T,19/01/2020,10:50:55,Unknown,57.688717,N,-3.893123,W,486,0,118.720162
128,T,19/01/2020,10:51:09,Unknown,57.682592,N,-3.885849,W,478,0,119.52779
129,T,19/01/2020,10:51:28,Unknown,57.673996,N,-3.875858,W,472,0,120.654411
130,T,19/01/2020,10:51:42,Unknown,57.667606,N,-3.868469,W,456,0,121.490766
131,T,19/01/2020,10:51:57,Unknown,57.660531,N,-3.860233,W,449,0,122.418546
132,T,19/01/2020,10:52:09,Unknown,57.654746,N,-3.85329,W,438,0,123.183839
133,T,19/01/2020,10:52:21,Unknown,57.649069,N,-3.847021,W,427,0,123.917876
134,T,19/01/2020,10:52:30,Unknown,57.644837,N,-3.842012,W,426,0,124.475521
135,T,19/01/2020,10:52:41,Unknown,57.6397,N,-3.835784,W,419,0,125.157206
136,T,19/01/2020,10:52:53,Unknown,57.634105,N,-3.829191,W,415,0,125.89359
137,T,19/01/2020,10:53:03,Unknown,57.629252,N,-3.823732,W,414,0,126.524223
138,T,19/01/2020,10:53:11,Unknown,57.625517,N,-3.819153,W,423,0,127.021573
139,T,19/01/2020,10:53:22,Unknown,57.620754,N,-3.813064,W,440,0,127.664127
140,T,19/01/2020,10:53:31,Unknown,57.616764,N,-3.808377,W,443,0,128.188871
141,T,19/01/2020,10:53:41,Unknown,57.612054,N,-3.803522,W,443,0,128.787792
142,T,19/01/2020,10:55:31,Unknown,57.626779,N,-3.764593,W,438,0,131.629094
143,T,19/01/2020,10:55:39,Unknown,57.630809,N,-3.768281,W,452,0,132.128667
144,T,19/01/2020,10:55:48,Unknown,57.63498,N,-3.772739,W,461,0,132.663616
145,T,19/01/2020,10:55:59,Unknown,57.640202,N,-3.778594,W,454,0,133.341581
146,T,19/01/2020,10:56:12,Unknown,57.646236,N,-3.785223,W,452,0,134.120781
147,T,19/01/2020,10:56:23,Unknown,57.651203,N,-3.791035,W,441,0,134.773153
148,T,19/01/2020,10:56:33,Unknown,57.655681,N,-3.7963,W,431,0,135.362076
149,T,19/01/2020,10:56:45,Unknown,57.661098,N,-3.802659,W,411,0,136.07414
150,T,19/01/2020,10:56:56,Unknown,57.666314,N,-3.808295,W,430,0,136.744782
151,T,19/01/2020,10:57:06,Unknown,57.670886,N,-3.813731,W,441,0,137.347917
152,T,19/01/2020,10:57:17,Unknown,57.675954,N,-3.819689,W,447,0,138.014308
153,T,19/01/2020,10:57:28,Unknown,57.681183,N,-3.825551,W,453,0,138.692949
154,T,19/01/2020,10:57:40,Unknown,57.686839,N,-3.832049,W,448,0,139.431842
155,T,19/01/2020,10:57:53,Unknown,57.693079,N,-3.839446,W,462,0,140.254171
156,T,19/01/2020,10:58:06,Unknown,57.699336,N,-3.846641,W,461,0,141.071704
157,T,19/01/2020,10:58:21,Unknown,57.706695,N,-3.854871,W,475,0,142.026012
158,T,19/01/2020,10:58:34,Unknown,57.712906,N,-3.861956,W,452,0,142.835679
159,T,19/01/2020,10:58:49,Unknown,57.720011,N,-3.870079,W,439,0,143.762404
160,T,19/01/2020,10:59:04,Unknown,57.7272,N,-3.878183,W,433,0,144.696488
161,T,19/01/2020,10:59:17,Unknown,57.733366,N,-3.885508,W,444,0,145.509313
162,T,19/01/2020,10:59:30,Unknown,57.739491,N,-3.893083,W,428,0,146.326329
163,T,19/01/2020,10:59:41,Unknown,57.744712,N,-3.899391,W,429,0,147.017894
164,T,19/01/2020,10:59:53,Unknown,57.75064,N,-3.906019,W,454,0,147.786336
165,T,19/01/2020,11:00:04,Unknown,57.756056,N,-3.912001,W,470,0,148.486147
166,T,19/01/2020,11:00:14,Unknown,57.760692,N,-3.917273,W,470,0,149.089773
167,T,19/01/2020,11:00:25,Unknown,57.766017,N,-3.923191,W,458,0,149.778879
168,T,19/01/2020,11:00:39,Unknown,57.772887,N,-3.931138,W,445,0,150.677477
169,T,19/01/2020,11:00:52,Unknown,57.779267,N,-3.938901,W,448,0,151.524084
170,T,19/01/2020,11:01:04,Unknown,57.784983,N,-3.945642,W,450,0,152.275713
171,T,19/01/2020,11:01:17,Unknown,57.791375,N,-3.952394,W,456,0,153.092307
172,T,19/01/2020,11:01:28,Unknown,57.796561,N,-3.958142,W,439,0,153.762808
173,T,19/01/2020,11:01:38,Unknown,57.801203,N,-3.963849,W,419,0,154.380587
174,T,19/01/2020,11:01:51,Unknown,57.807425,N,-3.971037,W,439,0,155.19391
175,T,19/01/2020,11:02:02,Unknown,57.812254,N,-3.97712,W,445,0,155.841293
176,T,19/01/2020,11:02:11,Unknown,57.816325,N,-3.982331,W,461,0,156.389789
177,T,19/01/2020,11:02:24,Unknown,57.822607,N,-3.989291,W,466,0,157.201764
178,T,19/01/2020,11:02:37,Unknown,57.828764,N,-3.996598,W,469,0,158.012552
179,T,19/01/2020,11:02:51,Unknown,57.83555,N,-4.0049,W,469,0,158.914076
180,T,19/01/2020,11:03:01,Unknown,57.840296,N,-4.010403,W,465,0,159.53493
181,T,19/01/2020,11:03:14,Unknown,57.84677,N,-4.017558,W,447,0,160.371049
182,T,19/01/2020,11:03:25,Unknown,57.852244,N,-4.023451,W,434,0,161.073326
183,T,19/01/2020,11:03:38,Unknown,57.858599,N,-4.030446,W,424,0,161.89315
184,T,19/01/2020,11:03:47,Unknown,57.862819,N,-4.035314,W,433,0,162.444314
185,T,19/01/2020,11:05:55,Unknown,57.889419,N,-4.013263,W,458,0,165.680349
186,T,19/01/2020,11:06:04,Unknown,57.885324,N,-4.00752,W,455,0,166.248949
187,T,19/01/2020,11:06:13,Unknown,57.881068,N,-4.002388,W,461,0,166.81172
188,T,19/01/2020,11:06:27,Unknown,57.874421,N,-3.994134,W,467,0,167.698407
189,T,19/01/2020,11:06:40,Unknown,57.868451,N,-3.986209,W,473,0,168.511905
190,T,19/01/2020,11:06:51,Unknown,57.863252,N,-3.979276,W,475,0,169.221466
191,T,19/01/2020,11:07:06,Unknown,57.856049,N,-3.970556,W,469,0,170.175205
192,T,19/01/2020,11:07:21,Unknown,57.848864,N,-3.961462,W,471,0,171.139509
193,T,19/01/2020,11:07:33,Unknown,57.84336,N,-3.954413,W,477,0,171.881001
194,T,19/01/2020,11:07:45,Unknown,57.837905,N,-3.947409,W,474,0,172.616509
195,T,19/01/2020,11:07:57,Unknown,57.832285,N,-3.940611,W,466,0,173.360622
196,T,19/01/2020,11:08:09,Unknown,57.826758,N,-3.933462,W,448,0,174.107671
197,T,19/01/2020,11:08:25,Unknown,57.819394,N,-3.924184,W,453,0,175.094848
198,T,19/01/2020,11:08:37,Unknown,57.813993,N,-3.917517,W,457,0,175.814401
199,T,19/01/2020,11:08:51,Unknown,57.807678,N,-3.909902,W,457,0,176.649931
200,T,19/01/2020,11:09:01,Unknown,57.802921,N,-3.904607,W,450,0,177.265598
201,T,19/01/2020,11:09:15,Unknown,57.796648,N,-3.897002,W,458,0,178.096953
202,T,19/01/2020,11:09:29,Unknown,57.790451,N,-3.889466,W,456,0,178.919022
203,T,19/01/2020,11:09:40,Unknown,57.785399,N,-3.883656,W,453,0,179.578666
204,T,19/01/2020,11:09:52,Unknown,57.780036,N,-3.877577,W,450,0,180.276215
205,T,19/01/2020,11:10:05,Unknown,57.774138,N,-3.870645,W,450,0,181.051056
206,T,19/01/2020,11:10:19,Unknown,57.767712,N,-3.863281,W,450,0,181.889416
207,T,19/01/2020,11:10:33,Unknown,57.761263,N,-3.85592,W,458,0,182.729901
208,T,19/01/2020,11:10:46,Unknown,57.755314,N,-3.849553,W,473,0,183.492485
209,T,19/01/2020,11:11:01,Unknown,57.748846,N,-3.841979,W,474,0,184.341499
210,T,19/01/2020,11:11:14,Unknown,57.743161,N,-3.835363,W,473,0,185.086466
211,T,19/01/2020,11:11:26,Unknown,57.7376,N,-3.829255,W,466,0,185.804059
212,T,19/01/2020,11:11:39,Unknown,57.731593,N,-3.822823,W,463,0,186.57429
213,T,19/01/2020,11:11:51,Unknown,57.726105,N,-3.816307,W,493,0,187.297624
214,T,19/01/2020,11:12:01,Unknown,57.721854,N,-3.811337,W,525,0,187.855499
215,T,19/01/2020,11:12:15,Unknown,57.71594,N,-3.804603,W,545,0,188.626021
216,T,19/01/2020,11:12:31,Unknown,57.709222,N,-3.796893,W,550,0,189.503202
217,T,19/01/2020,11:12:45,Unknown,57.703285,N,-3.790239,W,565,0,190.273534
218,T,19/01/2020,11:12:58,Unknown,57.697842,N,-3.784018,W,584,0,190.983504
219,T,19/01/2020,11:13:12,Unknown,57.691783,N,-3.777399,W,581,0,191.764527
220,T,19/01/2020,11:13:29,Unknown,57.684229,N,-3.769272,W,580,0,192.734568
221,T,19/01/2020,11:13:40,Unknown,57.679307,N,-3.763533,W,582,0,193.380214
222,T,19/01/2020,11:13:55,Unknown,57.672697,N,-3.755173,W,588,0,194.268507
223,T,19/01/2020,11:14:08,Unknown,57.666815,N,-3.748112,W,584,0,195.046611
224,T,19/01/2020,11:14:23,Unknown,57.659896,N,-3.739995,W,587,0,195.955918
225,T,19/01/2020,11:14:38,Unknown,57.65268,N,-3.732362,W,585,0,196.878906
226,T,19/01/2020,11:14:52,Unknown,57.646013,N,-3.72537,W,578,0,197.729948
227,T,19/01/2020,11:16:35,Unknown,57.659811,N,-3.684528,W,553,0,200.606884
228,T,19/01/2020,11:16:43,Unknown,57.663481,N,-3.688367,W,563,0,201.075036
229,T,19/01/2020,11:16:54,Unknown,57.668144,N,-3.69333,W,574,0,201.672337
230,T,19/01/2020,11:17:06,Unknown,57.673142,N,-3.69909,W,574,0,202.325891
231,T,19/01/2020,11:17:18,Unknown,57.678452,N,-3.705347,W,573,0,203.024547
232,T,19/01/2020,11:17:30,Unknown,57.683874,N,-3.711582,W,575,0,203.733065
233,T,19/01/2020,11:17:44,Unknown,57.690512,N,-3.7193,W,582,0,204.603097
234,T,19/01/2020,11:17:57,Unknown,57.696727,N,-3.726443,W,587,0,205.415037
235,T,19/01/2020,11:18:14,Unknown,57.705199,N,-3.735863,W,587,0,206.512032
236,T,19/01/2020,11:18:31,Unknown,57.713532,N,-3.745323,W,578,0,207.59692
237,T,19/01/2020,11:18:49,Unknown,57.722448,N,-3.755462,W,587,0,208.758161
238,T,19/01/2020,11:19:02,Unknown,57.728842,N,-3.76292,W,573,0,209.596701
239,T,19/01/2020,11:19:20,Unknown,57.737746,N,-3.7733,W,554,0,210.764173
240,T,19/01/2020,11:19:37,Unknown,57.745984,N,-3.783032,W,544,0,211.848299
241,T,19/01/2020,11:19:49,Unknown,57.751725,N,-3.789438,W,554,0,212.5921
242,T,19/01/2020,11:20:04,Unknown,57.758792,N,-3.797539,W,553,0,213.514268
243,T,19/01/2020,11:20:17,Unknown,57.764841,N,-3.804453,W,551,0,214.302932
244,T,19/01/2020,11:20:30,Unknown,57.770773,N,-3.811257,W,544,0,215.077049
245,T,19/01/2020,11:20:44,Unknown,57.777256,N,-3.818853,W,543,0,215.92802
246,T,19/01/2020,11:20:58,Unknown,57.783624,N,-3.826256,W,549,0,216.762026
247,T,19/01/2020,11:21:11,Unknown,57.78963,N,-3.833019,W,547,0,217.541811
248,T,19/01/2020,11:21:25,Unknown,57.796103,N,-3.840374,W,547,0,218.384218
249,T,19/01/2020,11:21:41,Unknown,57.803476,N,-3.848646,W,555,0,219.34048
250,T,19/01/2020,11:21:55,Unknown,57.809905,N,-3.855954,W,552,0,220.177169
251,T,19/01/2020,11:22:07,Unknown,57.81542,N,-3.862284,W,548,0,220.89675
252,T,19/01/2020,11:22:25,Unknown,57.82379,N,-3.872087,W,538,0,221.994898
253,T,19/01/2020,11:22:36,Unknown,57.828976,N,-3.878191,W,539,0,222.676214
254,T,19/01/2020,11:22:50,Unknown,57.835499,N,-3.886218,W,555,0,223.544318
255,T,19/01/2020,11:23:03,Unknown,57.841625,N,-3.893289,W,568,0,224.344697
256,T,19/01/2020,11:23:17,Unknown,57.848173,N,-3.900987,W,567,0,225.204541
257,T,19/01/2020,11:23:31,Unknown,57.8548,N,-3.908532,W,567,0,226.067073
258,T,19/01/2020,11:23:45,Unknown,57.861286,N,-3.916114,W,569,0,226.917335
259,T,19/01/2020,11:24:00,Unknown,57.868171,N,-3.924293,W,571,0,227.82396
260,T,19/01/2020,11:24:14,Unknown,57.874478,N,-3.931961,W,576,0,228.660028
261,T,19/01/2020,11:24:23,Unknown,57.878555,N,-3.936845,W,571,0,229.198138
262,T,19/01/2020,11:24:38,Unknown,57.885243,N,-3.944994,W,569,0,230.085213
263,T,19/01/2020,11:24:49,Unknown,57.890185,N,-3.951096,W,560,0,230.743265
264,T,19/01/2020,11:25:02,Unknown,57.896298,N,-3.958253,W,561,0,231.544757
265,T,19/01/2020,11:25:15,Unknown,57.902101,N,-3.96513,W,562,0,232.308176
266,T,19/01/2020,11:25:27,Unknown,57.907524,N,-3.971533,W,564,0,233.02082
267,T,19/01/2020,11:25:43,Unknown,57.914739,N,-3.980222,W,572,0,233.974292
268,T,19/01/2020,11:25:55,Unknown,57.920041,N,-3.986765,W,570,0,234.679994
269,T,19/01/2020,11:26:08,Unknown,57.926283,N,-3.993491,W,567,0,235.480573
270,T,19/01/2020,11:26:20,Unknown,57.931907,N,-3.999517,W,556,0,236.200862
271,T,19/01/2020,11:28:31,Unknown,57.967938,N,-3.979575,W,561,0,240.381236
272,T,19/01/2020,11:28:43,Unknown,57.962228,N,-3.972714,W,572,0,241.135
273,T,19/01/2020,11:28:56,Unknown,57.955897,N,-3.965288,W,579,0,241.965078
274,T,19/01/2020,11:29:12,Unknown,57.947884,N,-3.956111,W,582,0,243.008881
275,T,19/01/2020,11:29:27,Unknown,57.940176,N,-3.947265,W,583,0,244.013574
276,T,19/01/2020,11:29:42,Unknown,57.932406,N,-3.938491,W,570,0,245.022035
277,T,19/01/2020,11:29:56,Unknown,57.925082,N,-3.930367,W,575,0,245.968234
278,T,19/01/2020,11:30:10,Unknown,57.917715,N,-3.922185,W,575,0,246.920355
279,T,19/01/2020,11:30:23,Unknown,57.911164,N,-3.914635,W,579,0,247.775416
280,T,19/01/2020,11:30:39,Unknown,57.90286,N,-3.904895,W,567,0,248.86461
281,T,19/01/2020,11:30:53,Unknown,57.895722,N,-3.896223,W,568,0,249.810423
282,T,19/01/2020,11:31:09,Unknown,57.887673,N,-3.886232,W,563,0,250.883872
283,T,19/01/2020,11:31:24,Unknown,57.880152,N,-3.877334,W,562,0,251.872946
284,T,19/01/2020,11:31:39,Unknown,57.872513,N,-3.86851,W,554,0,252.870922
285,T,19/01/2020,11:31:54,Unknown,57.865278,N,-3.859907,W,551,0,253.823867
286,T,19/01/2020,11:32:08,Unknown,57.858421,N,-3.851593,W,549,0,254.732188
287,T,19/01/2020,11:32:19,Unknown,57.853168,N,-3.84493,W,549,0,255.437654
288,T,19/01/2020,11:32:30,Unknown,57.847893,N,-3.838784,W,545,0,256.128566
289,T,19/01/2020,11:32:42,Unknown,57.842215,N,-3.832136,W,553,0,256.87331
290,T,19/01/2020,11:32:58,Unknown,57.834703,N,-3.823337,W,568,0,257.858775
291,T,19/01/2020,11:33:11,Unknown,57.828583,N,-3.816159,W,563,0,258.661966
292,T,19/01/2020,11:33:24,Unknown,57.822377,N,-3.80898,W,558,0,259.473369
293,T,19/01/2020,11:33:38,Unknown,57.815615,N,-3.801143,W,556,0,260.357961
294,T,19/01/2020,11:33:48,Unknown,57.81073,N,-3.795906,W,554,0,260.984184
295,T,19/01/2020,11:33:56,Unknown,57.806856,N,-3.79136,W,554,0,261.492768
296,T,19/01/2020,11:34:09,Unknown,57.800666,N,-3.784076,W,546,0,262.306081
297,T,19/01/2020,11:34:21,Unknown,57.794883,N,-3.777274,W,537,0,263.065854
298,T,19/01/2020,11:34:30,Unknown,57.790551,N,-3.772615,W,548,0,263.6217
299,T,19/01/2020,11:34:43,Unknown,57.784441,N,-3.765611,W,547,0,264.418793
300,T,19/01/2020,11:34:57,Unknown,57.77776,N,-3.757942,W,553,0,265.29074
301,T,19/01/2020,11:35:07,Unknown,57.773081,N,-3.752704,W,558,0,265.897351
302,T,19/01/2020,11:35:19,Unknown,57.767528,N,-3.746354,W,555,0,266.621397
303,T,19/01/2020,11:35:32,Unknown,57.761319,N,-3.739266,W,553,0,267.430632
304,T,19/01/2020,11:35:45,Unknown,57.755154,N,-3.732251,W,562,0,268.233467
305,T,19/01/2020,11:36:00,Unknown,57.74824,N,-3.723953,W,581,0,269.147434
306,T,19/01/2020,11:36:12,Unknown,57.742763,N,-3.717484,W,582,0,269.868147
307,T,19/01/2020,11:36:26,Unknown,57.736232,N,-3.710171,W,568,0,270.715136
308,T,19/01/2020,11:36:43,Unknown,57.728259,N,-3.701303,W,590,0,271.747365
309,T,19/01/2020,11:36:58,Unknown,57.721273,N,-3.693286,W,579,0,272.659444
310,T,19/01/2020,11:37:12,Unknown,57.714666,N,-3.685587,W,568,0,273.525741
311,T,19/01/2020,11:37:25,Unknown,57.708595,N,-3.678567,W,566,0,274.320092
312,T,19/01/2020,11:37:38,Unknown,57.702618,N,-3.672004,W,562,0,275.09149
313,T,19/01/2020,11:37:52,Unknown,57.69597,N,-3.664705,W,543,0,275.949506
314,T,19/01/2020,11:38:04,Unknown,57.690554,N,-3.658399,W,550,0,276.659612
315,T,19/01/2020,11:38:16,Unknown,57.685198,N,-3.651756,W,559,0,277.374972
316,T,19/01/2020,11:38:29,Unknown,57.679483,N,-3.644867,W,542,0,278.131827
317,T,19/01/2020,11:38:39,Unknown,57.674965,N,-3.639393,W,529,0,278.731076
318,T,19/01/2020,11:38:50,Unknown,57.669945,N,-3.633708,W,534,0,279.384388
319,T,19/01/2020,11:39:00,Unknown,57.665501,N,-3.628899,W,547,0,279.955971
320,T,19/01/2020,11:39:07,Unknown,57.662449,N,-3.624908,W,549,0,280.370579
321,T,19/01/2020,11:40:57,Unknown,57.659009,N,-3.563374,W,563,0,284.054779
322,T,19/01/2020,11:41:09,Unknown,57.664702,N,-3.56976,W,563,0,284.793851
323,T,19/01/2020,11:41:19,Unknown,57.669148,N,-3.575183,W,563,0,285.384785
324,T,19/01/2020,11:41:31,Unknown,57.674582,N,-3.582042,W,554,0,286.114604
325,T,19/01/2020,11:41:38,Unknown,57.677864,N,-3.585828,W,554,0,286.543866
326,T,19/01/2020,11:41:49,Unknown,57.682915,N,-3.591507,W,572,0,287.199912
327,T,19/01/2020,11:42:00,Unknown,57.687724,N,-3.597452,W,578,0,287.841575
328,T,19/01/2020,11:42:14,Unknown,57.693683,N,-3.604579,W,585,0,288.628889
329,T,19/01/2020,11:42:28,Unknown,57.699923,N,-3.611716,W,593,0,289.442998
330,T,19/01/2020,11:42:40,Unknown,57.705099,N,-3.61773,W,598,0,290.121195
331,T,19/01/2020,11:42:55,Unknown,57.711783,N,-3.625443,W,589,0,290.995278
332,T,19/01/2020,11:43:11,Unknown,57.718965,N,-3.633396,W,572,0,291.924154
333,T,19/01/2020,11:43:25,Unknown,57.725356,N,-3.640782,W,563,0,292.760184
334,T,19/01/2020,11:43:40,Unknown,57.731997,N,-3.648727,W,555,0,293.637406
335,T,19/01/2020,11:43:57,Unknown,57.739344,N,-3.657638,W,557,0,294.611731
336,T,19/01/2020,11:44:13,Unknown,57.746378,N,-3.665868,W,575,0,295.534888
337,T,19/01/2020,11:44:27,Unknown,57.752515,N,-3.672955,W,582,0,296.337349
338,T,19/01/2020,11:44:40,Unknown,57.758294,N,-3.679615,W,578,0,297.092543
339,T,19/01/2020,11:44:51,Unknown,57.76319,N,-3.685427,W,578,0,297.737658
340,T,19/01/2020,11:45:05,Unknown,57.769496,N,-3.692593,W,579,0,298.558512
341,T,19/01/2020,11:45:18,Unknown,57.775392,N,-3.699489,W,580,0,299.332059
342,T,19/01/2020,11:45:30,Unknown,57.780926,N,-3.705609,W,579,0,300.04723
343,T,19/01/2020,11:45:43,Unknown,57.787103,N,-3.712333,W,572,0,300.842247
344,T,19/01/2020,11:45:55,Unknown,57.792661,N,-3.718899,W,561,0,301.573411
345,T,19/01/2020,11:46:09,Unknown,57.799095,N,-3.72655,W,562,0,302.421353
346,T,19/01/2020,11:46:22,Unknown,57.805145,N,-3.733373,W,559,0,303.20709
347,T,19/01/2020,11:46:34,Unknown,57.81064,N,-3.739786,W,553,0,303.927382
348,T,19/01/2020,11:46:47,Unknown,57.816623,N,-3.746959,W,537,0,304.717635
349,T,19/01/2020,11:46:59,Unknown,57.822007,N,-3.753492,W,550,0,305.431246
350,T,19/01/2020,11:47:11,Unknown,57.827489,N,-3.759784,W,573,0,306.146457
351,T,19/01/2020,11:47:24,Unknown,57.833498,N,-3.766736,W,575,0,306.932096
352,T,19/01/2020,11:47:36,Unknown,57.839044,N,-3.773023,W,586,0,307.653177
353,T,19/01/2020,11:47:48,Unknown,57.844456,N,-3.779116,W,579,0,308.355526
354,T,19/01/2020,11:48:01,Unknown,57.850306,N,-3.786202,W,584,0,309.130318
355,T,19/01/2020,11:48:14,Unknown,57.856073,N,-3.793328,W,568,0,309.898627
356,T,19/01/2020,11:48:27,Unknown,57.862166,N,-3.800617,W,563,0,310.702615
357,T,19/01/2020,11:48:40,Unknown,57.868308,N,-3.808038,W,554,0,311.515359
358,T,19/01/2020,11:48:52,Unknown,57.874123,N,-3.814635,W,557,0,312.271378
359,T,19/01/2020,11:49:03,Unknown,57.879294,N,-3.820647,W,565,0,312.948138
360,T,19/01/2020,11:49:17,Unknown,57.885854,N,-3.828332,W,575,0,313.808447
361,T,19/01/2020,11:49:30,Unknown,57.891933,N,-3.835587,W,575,0,314.609849
362,T,19/01/2020,11:49:44,Unknown,57.898692,N,-3.843144,W,582,0,315.48507
363,T,19/01/2020,11:49:58,Unknown,57.905579,N,-3.850482,W,580,0,316.366073
364,T,19/01/2020,11:50:10,Unknown,57.911381,N,-3.857201,W,573,0,317.124391
365,T,19/01/2020,11:50:21,Unknown,57.916408,N,-3.863199,W,572,0,317.786929
366,T,19/01/2020,11:50:31,Unknown,57.921176,N,-3.868607,W,557,0,318.406565
367,T,19/01/2020,11:50:45,Unknown,57.927945,N,-3.87618,W,550,0,319.283047
368,T,19/01/2020,11:50:59,Unknown,57.934485,N,-3.883767,W,560,0,320.138092
369,T,19/01/2020,11:51:12,Unknown,57.940535,N,-3.890621,W,562,0,320.923982
370,T,19/01/2020,11:51:25,Unknown,57.946597,N,-3.897196,W,562,0,321.702631
371,T,19/01/2020,11:51:38,Unknown,57.952487,N,-3.904197,W,556,0,322.477838
372,T,19/01/2020,11:51:51,Unknown,57.958431,N,-3.911665,W,541,0,323.273064
373,T,19/01/2020,11:52:02,Unknown,57.963475,N,-3.917729,W,549,0,323.939035
374,T,19/01/2020,11:52:13,Unknown,57.968318,N,-3.923527,W,553,0,324.577667
375,T,19/01/2020,11:52:23,Unknown,57.972892,N,-3.928567,W,546,0,325.167413
376,T,19/01/2020,11:52:34,Unknown,57.978208,N,-3.933636,W,547,0,325.830541
377,T,19/01/2020,11:52:44,Unknown,57.983008,N,-3.937667,W,553,0,326.415448
378,T,19/01/2020,11:54:47,Unknown,57.989054,N,-3.885481,W,578,0,329.567802
379,T,19/01/2020,11:55:00,Unknown,57.982679,N,-3.877822,W,586,0,330.40917
380,T,19/01/2020,11:55:12,Unknown,57.976678,N,-3.870559,W,601,0,331.202921
381,T,19/01/2020,11:55:22,Unknown,57.97152,N,-3.864684,W,588,0,331.87372
382,T,19/01/2020,11:55:35,Unknown,57.964669,N,-3.857051,W,588,0,332.759579
383,T,19/01/2020,11:55:46,Unknown,57.958694,N,-3.850397,W,578,0,333.532114
384,T,19/01/2020,11:55:58,Unknown,57.952574,N,-3.842868,W,588,0,334.345675
385,T,19/01/2020,11:56:10,Unknown,57.946183,N,-3.835601,W,573,0,335.176606
386,T,19/01/2020,11:56:24,Unknown,57.938709,N,-3.827177,W,575,0,336.146121
387,T,19/01/2020,11:56:37,Unknown,57.931726,N,-3.819283,W,574,0,337.052703
388,T,19/01/2020,11:56:50,Unknown,57.924909,N,-3.81164,W,578,0,337.93586
389,T,19/01/2020,11:57:03,Unknown,57.918136,N,-3.803693,W,583,0,338.82423
390,T,19/01/2020,11:57:16,Unknown,57.911465,N,-3.795595,W,567,0,339.707836
391,T,19/01/2020,11:57:29,Unknown,57.904897,N,-3.787608,W,555,0,340.578301
392,T,19/01/2020,11:57:39,Unknown,57.899998,N,-3.781291,W,558,0,341.239382
393,T,19/01/2020,11:57:51,Unknown,57.894227,N,-3.774094,W,563,0,342.010095
394,T,19/01/2020,11:58:05,Unknown,57.887373,N,-3.765996,W,549,0,342.911057
395,T,19/01/2020,11:58:18,Unknown,57.881089,N,-3.758424,W,550,0,343.741811
396,T,19/01/2020,11:58:31,Unknown,57.874929,N,-3.751007,W,549,0,344.556038
397,T,19/01/2020,11:58:42,Unknown,57.869628,N,-3.74509,W,545,0,345.242277
398,T,19/01/2020,11:58:56,Unknown,57.863015,N,-3.737188,W,566,0,346.114534
399,T,19/01/2020,11:59:10,Unknown,57.856552,N,-3.729276,W,559,0,346.973122
400,T,19/01/2020,11:59:21,Unknown,57.851539,N,-3.72261,W,574,0,347.656718
401,T,19/01/2020,11:59:30,Unknown,57.847355,N,-3.717633,W,573,0,348.207958
402,T,19/01/2020,11:59:41,Unknown,57.842248,N,-3.711736,W,574,0,348.875231
403,T,19/01/2020,11:59:53,Unknown,57.836711,N,-3.705207,W,576,0,349.602961
404,T,19/01/2020,12:00:03,Unknown,57.831939,N,-3.700157,W,565,0,350.212686
405,T,19/01/2020,12:00:14,Unknown,57.826663,N,-3.694242,W,562,0,350.896688
406,T,19/01/2020,12:00:28,Unknown,57.819747,N,-3.68664,W,554,0,351.788774
407,T,19/01/2020,12:00:42,Unknown,57.813067,N,-3.679079,W,565,0,352.657069
408,T,19/01/2020,12:00:53,Unknown,57.807859,N,-3.672738,W,575,0,353.348095
409,T,19/01/2020,12:01:05,Unknown,57.802245,N,-3.666344,W,568,0,354.07911
410,T,19/01/2020,12:01:18,Unknown,57.795993,N,-3.658967,W,569,0,354.901225
411,T,19/01/2020,12:01:31,Unknown,57.78966,N,-3.651833,W,570,0,355.723519
412,T,19/01/2020,12:01:44,Unknown,57.783343,N,-3.645037,W,582,0,356.534154
413,T,19/01/2020,12:01:57,Unknown,57.777157,N,-3.638116,W,587,0,357.335987
414,T,19/01/2020,12:02:08,Unknown,57.772053,N,-3.632532,W,594,0,357.993784
415,T,19/01/2020,12:02:24,Unknown,57.764626,N,-3.6238,W,579,0,358.969657
416,T,19/01/2020,12:02:35,Unknown,57.759482,N,-3.617556,W,571,0,359.651843
417,T,19/01/2020,12:02:46,Unknown,57.754341,N,-3.611425,W,573,0,360.330155
418,T,19/01/2020,12:03:00,Unknown,57.747843,N,-3.603856,W,567,0,361.181847
419,T,19/01/2020,12:03:12,Unknown,57.742234,N,-3.597244,W,552,0,361.919525
420,T,19/01/2020,12:03:24,Unknown,57.736614,N,-3.590605,W,544,0,362.659128
421,T,19/01/2020,12:03:41,Unknown,57.72874,N,-3.581156,W,533,0,363.700117
422,T,19/01/2020,12:03:55,Unknown,57.7222,N,-3.573735,W,534,0,364.551357
423,T,19/01/2020,12:04:06,Unknown,57.717245,N,-3.56816,W,560,0,365.194861
424,T,19/01/2020,12:04:18,Unknown,57.712115,N,-3.561941,W,563,0,365.875204
425,T,19/01/2020,12:04:28,Unknown,57.707624,N,-3.556595,W,562,0,366.467654
426,T,19/01/2020,12:04:39,Unknown,57.702626,N,-3.550643,W,569,0,367.127103
427,T,19/01/2020,12:04:52,Unknown,57.696586,N,-3.543611,W,574,0,367.918968
428,T,19/01/2020,12:05:03,Unknown,57.691514,N,-3.537538,W,570,0,368.589286
429,T,19/01/2020,12:05:12,Unknown,57.687401,N,-3.532843,W,577,0,369.125637
430,T,19/01/2020,12:05:27,Unknown,57.68027,N,-3.525174,W,578,0,370.041298
431,T,19/01/2020,12:05:38,Unknown,57.674942,N,-3.519663,W,576,0,370.719075
432,T,19/01/2020,12:05:46,Unknown,57.670879,N,-3.515815,W,574,0,371.22606
433,T,19/01/2020,12:05:51,Unknown,57.668479,N,-3.514365,W,583,0,371.506825
434,T,19/01/2020,09:45:33,Unknown,57.699465,N,-3.492267,W,511,0,375.198348
435,T,19/01/2020,09:45:47,Unknown,57.705514,N,-3.49907,W,497,0,375.983942
436,T,19/01/2020,09:45:59,Unknown,57.71057,N,-3.504712,W,508,0,376.639204
437,T,19/01/2020,09:46:12,Unknown,57.715781,N,-3.510656,W,529,0,377.31848
438,T,19/01/2020,09:46:26,Unknown,57.721462,N,-3.517197,W,523,0,378.060887
439,T,19/01/2020,09:46:42,Unknown,57.728181,N,-3.525101,W,521,0,378.944169
440,T,19/01/2020,09:46:56,Unknown,57.734117,N,-3.531955,W,525,0,379.720427
441,T,19/01/2020,09:47:11,Unknown,57.740651,N,-3.539192,W,526,0,380.565409
442,T,19/01/2020,09:47:26,Unknown,57.747069,N,-3.546677,W,525,0,381.406955
443,T,19/01/2020,09:47:41,Unknown,57.753482,N,-3.554072,W,528,0,382.245168
444,T,19/01/2020,09:47:56,Unknown,57.759928,N,-3.561611,W,524,0,383.090967
445,T,19/01/2020,09:48:09,Unknown,57.765632,N,-3.568069,W,529,0,383.832746
446,T,19/01/2020,09:48:23,Unknown,57.771708,N,-3.575127,W,524,0,384.628416
447,T,19/01/2020,09:48:37,Unknown,57.777806,N,-3.582081,W,522,0,385.4229
448,T,19/01/2020,09:48:52,Unknown,57.784363,N,-3.589517,W,526,0,386.27587
449,T,19/01/2020,09:49:07,Unknown,57.790787,N,-3.596841,W,537,0,387.112692
450,T,19/01/2020,09:49:23,Unknown,57.797597,N,-3.604663,W,526,0,388.001539
451,T,19/01/2020,09:49:40,Unknown,57.804859,N,-3.613258,W,534,0,388.957281
452,T,19/01/2020,09:49:56,Unknown,57.811627,N,-3.621309,W,533,0,389.849253
453,T,19/01/2020,09:50:09,Unknown,57.817315,N,-3.627863,W,526,0,390.592184
454,T,19/01/2020,09:50:22,Unknown,57.823252,N,-3.634746,W,516,0,391.368916
455,T,19/01/2020,09:50:35,Unknown,57.829223,N,-3.641515,W,520,0,392.145322
456,T,19/01/2020,09:50:50,Unknown,57.83606,N,-3.649398,W,515,0,393.038371
457,T,19/01/2020,09:51:06,Unknown,57.843428,N,-3.658005,W,517,0,394.004207
458,T,19/01/2020,09:51:20,Unknown,57.849681,N,-3.665325,W,524,0,394.82432
459,T,19/01/2020,09:51:32,Unknown,57.855162,N,-3.671608,W,519,0,395.539009
460,T,19/01/2020,09:51:47,Unknown,57.86214,N,-3.679627,W,517,0,396.449462
461,T,19/01/2020,09:52:02,Unknown,57.869126,N,-3.687621,W,510,0,397.359869
462,T,19/01/2020,09:52:14,Unknown,57.874693,N,-3.694187,W,514,0,398.091409
463,T,19/01/2020,09:52:27,Unknown,57.880665,N,-3.701086,W,521,0,398.871608
464,T,19/01/2020,09:52:42,Unknown,57.8875,N,-3.708847,W,516,0,399.760362
465,T,19/01/2020,09:52:58,Unknown,57.89472,N,-3.717596,W,511,0,400.716378
466,T,19/01/2020,09:53:11,Unknown,57.90071,N,-3.724414,W,510,0,401.495678
467,T,19/01/2020,09:53:30,Unknown,57.909405,N,-3.734286,W,511,0,402.626084
468,T,19/01/2020,09:53:44,Unknown,57.915848,N,-3.741711,W,511,0,403.46704
469,T,19/01/2020,09:53:59,Unknown,57.922814,N,-3.749674,W,514,0,404.374215
470,T,19/01/2020,09:54:15,Unknown,57.930146,N,-3.758223,W,522,0,405.334194
471,T,19/01/2020,09:54:30,Unknown,57.937037,N,-3.766285,W,513,0,406.237216
472,T,19/01/2020,09:54:44,Unknown,57.943553,N,-3.773799,W,511,0,407.087673
473,T,19/01/2020,09:54:57,Unknown,57.949569,N,-3.780618,W,516,0,407.869205
474,T,19/01/2020,09:55:13,Unknown,57.956939,N,-3.78874,W,509,0,408.819604
475,T,19/01/2020,09:55:26,Unknown,57.962796,N,-3.795532,W,511,0,409.5851
476,T,19/01/2020,09:55:41,Unknown,57.969357,N,-3.803346,W,511,0,410.448995
477,T,19/01/2020,09:55:55,Unknown,57.975556,N,-3.810425,W,515,0,411.255747
478,T,19/01/2020,09:56:09,Unknown,57.981741,N,-3.817696,W,523,0,412.067066
479,T,19/01/2020,09:56:24,Unknown,57.988492,N,-3.825295,W,531,0,412.942214
480,T,19/01/2020,09:56:37,Unknown,57.99433,N,-3.832114,W,532,0,413.706574
481,T,19/01/2020,09:56:49,Unknown,57.999809,N,-3.838495,W,533,0,414.423312
482,T,19/01/2020,09:57:00,Unknown,58.004866,N,-3.844403,W,535,0,415.08539
483,T,19/01/2020,09:59:09,Unknown,58.040815,N,-3.824826,W,533,0,419.25031
484,T,19/01/2020,09:59:23,Unknown,58.034857,N,-3.817915,W,509,0,420.028608
485,T,19/01/2020,09:59:33,Unknown,58.030407,N,-3.812662,W,502,0,420.612763
486,T,19/01/2020,09:59:45,Unknown,58.025198,N,-3.806434,W,513,0,421.299063
487,T,19/01/2020,09:59:59,Unknown,58.019168,N,-3.799648,W,521,0,422.080498
488,T,19/01/2020,10:00:11,Unknown,58.014144,N,-3.793641,W,519,0,422.742484
489,T,19/01/2020,10:00:23,Unknown,58.009057,N,-3.787737,W,506,0,423.40724
490,T,19/01/2020,10:00:37,Unknown,58.003103,N,-3.780909,W,512,0,424.182794
491,T,19/01/2020,10:00:47,Unknown,57.999065,N,-3.775969,W,513,0,424.71849
492,T,19/01/2020,10:01:00,Unknown,57.993647,N,-3.770061,W,508,0,425.415088
493,T,19/01/2020,10:01:17,Unknown,57.986675,N,-3.762084,W,505,0,426.322786
494,T,19/01/2020,10:01:33,Unknown,57.980175,N,-3.754532,W,513,0,427.172615
495,T,19/01/2020,10:01:44,Unknown,57.975806,N,-3.749257,W,510,0,427.750101
496,T,19/01/2020,10:01:59,Unknown,57.969684,N,-3.742733,W,517,0,428.532906
497,T,19/01/2020,10:02:14,Unknown,57.963648,N,-3.736356,W,519,0,429.303137
498,T,19/01/2020,10:02:30,Unknown,57.957352,N,-3.729475,W,524,0,430.113285
499,T,19/01/2020,10:02:49,Unknown,57.949849,N,-3.721123,W,527,0,431.083323
500,T,19/01/2020,10:03:06,Unknown,57.943143,N,-3.713471,W,524,0,431.956046
501,T,19/01/2020,10:03:20,Unknown,57.93752,N,-3.706874,W,516,0,432.693451
502,T,19/01/2020,10:03:35,Unknown,57.931485,N,-3.700076,W,518,0,433.47623
503,T,19/01/2020,10:03:49,Unknown,57.926016,N,-3.69362,W,517,0,434.194738
504,T,19/01/2020,10:04:05,Unknown,57.919681,N,-3.686282,W,520,0,435.022695
505,T,19/01/2020,10:04:23,Unknown,57.912649,N,-3.677918,W,530,0,435.948628
506,T,19/01/2020,10:04:40,Unknown,57.905796,N,-3.670306,W,526,0,436.834418
507,T,19/01/2020,10:04:52,Unknown,57.900935,N,-3.66474,W,530,0,437.467826
508,T,19/01/2020,10:05:08,Unknown,57.894373,N,-3.6572,W,532,0,438.323727
509,T,19/01/2020,10:05:21,Unknown,57.888953,N,-3.651101,W,528,0,439.026763
510,T,19/01/2020,10:05:35,Unknown,57.883199,N,-3.644234,W,538,0,439.785331
511,T,19/01/2020,10:05:53,Unknown,57.87573,N,-3.635545,W,526,0,440.762983
512,T,19/01/2020,10:06:08,Unknown,57.86944,N,-3.628192,W,525,0,441.587455
513,T,19/01/2020,10:06:24,Unknown,57.862661,N,-3.620556,W,531,0,442.467173
514,T,19/01/2020,10:06:37,Unknown,57.857171,N,-3.614303,W,540,0,443.181754
515,T,19/01/2020,10:06:52,Unknown,57.850852,N,-3.6071,W,550,0,444.004454
516,T,19/01/2020,10:07:02,Unknown,57.846494,N,-3.602215,W,524,0,444.569339
517,T,19/01/2020,10:07:13,Unknown,57.841677,N,-3.596537,W,529,0,445.202352
518,T,19/01/2020,10:07:30,Unknown,57.834381,N,-3.587988,W,521,0,446.159572
519,T,19/01/2020,10:07:47,Unknown,57.827255,N,-3.579602,W,519,0,447.095687
520,T,19/01/2020,10:07:58,Unknown,57.822797,N,-3.574006,W,510,0,447.692609
521,T,19/01/2020,10:08:10,Unknown,57.817976,N,-3.568108,W,503,0,448.333143
522,T,19/01/2020,10:08:20,Unknown,57.814033,N,-3.563599,W,515,0,448.847083
523,T,19/01/2020,10:08:33,Unknown,57.80899,N,-3.557901,W,520,0,449.502318
524,T,19/01/2020,10:08:46,Unknown,57.804013,N,-3.552139,W,525,0,450.153272
525,T,19/01/2020,10:09:00,Unknown,57.798459,N,-3.54605,W,526,0,450.869312
526,T,19/01/2020,10:09:13,Unknown,57.793208,N,-3.540409,W,521,0,451.542863
527,T,19/01/2020,10:09:29,Unknown,57.786921,N,-3.533281,W,520,0,452.360604
528,T,19/01/2020,10:09:43,Unknown,57.781467,N,-3.527112,W,518,0,453.069581
529,T,19/01/2020,10:09:55,Unknown,57.776877,N,-3.521853,W,519,0,453.668337
530,T,19/01/2020,10:10:10,Unknown,57.771029,N,-3.515028,W,519,0,454.435106
531,T,19/01/2020,10:10:25,Unknown,57.765368,N,-3.508334,W,525,0,455.18015
532,T,19/01/2020,10:10:38,Unknown,57.760549,N,-3.502731,W,530,0,455.811388
533,T,19/01/2020,10:10:51,Unknown,57.755569,N,-3.497077,W,527,0,456.459524
534,T,19/01/2020,10:11:02,Unknown,57.751239,N,-3.492109,W,523,0,457.024689
535,T,19/01/2020,10:11:19,Unknown,57.74454,N,-3.484609,W,527,0,457.893373
536,T,19/01/2020,10:11:34,Unknown,57.738516,N,-3.477991,W,532,0,458.670744
537,T,19/01/2020,10:11:46,Unknown,57.73371,N,-3.472388,W,529,0,459.300894
538,T,19/01/2020,10:12:00,Unknown,57.728057,N,-3.465895,W,521,0,460.039082
539,T,19/01/2020,10:12:12,Unknown,57.723207,N,-3.460178,W,531,0,460.677029
540,T,19/01/2020,10:12:24,Unknown,57.718396,N,-3.45488,W,528,0,461.298335
541,T,19/01/2020,10:12:38,Unknown,57.712589,N,-3.448491,W,522,0,462.048131
542,T,19/01/2020,10:12:52,Unknown,57.706862,N,-3.441826,W,517,0,462.798814
543,T,19/01/2020,10:14:52,Unknown,57.714715,N,-3.38938,W,517,0,466.03778
544,T,19/01/2020,10:15:04,Unknown,57.719475,N,-3.395438,W,518,0,466.678488
545,T,19/01/2020,10:15:16,Unknown,57.724377,N,-3.40134,W,524,0,467.32724
546,T,19/01/2020,10:15:29,Unknown,57.729794,N,-3.407643,W,516,0,468.03716
547,T,19/01/2020,10:15:42,Unknown,57.735352,N,-3.413987,W,513,0,468.7617
548,T,19/01/2020,10:15:57,Unknown,57.74166,N,-3.421343,W,519,0,469.588828
549,T,19/01/2020,10:16:12,Unknown,57.747898,N,-3.428717,W,520,0,470.40988
550,T,19/01/2020,10:16:26,Unknown,57.753764,N,-3.43574,W,526,0,471.18476
551,T,19/01/2020,10:16:39,Unknown,57.759261,N,-3.442187,W,520,0,471.906606
552,T,19/01/2020,10:16:54,Unknown,57.765818,N,-3.449449,W,517,0,472.754392
553,T,19/01/2020,10:17:06,Unknown,57.771043,N,-3.455448,W,513,0,473.436423
554,T,19/01/2020,10:17:24,Unknown,57.77876,N,-3.464357,W,525,0,474.445207
555,T,19/01/2020,10:17:41,Unknown,57.786156,N,-3.472757,W,527,0,475.407697
556,T,19/01/2020,10:17:54,Unknown,57.79162,N,-3.479113,W,528,0,476.123385
557,T,19/01/2020,10:18:09,Unknown,57.798043,N,-3.486614,W,528,0,476.965566
558,T,19/01/2020,10:18:24,Unknown,57.804404,N,-3.493904,W,533,0,477.795267
559,T,19/01/2020,10:18:40,Unknown,57.811092,N,-3.501557,W,544,0,478.667214
560,T,19/01/2020,10:18:54,Unknown,57.816996,N,-3.508413,W,541,0,479.440012
561,T,19/01/2020,10:19:07,Unknown,57.822574,N,-3.514845,W,532,0,480.168705
562,T,19/01/2020,10:19:24,Unknown,57.830033,N,-3.523393,W,527,0,481.141426
563,T,19/01/2020,10:19:39,Unknown,57.836618,N,-3.530902,W,534,0,481.998973
564,T,19/01/2020,10:19:55,Unknown,57.843588,N,-3.539011,W,535,0,482.911595
565,T,19/01/2020,10:20:12,Unknown,57.85111,N,-3.547757,W,534,0,483.89628
566,T,19/01/2020,10:20:32,Unknown,57.859948,N,-3.558118,W,538,0,485.05582
567,T,19/01/2020,10:20:48,Unknown,57.867005,N,-3.566135,W,527,0,485.9737
568,T,19/01/2020,10:21:02,Unknown,57.87322,N,-3.57311,W,526,0,486.779421
569,T,19/01/2020,10:21:16,Unknown,57.879438,N,-3.580267,W,534,0,487.590964
570,T,19/01/2020,10:21:30,Unknown,57.885543,N,-3.587489,W,535,0,488.393804
571,T,19/01/2020,10:21:44,Unknown,57.891672,N,-3.594606,W,537,0,489.195591
572,T,19/01/2020,10:21:57,Unknown,57.89736,N,-3.601144,W,538,0,489.937576
573,T,19/01/2020,10:22:12,Unknown,57.903757,N,-3.608754,W,525,0,490.780048
574,T,19/01/2020,10:22:27,Unknown,57.910453,N,-3.616431,W,528,0,491.652839
575,T,19/01/2020,10:22:42,Unknown,57.917092,N,-3.624073,W,526,0,492.519093
576,T,19/01/2020,10:22:59,Unknown,57.924612,N,-3.632812,W,522,0,493.502812
577,T,19/01/2020,10:23:14,Unknown,57.931228,N,-3.640397,W,528,0,494.365037
578,T,19/01/2020,10:23:29,Unknown,57.937843,N,-3.647955,W,534,0,495.226291
579,T,19/01/2020,10:23:45,Unknown,57.94488,N,-3.655958,W,528,0,496.141311
580,T,19/01/2020,10:23:59,Unknown,57.951013,N,-3.663056,W,526,0,496.942525
581,T,19/01/2020,10:24:12,Unknown,57.956751,N,-3.669637,W,526,0,497.690259
582,T,19/01/2020,10:24:26,Unknown,57.962854,N,-3.67671,W,523,0,498.487775
583,T,19/01/2020,10:24:41,Unknown,57.969499,N,-3.684416,W,517,0,499.356231
584,T,19/01/2020,10:24:56,Unknown,57.976191,N,-3.691963,W,526,0,500.22425
585,T,19/01/2020,10:25:12,Unknown,57.983055,N,-3.699921,W,526,0,501.121178
586,T,19/01/2020,10:25:28,Unknown,57.989887,N,-3.707911,W,528,0,502.016008
587,T,19/01/2020,10:25:44,Unknown,57.996718,N,-3.715852,W,536,0,502.909185
588,T,19/01/2020,10:26:00,Unknown,58.003507,N,-3.723771,W,538,0,503.797657
589,T,19/01/2020,10:26:16,Unknown,58.010377,N,-3.73172,W,545,0,504.69469
590,T,19/01/2020,10:26:29,Unknown,58.015973,N,-3.738136,W,545,0,505.423528
591,T,19/01/2020,10:26:43,Unknown,58.022172,N,-3.745043,W,552,0,506.224795
592,T,19/01/2020,10:26:56,Unknown,58.027757,N,-3.751586,W,553,0,506.956434
593,T,19/01/2020,10:27:12,Unknown,58.034665,N,-3.759579,W,545,0,507.858263
594,T,19/01/2020,10:27:26,Unknown,58.040737,N,-3.766751,W,534,0,508.655449
595,T,19/01/2020,10:27:42,Unknown,58.0477,N,-3.775115,W,532,0,509.573943
596,T,19/01/2020,10:27:56,Unknown,58.053845,N,-3.782463,W,527,0,510.383446
597,T,19/01/2020,10:28:09,Unknown,58.059652,N,-3.789165,W,525,0,511.140863
598,T,19/01/2020,10:29:55,Unknown,58.072588,N,-3.744307,W,528,0,514.149208
599,T,19/01/2020,10:30:10,Unknown,58.066124,N,-3.736577,W,533,0,515.000628
600,T,19/01/2020,10:30:22,Unknown,58.060966,N,-3.730398,W,537,0,515.680388
601,T,19/01/2020,10:30:36,Unknown,58.054953,N,-3.723441,W,534,0,516.465202
602,T,19/01/2020,10:30:48,Unknown,58.049792,N,-3.717404,W,524,0,517.140868
603,T,19/01/2020,10:31:03,Unknown,58.043296,N,-3.70978,W,513,0,517.992137
604,T,19/01/2020,10:31:15,Unknown,58.038119,N,-3.703614,W,521,0,518.673403
605,T,19/01/2020,10:31:29,Unknown,58.032232,N,-3.696721,W,526,0,519.444434
606,T,19/01/2020,10:31:43,Unknown,58.026361,N,-3.689833,W,522,0,520.21383
607,T,19/01/2020,10:31:55,Unknown,58.021325,N,-3.684046,W,525,0,520.870077
608,T,19/01/2020,10:32:09,Unknown,58.015549,N,-3.677443,W,521,0,521.621732
609,T,19/01/2020,10:32:24,Unknown,58.009362,N,-3.670457,W,517,0,522.424272
610,T,19/01/2020,10:32:38,Unknown,58.003775,N,-3.663753,W,519,0,523.161257
611,T,19/01/2020,10:32:53,Unknown,57.997785,N,-3.656713,W,520,0,523.946811
612,T,19/01/2020,10:35:39,Unknown,57.99907,N,-3.595763,W,533,0,527.545271
613,T,19/01/2020,10:35:49,Unknown,58.003612,N,-3.600878,W,529,0,528.134066
614,T,19/01/2020,10:36:05,Unknown,58.010664,N,-3.60946,W,508,0,529.068122
615,T,19/01/2020,10:36:16,Unknown,58.0154,N,-3.615621,W,503,0,529.708384
616,T,19/01/2020,10:36:26,Unknown,58.019666,N,-3.620999,W,505,0,530.279413
617,T,19/01/2020,10:36:40,Unknown,58.025656,N,-3.628211,W,521,0,531.070228
618,T,19/01/2020,10:36:54,Unknown,58.031526,N,-3.635114,W,524,0,531.84
619,T,19/01/2020,10:37:06,Unknown,58.036423,N,-3.641083,W,529,0,532.488785
620,T,19/01/2020,10:37:17,Unknown,58.040852,N,-3.646253,W,533,0,533.06835
621,T,19/01/2020,10:37:30,Unknown,58.046058,N,-3.652322,W,517,0,533.749317
622,T,19/01/2020,10:37:43,Unknown,58.051403,N,-3.658546,W,516,0,534.448217
623,T,19/01/2020,10:37:58,Unknown,58.057538,N,-3.665916,W,510,0,535.257443
624,T,19/01/2020,10:38:12,Unknown,58.063305,N,-3.67291,W,517,0,536.020192
625,T,19/01/2020,10:38:25,Unknown,58.068674,N,-3.6794,W,535,0,536.729594
626,T,19/01/2020,10:38:37,Unknown,58.073457,N,-3.68509,W,555,0,537.358645
627,T,19/01/2020,10:38:49,Unknown,58.078256,N,-3.690637,W,547,0,537.984759
628,T,19/01/2020,10:39:03,Unknown,58.084013,N,-3.697285,W,541,0,538.735626
629,T,19/01/2020,10:39:16,Unknown,58.089491,N,-3.703519,W,534,0,539.447279
630,T,19/01/2020,10:40:59,Unknown,58.110223,N,-3.665935,W,530,0,542.643281
631,T,19/01/2020,10:41:13,Unknown,58.104391,N,-3.659875,W,526,0,543.383897
632,T,19/01/2020,10:41:23,Unknown,58.10025,N,-3.655323,W,520,0,543.916993
633,T,19/01/2020,10:41:36,Unknown,58.09492,N,-3.649151,W,512,0,544.612607
634,T,19/01/2020,10:41:50,Unknown,58.089208,N,-3.642466,W,503,0,545.360289
635,T,19/01/2020,10:42:01,Unknown,58.084676,N,-3.637393,W,490,0,545.946498
636,T,19/01/2020,10:42:13,Unknown,58.079658,N,-3.63168,W,478,0,546.598489
637,T,19/01/2020,10:42:24,Unknown,58.075248,N,-3.626585,W,485,0,547.173765
638,T,19/01/2020,10:42:38,Unknown,58.069612,N,-3.620398,W,502,0,547.899223
639,T,19/01/2020,10:42:51,Unknown,58.064379,N,-3.614631,W,509,0,548.573498
640,T,19/01/2020,10:43:05,Unknown,58.058669,N,-3.608178,W,506,0,549.314067
641,T,19/01/2020,10:43:17,Unknown,58.053877,N,-3.60256,W,510,0,549.941799
642,T,19/01/2020,10:43:31,Unknown,58.048326,N,-3.596033,W,513,0,550.669582
643,T,19/01/2020,10:43:43,Unknown,58.043607,N,-3.590406,W,517,0,551.290758
644,T,19/01/2020,10:43:57,Unknown,58.038056,N,-3.583711,W,527,0,552.023877
645,T,19/01/2020,10:44:11,Unknown,58.032489,N,-3.577092,W,531,0,552.756138
646,T,19/01/2020,10:44:24,Unknown,58.027126,N,-3.570867,W,516,0,553.456879
647,T,19/01/2020,10:44:34,Unknown,58.02315,N,-3.566078,W,521,0,553.981848
648,T,19/01/2020,10:44:44,Unknown,58.018988,N,-3.561566,W,508,0,554.516099
649,T,19/01/2020,10:44:59,Unknown,58.012939,N,-3.554772,W,513,0,555.299619
650,T,19/01/2020,10:45:12,Unknown,58.007863,N,-3.54897,W,510,0,555.960207
651,T,19/01/2020,10:48:55,Unknown,58.054159,N,-3.543598,W,519,0,561.123573
652,T,19/01/2020,10:49:08,Unknown,58.060071,N,-3.550288,W,510,0,561.890628
653,T,19/01/2020,10:49:21,Unknown,58.065844,N,-3.556911,W,510,0,562.642362
654,T,19/01/2020,10:49:36,Unknown,58.072544,N,-3.564486,W,507,0,563.511373
655,T,19/01/2020,10:49:49,Unknown,58.078323,N,-3.571177,W,524,0,564.265687
656,T,19/01/2020,10:50:02,Unknown,58.084136,N,-3.577795,W,536,0,565.020976
657,T,19/01/2020,10:50:16,Unknown,58.090366,N,-3.584952,W,548,0,565.832364
658,T,19/01/2020,10:50:31,Unknown,58.097032,N,-3.592548,W,555,0,566.698607
659,T,19/01/2020,10:50:47,Unknown,58.104135,N,-3.600885,W,562,0,567.629047
660,T,19/01/2020,10:50:57,Unknown,58.108738,N,-3.60637,W,556,0,568.234547
661,T,19/01/2020,10:51:12,Unknown,58.115888,N,-3.614781,W,546,0,569.171645
662,T,19/01/2020,10:51:26,Unknown,58.12263,N,-3.622604,W,557,0,570.051883
663,T,19/01/2020,10:53:28,Unknown,58.142163,N,-3.58262,W,483,0,573.253487
664,T,19/01/2020,10:53:34,Unknown,58.139928,N,-3.580961,W,480,0,573.520704
665,T,19/01/2020,10:53:42,Unknown,58.136994,N,-3.577804,W,482,0,573.896324
666,T,19/01/2020,10:53:56,Unknown,58.131847,N,-3.572108,W,496,0,574.559904
667,T,19/01/2020,10:54:09,Unknown,58.126997,N,-3.567046,W,500,0,575.17636
668,T,19/01/2020,10:54:23,Unknown,58.12162,N,-3.561225,W,502,0,575.865832
669,T,19/01/2020,10:54:35,Unknown,58.117003,N,-3.555843,W,517,0,576.469392
670,T,19/01/2020,10:54:49,Unknown,58.111427,N,-3.549382,W,507,0,577.197144
671,T,19/01/2020,10:55:05,Unknown,58.104921,N,-3.541844,W,504,0,578.046297
672,T,19/01/2020,10:55:19,Unknown,58.099325,N,-3.535377,W,512,0,578.776204
673,T,19/01/2020,10:55:36,Unknown,58.092671,N,-3.527443,W,528,0,579.651736
674,T,19/01/2020,10:55:50,Unknown,58.087245,N,-3.521116,W,537,0,580.361267
675,T,19/01/2020,10:56:06,Unknown,58.081018,N,-3.513859,W,538,0,581.175459
676,T,19/01/2020,10:56:21,Unknown,58.075131,N,-3.506897,W,534,0,581.948378
677,T,19/01/2020,10:56:37,Unknown,58.06881,N,-3.499625,W,521,0,582.772028
678,T,19/01/2020,10:56:51,Unknown,58.063407,N,-3.493445,W,525,0,583.475006
679,T,19/01/2020,10:57:04,Unknown,58.058405,N,-3.488192,W,518,0,584.111984
680,T,19/01/2020,10:57:18,Unknown,58.053133,N,-3.482356,W,508,0,584.792111
681,T,19/01/2020,10:57:29,Unknown,58.049079,N,-3.477752,W,510,0,585.318619
682,T,19/01/2020,11:00:12,Unknown,58.084735,N,-3.459307,W,504,0,589.43372
683,T,19/01/2020,11:00:26,Unknown,58.091562,N,-3.46688,W,520,0,590.314714
684,T,19/01/2020,11:00:40,Unknown,58.098339,N,-3.474451,W,538,0,591.190814
685,T,19/01/2020,11:00:53,Unknown,58.104397,N,-3.481251,W,544,0,591.974893
686,T,19/01/2020,11:01:08,Unknown,58.111073,N,-3.489261,W,540,0,592.854796
687,T,19/01/2020,11:01:25,Unknown,58.118595,N,-3.497966,W,536,0,593.836199
688,T,19/01/2020,11:01:38,Unknown,58.124186,N,-3.504535,W,526,0,594.568666
689,T,19/01/2020,11:01:52,Unknown,58.130196,N,-3.511675,W,501,0,595.358441
690,T,19/01/2020,11:02:07,Unknown,58.136932,N,-3.519245,W,511,0,596.230337
691,T,19/01/2020,11:02:21,Unknown,58.143014,N,-3.526274,W,518,0,597.023418
692,T,19/01/2020,11:02:34,Unknown,58.148476,N,-3.532876,W,507,0,597.74462
693,T,19/01/2020,11:02:47,Unknown,58.153861,N,-3.53913,W,523,0,598.447687
694,T,19/01/2020,11:03:00,Unknown,58.159365,N,-3.5452,W,536,0,599.156562
695,T,19/01/2020,11:05:00,Unknown,58.158961,N,-3.486151,W,492,0,602.624675
696,T,19/01/2020,11:05:13,Unknown,58.154177,N,-3.480117,W,507,0,603.264362
697,T,19/01/2020,11:05:23,Unknown,58.15039,N,-3.475831,W,492,0,603.755384
698,T,19/01/2020,11:05:41,Unknown,58.143581,N,-3.467798,W,501,0,604.648267
699,T,19/01/2020,11:05:59,Unknown,58.136875,N,-3.459508,W,513,0,605.539641
700,T,19/01/2020,11:06:16,Unknown,58.130439,N,-3.4521,W,517,0,606.378006
701,T,19/01/2020,11:06:38,Unknown,58.122174,N,-3.442417,W,524,0,607.459888
702,T,19/01/2020,11:06:56,Unknown,58.115267,N,-3.434645,W,521,0,608.354311
703,T,19/01/2020,11:07:13,Unknown,58.108875,N,-3.427343,W,530,0,609.185385
704,T,19/01/2020,11:10:37,Unknown,58.108512,N,-3.367011,W,504,0,612.73381
705,T,19/01/2020,11:10:50,Unknown,58.114084,N,-3.373542,W,512,0,613.463357
706,T,19/01/2020,11:11:06,Unknown,58.120906,N,-3.381346,W,509,0,614.350638
707,T,19/01/2020,11:11:20,Unknown,58.126886,N,-3.388284,W,507,0,615.131337
708,T,19/01/2020,11:11:35,Unknown,58.133244,N,-3.395417,W,514,0,615.95396
709,T,19/01/2020,11:11:48,Unknown,58.138607,N,-3.401638,W,519,0,616.654008
710,T,19/01/2020,11:12:00,Unknown,58.143474,N,-3.407471,W,524,0,617.295109
711,T,19/01/2020,11:12:16,Unknown,58.150114,N,-3.415121,W,531,0,618.160174
712,T,19/01/2020,11:12:29,Unknown,58.155597,N,-3.421696,W,526,0,618.882462
713,T,19/01/2020,11:29:39,Unknown,57.821737,N,-2.805035,W,525,0,670.895267
714,T,19/01/2020,11:29:51,Unknown,57.816618,N,-2.799328,W,526,0,671.557994
715,T,19/01/2020,11:30:03,Unknown,57.811388,N,-2.793563,W,520,0,672.23314
716,T,19/01/2020,11:30:17,Unknown,57.805315,N,-2.786677,W,514,0,673.022949
717,T,19/01/2020,11:30:33,Unknown,57.79844,N,-2.778954,W,525,0,673.914899
718,T,19/01/2020,11:30:43,Unknown,57.794291,N,-2.773925,W,523,0,674.46475
719,T,19/01/2020,11:30:54,Unknown,57.789648,N,-2.768667,W,514,0,675.068459
720,T,19/01/2020,11:31:09,Unknown,57.783347,N,-2.761758,W,515,0,675.88092
721,T,19/01/2020,11:31:23,Unknown,57.777679,N,-2.755409,W,521,0,676.615838
722,T,19/01/2020,11:31:36,Unknown,57.772381,N,-2.74956,W,527,0,677.300213
723,T,19/01/2020,11:31:50,Unknown,57.766756,N,-2.743243,W,532,0,678.030108
724,T,19/01/2020,11:32:03,Unknown,57.761343,N,-2.737572,W,534,0,678.720391
725,T,19/01/2020,11:32:15,Unknown,57.756391,N,-2.732194,W,541,0,679.357478
726,T,19/01/2020,11:32:24,Unknown,57.752667,N,-2.72806,W,548,0,679.839288
727,T,19/01/2020,11:32:37,Unknown,57.747155,N,-2.721892,W,553,0,680.553953
728,T,19/01/2020,11:32:48,Unknown,57.742364,N,-2.716637,W,555,0,681.171943
729,T,19/01/2020,11:33:01,Unknown,57.736604,N,-2.710256,W,549,0,681.91685
730,T,19/01/2020,11:37:15,Unknown,57.693225,N,-2.720963,W,530,0,686.787567
731,T,19/01/2020,11:37:26,Unknown,57.698017,N,-2.726087,W,543,0,687.401966
732,T,19/01/2020,11:37:37,Unknown,57.702594,N,-2.730908,W,549,0,687.986629
733,T,19/01/2020,11:37:49,Unknown,57.707439,N,-2.736184,W,545,0,688.61062
734,T,19/01/2020,11:38:01,Unknown,57.712142,N,-2.741783,W,533,0,689.231064
735,T,19/01/2020,11:38:10,Unknown,57.715772,N,-2.746237,W,510,0,689.714205
736,T,19/01/2020,11:38:19,Unknown,57.719587,N,-2.750491,W,508,0,690.208499
737,T,19/01/2020,11:38:29,Unknown,57.723632,N,-2.754872,W,524,0,690.728683
738,T,19/01/2020,11:38:39,Unknown,57.727514,N,-2.759145,W,522,0,691.229941
739,T,19/01/2020,11:38:50,Unknown,57.731689,N,-2.76381,W,523,0,691.771118
740,T,19/01/2020,11:39:01,Unknown,57.735827,N,-2.768634,W,523,0,692.313686
741,T,19/01/2020,11:39:10,Unknown,57.739293,N,-2.772585,W,524,0,692.765338
742,T,19/01/2020,11:39:22,Unknown,57.743946,N,-2.777655,W,543,0,693.364529
743,T,19/01/2020,11:39:35,Unknown,57.748975,N,-2.783204,W,541,0,694.0142
744,T,19/01/2020,11:39:48,Unknown,57.754042,N,-2.789163,W,547,0,694.680121
745,T,19/01/2020,11:40:00,Unknown,57.758775,N,-2.794683,W,553,0,695.300667
746,T,19/01/2020,11:40:15,Unknown,57.76496,N,-2.801531,W,563,0,696.1003
747,T,19/01/2020,11:40:26,Unknown,57.769576,N,-2.806494,W,567,0,696.692645
748,T,19/01/2020,11:40:40,Unknown,57.775532,N,-2.813197,W,555,0,697.465909
749,T,19/01/2020,11:40:56,Unknown,57.782367,N,-2.82059,W,545,0,698.344235
750,T,19/01/2020,11:41:11,Unknown,57.788653,N,-2.827653,W,550,0,699.159918
751,T,19/01/2020,11:41:26,Unknown,57.794792,N,-2.834349,W,540,0,699.950403
752,T,19/01/2020,11:41:41,Unknown,57.800751,N,-2.841251,W,538,0,700.729947
753,T,19/01/2020,11:41:56,Unknown,57.806803,N,-2.84804,W,541,0,701.514821
754,T,19/01/2020,11:42:10,Unknown,57.812528,N,-2.854311,W,540,0,702.252698
755,T,19/01/2020,11:42:23,Unknown,57.81789,N,-2.860202,W,539,0,702.944286
756,T,19/01/2020,11:42:41,Unknown,57.825456,N,-2.868249,W,538,0,703.912251
757,T,19/01/2020,11:42:57,Unknown,57.83197,N,-2.875442,W,544,0,704.753436
758,T,19/01/2020,11:43:12,Unknown,57.837969,N,-2.882355,W,545,0,705.536893
759,T,19/01/2020,11:46:02,Unknown,57.826687,N,-2.929643,W,547,0,708.60801
760,T,19/01/2020,11:46:15,Unknown,57.82081,N,-2.923166,W,532,0,709.366588
761,T,19/01/2020,11:46:29,Unknown,57.814474,N,-2.916055,W,523,0,710.188314
762,T,19/01/2020,11:46:41,Unknown,57.809023,N,-2.910043,W,519,0,710.892097
763,T,19/01/2020,11:46:56,Unknown,57.802254,N,-2.902106,W,514,0,711.780574
764,T,19/01/2020,11:47:10,Unknown,57.796057,N,-2.894812,W,515,0,712.594895
765,T,19/01/2020,11:47:25,Unknown,57.789367,N,-2.88703,W,510,0,713.47113
766,T,19/01/2020,11:47:41,Unknown,57.782468,N,-2.879301,W,511,0,714.365665
767,T,19/01/2020,11:47:56,Unknown,57.776125,N,-2.87212,W,524,0,715.190432
768,T,19/01/2020,11:48:09,Unknown,57.77075,N,-2.865997,W,549,0,715.890524
769,T,19/01/2020,11:48:22,Unknown,57.765372,N,-2.860097,W,540,0,716.584152
770,T,19/01/2020,11:48:36,Unknown,57.759501,N,-2.853753,W,520,0,717.338509
771,T,19/01/2020,11:48:49,Unknown,57.753884,N,-2.847725,W,515,0,718.059021
772,T,19/01/2020,11:49:02,Unknown,57.748277,N,-2.841243,W,529,0,718.792394
773,T,19/01/2020,11:49:13,Unknown,57.743651,N,-2.835718,W,540,0,719.403064
774,T,19/01/2020,11:49:28,Unknown,57.737139,N,-2.82805,W,539,0,720.259273
775,T,19/01/2020,11:49:41,Unknown,57.731384,N,-2.821512,W,542,0,721.008525
776,T,19/01/2020,11:49:53,Unknown,57.725986,N,-2.81552,W,542,0,721.707041
777,T,19/01/2020,11:50:04,Unknown,57.721029,N,-2.810246,W,550,0,722.341693
778,T,19/01/2020,11:50:17,Unknown,57.71519,N,-2.803813,W,561,0,723.095865
779,T,19/01/2020,11:50:31,Unknown,57.709015,N,-2.796789,W,583,0,723.900212
780,T,19/01/2020,11:50:42,Unknown,57.704147,N,-2.791585,W,579,0,724.524274
781,T,19/01/2020,11:50:55,Unknown,57.698294,N,-2.785479,W,572,0,725.270217
782,T,19/01/2020,11:51:07,Unknown,57.692792,N,-2.779401,W,558,0,725.981463
783,T,19/01/2020,11:54:41,Unknown,57.698532,N,-2.843722,W,538,0,729.860961
784,T,19/01/2020,11:54:53,Unknown,57.703032,N,-2.849009,W,534,0,730.452431
785,T,19/01/2020,11:55:08,Unknown,57.708549,N,-2.85542,W,527,0,731.175315
786,T,19/01/2020,11:55:19,Unknown,57.712592,N,-2.859862,W,530,0,731.697171
787,T,19/01/2020,11:55:33,Unknown,57.717709,N,-2.865768,W,538,0,732.366337
788,T,19/01/2020,11:55:45,Unknown,57.722309,N,-2.870959,W,541,0,732.96422
789,T,19/01/2020,11:56:01,Unknown,57.728621,N,-2.87803,W,548,0,733.782985
790,T,19/01/2020,11:56:14,Unknown,57.733722,N,-2.883748,W,564,0,734.444748
791,T,19/01/2020,11:56:25,Unknown,57.738063,N,-2.888789,W,561,0,735.013301
792,T,19/01/2020,11:56:37,Unknown,57.742927,N,-2.894186,W,555,0,735.642596
793,T,19/01/2020,11:56:49,Unknown,57.747921,N,-2.899757,W,554,0,736.289591
794,T,19/01/2020,11:57:03,Unknown,57.753794,N,-2.90641,W,546,0,737.053524
795,T,19/01/2020,11:57:16,Unknown,57.759336,N,-2.912598,W,542,0,737.771629
796,T,19/01/2020,11:57:27,Unknown,57.764109,N,-2.917549,W,547,0,738.378872
797,T,19/01/2020,11:57:35,Unknown,57.767414,N,-2.921334,W,550,0,738.809992
798,T,19/01/2020,11:57:47,Unknown,57.772525,N,-2.926852,W,544,0,739.466525
799,T,19/01/2020,11:58:00,Unknown,57.778016,N,-2.933071,W,550,0,740.180604
800,T,19/01/2020,11:58:14,Unknown,57.783888,N,-2.939902,W,548,0,740.949795
801,T,19/01/2020,11:58:26,Unknown,57.789105,N,-2.945716,W,549,0,741.6253
802,T,19/01/2020,11:58:38,Unknown,57.794396,N,-2.951571,W,548,0,742.309108
803,T,19/01/2020,11:58:55,Unknown,57.801823,N,-2.959643,W,558,0,743.264541
804,T,19/01/2020,11:59:11,Unknown,57.808805,N,-2.967325,W,562,0,744.165473
805,T,19/01/2020,11:59:24,Unknown,57.814254,N,-2.973137,W,576,0,744.86313
806,T,19/01/2020,12:02:42,Unknown,57.811286,N,-3.028523,W,515,0,748.164015
807,T,19/01/2020,12:02:52,Unknown,57.806884,N,-3.023478,W,530,0,748.738162
808,T,19/01/2020,12:03:07,Unknown,57.800398,N,-3.016263,W,538,0,749.577478
809,T,19/01/2020,12:03:19,Unknown,57.79517,N,-3.010393,W,540,0,750.255687
810,T,19/01/2020,12:03:35,Unknown,57.788306,N,-3.00254,W,548,0,751.150643
811,T,19/01/2020,12:03:49,Unknown,57.782219,N,-2.995885,W,537,0,751.934932
812,T,19/01/2020,12:04:02,Unknown,57.776514,N,-2.989895,W,539,0,752.662758
813,T,19/01/2020,12:04:16,Unknown,57.770425,N,-2.983103,W,533,0,753.451431
814,T,19/01/2020,12:04:30,Unknown,57.764274,N,-2.976204,W,530,0,754.249322
815,T,19/01/2020,12:04:45,Unknown,57.757758,N,-2.968986,W,548,0,755.091859
816,T,19/01/2020,12:04:59,Unknown,57.751852,N,-2.962066,W,550,0,755.867216
817,T,19/01/2020,12:05:11,Unknown,57.746804,N,-2.956423,W,550,0,756.521544
818,T,19/01/2020,12:05:24,Unknown,57.741367,N,-2.950189,W,550,0,757.231116
819,T,19/01/2020,12:05:35,Unknown,57.736811,N,-2.945048,W,549,0,757.823179
820,T,19/01/2020,12:05:45,Unknown,57.732546,N,-2.940402,W,532,0,758.372397
821,T,19/01/2020,12:05:58,Unknown,57.727093,N,-2.934328,W,543,0,759.078658
822,T,19/01/2020,12:06:09,Unknown,57.722469,N,-2.929036,W,544,0,759.681916
823,T,19/01/2020,12:06:22,Unknown,57.717009,N,-2.923136,W,545,0,760.38367
824,T,19/01/2020,12:06:36,Unknown,57.711065,N,-2.916795,W,558,0,761.145239
825,T,19/01/2020,12:06:50,Unknown,57.705159,N,-2.910488,W,551,0,761.902159
826,T,19/01/2020,12:07:03,Unknown,57.699692,N,-2.904229,W,560,0,762.615579
827,T,19/01/2020,12:09:38,Unknown,57.683482,N,-2.94428,W,539,0,765.604658
828,T,19/01/2020,12:09:50,Unknown,57.688512,N,-2.950012,W,533,0,766.26031
829,T,19/01/2020,12:10:01,Unknown,57.693118,N,-2.955238,W,534,0,766.859959
830,T,19/01/2020,12:10:15,Unknown,57.698946,N,-2.961781,W,534,0,767.616542
831,T,19/01/2020,12:10:30,Unknown,57.705234,N,-2.968568,W,536,0,768.424588
832,T,19/01/2020,12:10:43,Unknown,57.710794,N,-2.974585,W,538,0,769.139516
833,T,19/01/2020,12:10:56,Unknown,57.716276,N,-2.980616,W,538,0,769.847341
834,T,19/01/2020,12:11:07,Unknown,57.720898,N,-2.985879,W,539,0,770.449538
835,T,19/01/2020,12:11:19,Unknown,57.726041,N,-2.991731,W,535,0,771.119453
836,T,19/01/2020,12:11:31,Unknown,57.731175,N,-2.997216,W,541,0,771.777414
837,T,19/01/2020,12:11:43,Unknown,57.736228,N,-3.002919,W,534,0,772.434128
838,T,19/01/2020,12:11:57,Unknown,57.741996,N,-3.009726,W,536,0,773.192994
839,T,19/01/2020,12:12:10,Unknown,57.747381,N,-3.01572,W,541,0,773.89024
840,T,19/01/2020,12:12:21,Unknown,57.751965,N,-3.021008,W,534,0,774.489458
841,T,19/01/2020,12:12:36,Unknown,57.758156,N,-3.028031,W,526,0,775.295041
842,T,19/01/2020,12:12:50,Unknown,57.76391,N,-3.034678,W,521,0,776.04743
843,T,19/01/2020,12:13:00,Unknown,57.767973,N,-3.038861,W,536,0,776.563424
844,T,19/01/2020,12:13:13,Unknown,57.772988,N,-3.044367,W,530,0,777.210355
845,T,19/01/2020,12:13:27,Unknown,57.778299,N,-3.050517,W,528,0,777.905193
846,T,19/01/2020,12:13:42,Unknown,57.784025,N,-3.056824,W,527,0,778.644395
847,T,19/01/2020,12:13:56,Unknown,57.789366,N,-3.06307,W,524,0,779.345025
848,T,19/01/2020,12:14:08,Unknown,57.793959,N,-3.068411,W,535,0,779.946553
849,T,19/01/2020,12:14:22,Unknown,57.799303,N,-3.074662,W,536,0,780.647569
850,T,19/01/2020,12:14:34,Unknown,57.804073,N,-3.079803,W,546,0,781.259897
851,T,19/01/2020,12:14:46,Unknown,57.808877,N,-3.084921,W,550,0,781.874817
852,T,19/01/2020,12:18:03,Unknown,57.810602,N,-3.146379,W,529,0,785.524549
853,T,19/01/2020,12:18:14,Unknown,57.80597,N,-3.14118,W,531,0,786.125338
854,T,19/01/2020,12:18:28,Unknown,57.800136,N,-3.134291,W,526,0,786.892628
855,T,19/01/2020,12:18:41,Unknown,57.7947,N,-3.12817,W,525,0,787.598348
856,T,19/01/2020,12:18:59,Unknown,57.787294,N,-3.119642,W,547,0,788.565678
857,T,19/01/2020,12:19:13,Unknown,57.781504,N,-3.113303,W,554,0,789.311973
858,T,19/01/2020,12:19:29,Unknown,57.774849,N,-3.105819,W,565,0,790.175777
859,T,19/01/2020,12:19:43,Unknown,57.768983,N,-3.099245,W,569,0,790.936513
860,T,19/01/2020,12:19:57,Unknown,57.762981,N,-3.092425,W,589,0,791.717789
861,T,19/01/2020,12:20:10,Unknown,57.757435,N,-3.08616,W,590,0,792.4386
862,T,19/01/2020,12:20:21,Unknown,57.752477,N,-3.080853,W,573,0,793.074184
863,T,19/01/2020,12:20:40,Unknown,57.74375,N,-3.071377,W,540,0,794.196975
864,T,19/01/2020,12:20:55,Unknown,57.737045,N,-3.063566,W,533,0,795.075901
865,T,19/01/2020,12:21:10,Unknown,57.730518,N,-3.055852,W,534,0,795.935017
866,T,19/01/2020,12:21:21,Unknown,57.72596,N,-3.050609,W,553,0,796.530467
867,T,19/01/2020,12:21:37,Unknown,57.719552,N,-3.043311,W,552,0,797.365376
868,T,19/01/2020,12:21:50,Unknown,57.714327,N,-3.037451,W,563,0,798.043382
869,T,19/01/2020,12:22:07,Unknown,57.707507,N,-3.029811,W,556,0,798.928139
870,T,19/01/2020,12:22:18,Unknown,57.703046,N,-3.024814,W,556,0,799.506874
871,T,19/01/2020,12:22:30,Unknown,57.698122,N,-3.019031,W,548,0,800.154012
872,T,19/01/2020,12:22:42,Unknown,57.693047,N,-3.012945,W,547,0,800.825021
873,T,19/01/2020,12:22:54,Unknown,57.688036,N,-3.007103,W,560,0,801.482275
874,T,19/01/2020,12:23:08,Unknown,57.682168,N,-3.000737,W,568,0,802.237398
875,T,19/01/2020,12:23:20,Unknown,57.677106,N,-2.995283,W,572,0,802.887707
876,T,19/01/2020,12:23:31,Unknown,57.672354,N,-2.9901,W,566,0,803.500094
877,T,19/01/2020,12:26:19,Unknown,57.663418,N,-3.038066,W,540,0,806.524114
878,T,19/01/2020,12:26:32,Unknown,57.668024,N,-3.043598,W,547,0,807.133526
879,T,19/01/2020,12:26:42,Unknown,57.671718,N,-3.047731,W,551,0,807.61273
880,T,19/01/2020,12:26:54,Unknown,57.676285,N,-3.053267,W,552,0,808.218591
881,T,19/01/2020,12:27:05,Unknown,57.680585,N,-3.058853,W,542,0,808.801402
882,T,19/01/2020,12:27:16,Unknown,57.685089,N,-3.064256,W,549,0,809.397033
883,T,19/01/2020,12:27:26,Unknown,57.689397,N,-3.068843,W,543,0,809.948829
884,T,19/01/2020,12:27:39,Unknown,57.695073,N,-3.075148,W,544,0,810.683642
885,T,19/01/2020,12:27:51,Unknown,57.700391,N,-3.080631,W,550,0,811.359552
886,T,19/01/2020,12:28:04,Unknown,57.706273,N,-3.086625,W,558,0,812.105101
887,T,19/01/2020,12:28:15,Unknown,57.711066,N,-3.091936,W,564,0,812.725123
888,T,19/01/2020,12:28:30,Unknown,57.717369,N,-3.099241,W,575,0,813.550338
889,T,19/01/2020,12:28:44,Unknown,57.723017,N,-3.105963,W,552,0,814.295325
890,T,19/01/2020,12:28:58,Unknown,57.728701,N,-3.112448,W,532,0,815.03624
891,T,19/01/2020,12:29:11,Unknown,57.734134,N,-3.11835,W,524,0,815.735396
892,T,19/01/2020,12:29:24,Unknown,57.739395,N,-3.124736,W,536,0,816.433243
893,T,19/01/2020,12:29:37,Unknown,57.744665,N,-3.130929,W,538,0,817.125744
894,T,19/01/2020,12:29:49,Unknown,57.749728,N,-3.136215,W,540,0,817.77093
895,T,19/01/2020,12:30:01,Unknown,57.754675,N,-3.141805,W,529,0,818.413983
896,T,19/01/2020,12:30:16,Unknown,57.761038,N,-3.14878,W,534,0,819.234546
897,T,19/01/2020,12:30:29,Unknown,57.76657,N,-3.154968,W,540,0,819.95165
898,T,19/01/2020,12:30:41,Unknown,57.771625,N,-3.160702,W,558,0,820.60933
899,T,19/01/2020,12:30:54,Unknown,57.777074,N,-3.166957,W,545,0,821.320531
900,T,19/01/2020,12:31:08,Unknown,57.783167,N,-3.173881,W,559,0,822.113588
901,T,19/01/2020,12:31:24,Unknown,57.790092,N,-3.181647,W,556,0,823.01172
902,T,19/01/2020,12:31:39,Unknown,57.796728,N,-3.18904,W,548,0,823.870849
903,T,19/01/2020,12:31:54,Unknown,57.803493,N,-3.196209,W,536,0,824.735698
904,T,19/01/2020,12:35:00,Unknown,57.799607,N,-3.251254,W,543,0,828.029329
905,T,19/01/2020,12:35:13,Unknown,57.79428,N,-3.245138,W,544,0,828.724526
906,T,19/01/2020,12:35:24,Unknown,57.789727,N,-3.239976,W,551,0,829.316712
907,T,19/01/2020,12:35:36,Unknown,57.784726,N,-3.23455,W,538,0,829.959832
908,T,19/01/2020,12:35:48,Unknown,57.779588,N,-3.228967,W,532,0,830.620831
909,T,19/01/2020,12:36:01,Unknown,57.774297,N,-3.222986,W,539,0,831.308542
910,T,19/01/2020,12:36:13,Unknown,57.769617,N,-3.217381,W,532,0,831.926717
911,T,19/01/2020,12:36:27,Unknown,57.764186,N,-3.211294,W,533,0,832.631076
912,T,19/01/2020,12:36:40,Unknown,57.759215,N,-3.205711,W,525,0,833.276164
913,T,19/01/2020,12:36:54,Unknown,57.753838,N,-3.19979,W,516,0,833.970382
914,T,19/01/2020,12:37:07,Unknown,57.748914,N,-3.19412,W,505,0,834.613717
915,T,19/01/2020,12:37:21,Unknown,57.743741,N,-3.188007,W,510,0,835.294527
916,T,19/01/2020,12:37:34,Unknown,57.738804,N,-3.182367,W,512,0,835.938214
917,T,19/01/2020,12:37:49,Unknown,57.733063,N,-3.175984,W,523,0,836.681387
918,T,19/01/2020,12:38:00,Unknown,57.728843,N,-3.171433,W,535,0,837.223463
919,T,19/01/2020,12:38:12,Unknown,57.724007,N,-3.16621,W,540,0,837.844909
920,T,19/01/2020,12:38:26,Unknown,57.718333,N,-3.159565,W,554,0,838.589895
921,T,19/01/2020,12:38:40,Unknown,57.712582,N,-3.153028,W,555,0,839.338845
922,T,19/01/2020,12:38:56,Unknown,57.705851,N,-3.145407,W,541,0,840.214538
923,T,19/01/2020,12:39:12,Unknown,57.698982,N,-3.137641,W,546,0,841.10788
924,T,19/01/2020,12:39:26,Unknown,57.693006,N,-3.131113,W,556,0,841.87819
925,T,19/01/2020,12:39:40,Unknown,57.687012,N,-3.124664,W,570,0,842.647901
926,T,19/01/2020,12:39:53,Unknown,57.681396,N,-3.118282,W,562,0,843.379398
927,T,19/01/2020,12:40:05,Unknown,57.676059,N,-3.112106,W,556,0,844.078024
928,T,19/01/2020,12:40:14,Unknown,57.672038,N,-3.107501,W,565,0,844.602911
929,T,19/01/2020,12:43:47,Unknown,57.691644,N,-3.188537,W,523,0,849.896524
930,T,19/01/2020,12:43:58,Unknown,57.696152,N,-3.193407,W,519,0,850.475985
931,T,19/01/2020,12:44:11,Unknown,57.701284,N,-3.199265,W,531,0,851.145172
932,T,19/01/2020,12:44:25,Unknown,57.706694,N,-3.205427,W,547,0,851.850158
933,T,19/01/2020,12:44:38,Unknown,57.711877,N,-3.211232,W,530,0,852.522519
934,T,19/01/2020,12:44:53,Unknown,57.718157,N,-3.218189,W,551,0,853.334818
935,T,19/01/2020,12:45:06,Unknown,57.723544,N,-3.224223,W,544,0,854.033604
936,T,19/01/2020,12:45:23,Unknown,57.730708,N,-3.23252,W,530,0,854.971266
937,T,19/01/2020,12:45:37,Unknown,57.736756,N,-3.23954,W,524,0,855.763302
938,T,19/01/2020,12:45:52,Unknown,57.743261,N,-3.247304,W,530,0,856.6219
939,T,19/01/2020,12:46:06,Unknown,57.749491,N,-3.254324,W,538,0,857.431149
940,T,19/01/2020,12:46:19,Unknown,57.755334,N,-3.260801,W,531,0,858.186849
941,T,19/01/2020,12:46:32,Unknown,57.761172,N,-3.267481,W,537,0,858.948249
942,T,19/01/2020,12:46:46,Unknown,57.767503,N,-3.274598,W,537,0,859.770004
943,T,19/01/2020,12:46:58,Unknown,57.772726,N,-3.280568,W,540,0,860.45094
944,T,19/01/2020,12:47:11,Unknown,57.778172,N,-3.286816,W,532,0,861.161631
945,T,19/01/2020,12:47:25,Unknown,57.784005,N,-3.293478,W,534,0,861.921874
946,T,19/01/2020,12:47:39,Unknown,57.789853,N,-3.299707,W,536,0,862.670488
947,T,19/01/2020,12:47:53,Unknown,57.795705,N,-3.30593,W,520,0,863.419285
948,T,19/01/2020,12:50:33,Unknown,57.785807,N,-3.354961,W,500,0,866.530192
949,T,19/01/2020,12:50:44,Unknown,57.781533,N,-3.349573,W,512,0,867.103442
950,T,19/01/2020,12:50:59,Unknown,57.775684,N,-3.34287,W,505,0,867.866477
951,T,19/01/2020,12:51:16,Unknown,57.769168,N,-3.335388,W,517,0,868.717025
952,T,19/01/2020,12:51:30,Unknown,57.763779,N,-3.329445,W,523,0,869.413007
953,T,19/01/2020,12:51:44,Unknown,57.758163,N,-3.323215,W,529,0,870.139447
954,T,19/01/2020,12:51:58,Unknown,57.752527,N,-3.316815,W,538,0,870.873009
955,T,19/01/2020,12:52:16,Unknown,57.745278,N,-3.308547,W,532,0,871.81768
956,T,19/01/2020,12:52:31,Unknown,57.739262,N,-3.301399,W,526,0,872.610682
957,T,19/01/2020,12:52:44,Unknown,57.733912,N,-3.295263,W,525,0,873.308994
958,T,19/01/2020,12:52:56,Unknown,57.729009,N,-3.289943,W,529,0,873.93976
959,T,19/01/2020,12:53:08,Unknown,57.724163,N,-3.28484,W,531,0,874.558642
960,T,19/01/2020,12:53:20,Unknown,57.719398,N,-3.279081,W,538,0,875.189974
961,T,19/01/2020,12:53:33,Unknown,57.714217,N,-3.272522,W,538,0,875.886191
962,T,19/01/2020,12:57:10,Unknown,57.721197,N,-3.338671,W,498,0,879.895089
963,T,19/01/2020,12:57:22,Unknown,57.7257,N,-3.344437,W,511,0,880.502345
964,T,19/01/2020,12:57:32,Unknown,57.729562,N,-3.349161,W,523,0,881.015827
965,T,19/01/2020,12:57:45,Unknown,57.734698,N,-3.355158,W,527,0,881.689556
966,T,19/01/2020,12:57:59,Unknown,57.740425,N,-3.361811,W,537,0,882.439714
967,T,19/01/2020,12:58:13,Unknown,57.746258,N,-3.368487,W,545,0,883.200594
968,T,19/01/2020,12:58:25,Unknown,57.751393,N,-3.374642,W,537,0,883.879152
969,T,19/01/2020,12:58:39,Unknown,57.757629,N,-3.382054,W,547,0,884.701168
970,T,19/01/2020,12:58:49,Unknown,57.762238,N,-3.387339,W,541,0,885.302616
971,T,19/01/2020,12:59:02,Unknown,57.768422,N,-3.394327,W,550,0,886.106391
972,T,19/01/2020,12:59:15,Unknown,57.774582,N,-3.400905,W,548,0,886.895522
