SpeciesCode,Species,TaxonSort,Visit,Count,SpeciesCover
BY,Barnacle Goose,2955,OCT-1999,0,Good
BY,Barnacle Goose,2955,DEC-1999,0,Good
BY,Barnacle Goose,2955,JAN-2000,0,Good
BY,Barnacle Goose,2955,FEB-2000,0,Good
BY,Barnacle Goose,2955,OCT-2000,0,Good
BY,Barnacle Goose,2955,DEC-2000,0,Good
BY,Barnacle Goose,2955,JAN-2001,0,Good
BY,Barnacle Goose,2955,FEB-2001,0,Good
BY,Barnacle Goose,2955,OCT-2001,0,Good
BY,Barnacle Goose,2955,DEC-2001,0,Good
BY,Barnacle Goose,2955,JAN-2002,0,Good
BY,Barnacle Goose,2955,FEB-2002,0,Good
BY,Barnacle Goose,2955,OCT-2002,0,Good
BY,Barnacle Goose,2955,DEC-2002,1,Good
BY,Barnacle Goose,2955,JAN-2003,0,Good
BY,Barnacle Goose,2955,FEB-2003,1,Good
BY,Barnacle Goose,2955,OCT-2003,1,Good
BY,Barnacle Goose,2955,DEC-2003,0,Good
BY,Barnacle Goose,2955,JAN-2004,1,Good
BY,Barnacle Goose,2955,FEB-2004,1,Good
BY,Barnacle Goose,2955,OCT-2004,0,Good
BY,Barnacle Goose,2955,DEC-2004,0,Good
BY,Barnacle Goose,2955,JAN-2005,0,Good
BY,Barnacle Goose,2955,FEB-2005,0,Good
BY,Barnacle Goose,2955,OCT-2005,0,Good
BY,Barnacle Goose,2955,DEC-2005,0,Good
BY,Barnacle Goose,2955,FEB-2006,0,Good
BY,Barnacle Goose,2955,OCT-2006,0,Good
BY,Barnacle Goose,2955,DEC-2006,0,Good
BY,Barnacle Goose,2955,JAN-2007,0,Good
BY,Barnacle Goose,2955,FEB-2007,0,Good
BY,Barnacle Goose,2955,OCT-2007,0,Good
BY,Barnacle Goose,2955,DEC-2007,0,Poor
BY,Barnacle Goose,2955,JAN-2008,0,Good
BY,Barnacle Goose,2955,FEB-2008,0,Good
BY,Barnacle Goose,2955,OCT-2008,0,Poor
BY,Barnacle Goose,2955,DEC-2008,0,Good
BY,Barnacle Goose,2955,JAN-2009,0,Good
BY,Barnacle Goose,2955,FEB-2009,0,Good
BY,Barnacle Goose,2955,OCT-2009,0,Good
BY,Barnacle Goose,2955,JAN-2010,0,Good
BY,Barnacle Goose,2955,FEB-2010,0,Good
BY,Barnacle Goose,2955,OCT-2010,0,Good
BY,Barnacle Goose,2955,DEC-2010,0,Good
BY,Barnacle Goose,2955,JAN-2011,0,Good
BY,Barnacle Goose,2955,FEB-2011,0,Good
BY,Barnacle Goose,2955,OCT-2011,0,Good
BY,Barnacle Goose,2955,DEC-2011,1,Good
BY,Barnacle Goose,2955,JAN-2012,1,Good
BY,Barnacle Goose,2955,FEB-2012,0,Good
BY,Barnacle Goose,2955,JUN-2012,0,Good
BY,Barnacle Goose,2955,OCT-2012,0,Good
BY,Barnacle Goose,2955,DEC-2012,0,Good
BY,Barnacle Goose,2955,JAN-2013,0,Good
BY,Barnacle Goose,2955,FEB-2013,0,Good
BY,Barnacle Goose,2955,OCT-2013,0,Good
BY,Barnacle Goose,2955,DEC-2013,0,Good
BY,Barnacle Goose,2955,JAN-2014,0,Good
BY,Barnacle Goose,2955,FEB-2014,0,Good
BY,Barnacle Goose,2955,OCT-2014,0,Good
BY,Barnacle Goose,2955,DEC-2014,0,Good
BY,Barnacle Goose,2955,JAN-2015,0,Good
BY,Barnacle Goose,2955,FEB-2015,0,Good
BY,Barnacle Goose,2955,OCT-2015,0,Good
BY,Barnacle Goose,2955,DEC-2015,0,Good
BY,Barnacle Goose,2955,JAN-2016,0,Good
BY,Barnacle Goose,2955,FEB-2016,0,Good
BY,Barnacle Goose,2955,OCT-2016,0,Good
BY,Barnacle Goose,2955,DEC-2016,0,Good
BY,Barnacle Goose,2955,JAN-2017,0,Good
BY,Barnacle Goose,2955,FEB-2017,0,Good
BY,Barnacle Goose,2955,OCT-2017,0,Good
BY,Barnacle Goose,2955,DEC-2017,0,Good
BY,Barnacle Goose,2955,JAN-2018,0,Good
BY,Barnacle Goose,2955,FEB-2018,0,Good
BY,Barnacle Goose,2955,OCT-2018,0,Good
BY,Barnacle Goose,2955,DEC-2018,0,Good
BY,Barnacle Goose,2955,JAN-2019,0,Good
BY,Barnacle Goose,2955,FEB-2019,0,Good
JI,Greylag Goose (Icelandic),3100,OCT-1999,0,Good
JI,Greylag Goose (Icelandic),3100,DEC-1999,80,Good
JI,Greylag Goose (Icelandic),3100,JAN-2000,0,Good
JI,Greylag Goose (Icelandic),3100,FEB-2000,0,Good
JI,Greylag Goose (Icelandic),3100,OCT-2000,0,Good
JI,Greylag Goose (Icelandic),3100,DEC-2000,0,Good
JI,Greylag Goose (Icelandic),3100,JAN-2001,0,Good
JI,Greylag Goose (Icelandic),3100,FEB-2001,0,Good
JI,Greylag Goose (Icelandic),3100,OCT-2001,0,Good
JI,Greylag Goose (Icelandic),3100,DEC-2001,0,Good
JI,Greylag Goose (Icelandic),3100,JAN-2002,0,Good
JI,Greylag Goose (Icelandic),3100,FEB-2002,0,Good
JI,Greylag Goose (Icelandic),3100,OCT-2002,0,Good
JI,Greylag Goose (Icelandic),3100,DEC-2002,0,Good
JI,Greylag Goose (Icelandic),3100,JAN-2003,0,Good
JI,Greylag Goose (Icelandic),3100,FEB-2003,0,Good
JI,Greylag Goose (Icelandic),3100,OCT-2003,0,Good
JI,Greylag Goose (Icelandic),3100,DEC-2003,0,Good
JI,Greylag Goose (Icelandic),3100,JAN-2004,0,Good
JI,Greylag Goose (Icelandic),3100,FEB-2004,0,Good
JI,Greylag Goose (Icelandic),3100,OCT-2004,0,Good
JI,Greylag Goose (Icelandic),3100,DEC-2004,0,Good
JI,Greylag Goose (Icelandic),3100,JAN-2005,0,Good
JI,Greylag Goose (Icelandic),3100,FEB-2005,0,Good
JI,Greylag Goose (Icelandic),3100,OCT-2005,0,Good
JI,Greylag Goose (Icelandic),3100,DEC-2005,0,Good
JI,Greylag Goose (Icelandic),3100,FEB-2006,110,Good
JI,Greylag Goose (Icelandic),3100,OCT-2006,0,Good
JI,Greylag Goose (Icelandic),3100,DEC-2006,1,Good
JI,Greylag Goose (Icelandic),3100,JAN-2007,0,Good
JI,Greylag Goose (Icelandic),3100,FEB-2007,0,Good
JI,Greylag Goose (Icelandic),3100,OCT-2007,0,Good
JI,Greylag Goose (Icelandic),3100,DEC-2007,0,Poor
JI,Greylag Goose (Icelandic),3100,JAN-2008,0,Good
JI,Greylag Goose (Icelandic),3100,FEB-2008,0,Good
JI,Greylag Goose (Icelandic),3100,OCT-2008,0,Poor
JI,Greylag Goose (Icelandic),3100,DEC-2008,0,Good
JI,Greylag Goose (Icelandic),3100,JAN-2009,0,Good
JI,Greylag Goose (Icelandic),3100,FEB-2009,0,Good
JI,Greylag Goose (Icelandic),3100,OCT-2009,1,Good
JI,Greylag Goose (Icelandic),3100,JAN-2010,0,Good
JI,Greylag Goose (Icelandic),3100,FEB-2010,0,Good
JI,Greylag Goose (Icelandic),3100,OCT-2010,0,Good
JI,Greylag Goose (Icelandic),3100,DEC-2010,0,Good
JI,Greylag Goose (Icelandic),3100,JAN-2011,0,Good
JI,Greylag Goose (Icelandic),3100,FEB-2011,0,Good
JI,Greylag Goose (Icelandic),3100,OCT-2011,0,Good
JI,Greylag Goose (Icelandic),3100,DEC-2011,0,Good
JI,Greylag Goose (Icelandic),3100,JAN-2012,0,Good
JI,Greylag Goose (Icelandic),3100,FEB-2012,0,Good
JI,Greylag Goose (Icelandic),3100,JUN-2012,0,Good
JI,Greylag Goose (Icelandic),3100,OCT-2012,0,Good
JI,Greylag Goose (Icelandic),3100,DEC-2012,0,Good
JI,Greylag Goose (Icelandic),3100,JAN-2013,0,Good
JI,Greylag Goose (Icelandic),3100,FEB-2013,0,Good
JI,Greylag Goose (Icelandic),3100,OCT-2013,0,Good
JI,Greylag Goose (Icelandic),3100,DEC-2013,0,Good
JI,Greylag Goose (Icelandic),3100,JAN-2014,0,Good
JI,Greylag Goose (Icelandic),3100,FEB-2014,0,Good
JI,Greylag Goose (Icelandic),3100,OCT-2014,0,Good
JI,Greylag Goose (Icelandic),3100,DEC-2014,0,Good
JI,Greylag Goose (Icelandic),3100,JAN-2015,0,Good
JI,Greylag Goose (Icelandic),3100,FEB-2015,0,Good
JI,Greylag Goose (Icelandic),3100,OCT-2015,0,Good
JI,Greylag Goose (Icelandic),3100,DEC-2015,0,Good
JI,Greylag Goose (Icelandic),3100,JAN-2016,0,Good
JI,Greylag Goose (Icelandic),3100,FEB-2016,0,Good
JI,Greylag Goose (Icelandic),3100,OCT-2016,0,Good
JI,Greylag Goose (Icelandic),3100,DEC-2016,0,Good
JI,Greylag Goose (Icelandic),3100,JAN-2017,0,Good
JI,Greylag Goose (Icelandic),3100,FEB-2017,0,Good
JI,Greylag Goose (Icelandic),3100,OCT-2017,0,Good
JI,Greylag Goose (Icelandic),3100,DEC-2017,0,Good
JI,Greylag Goose (Icelandic),3100,JAN-2018,0,Good
JI,Greylag Goose (Icelandic),3100,FEB-2018,0,Good
JI,Greylag Goose (Icelandic),3100,OCT-2018,0,Good
JI,Greylag Goose (Icelandic),3100,DEC-2018,0,Good
JI,Greylag Goose (Icelandic),3100,JAN-2019,0,Good
JI,Greylag Goose (Icelandic),3100,FEB-2019,0,Good
PG,Pink-footed Goose,3225,OCT-1999,0,Good
PG,Pink-footed Goose,3225,DEC-1999,0,Good
PG,Pink-footed Goose,3225,JAN-2000,0,Good
PG,Pink-footed Goose,3225,FEB-2000,0,Good
PG,Pink-footed Goose,3225,OCT-2000,0,Good
PG,Pink-footed Goose,3225,DEC-2000,0,Good
PG,Pink-footed Goose,3225,JAN-2001,0,Good
PG,Pink-footed Goose,3225,FEB-2001,0,Good
PG,Pink-footed Goose,3225,OCT-2001,0,Good
PG,Pink-footed Goose,3225,DEC-2001,0,Good
PG,Pink-footed Goose,3225,JAN-2002,0,Good
PG,Pink-footed Goose,3225,FEB-2002,0,Good
PG,Pink-footed Goose,3225,OCT-2002,0,Good
PG,Pink-footed Goose,3225,DEC-2002,0,Good
PG,Pink-footed Goose,3225,JAN-2003,0,Good
PG,Pink-footed Goose,3225,FEB-2003,0,Good
PG,Pink-footed Goose,3225,OCT-2003,0,Good
PG,Pink-footed Goose,3225,DEC-2003,0,Good
PG,Pink-footed Goose,3225,JAN-2004,0,Good
PG,Pink-footed Goose,3225,FEB-2004,0,Good
PG,Pink-footed Goose,3225,OCT-2004,0,Good
PG,Pink-footed Goose,3225,DEC-2004,0,Good
PG,Pink-footed Goose,3225,JAN-2005,0,Good
PG,Pink-footed Goose,3225,FEB-2005,0,Good
PG,Pink-footed Goose,3225,OCT-2005,0,Good
PG,Pink-footed Goose,3225,DEC-2005,0,Good
PG,Pink-footed Goose,3225,FEB-2006,0,Good
PG,Pink-footed Goose,3225,OCT-2006,0,Good
PG,Pink-footed Goose,3225,DEC-2006,0,Good
PG,Pink-footed Goose,3225,JAN-2007,0,Good
PG,Pink-footed Goose,3225,FEB-2007,0,Good
PG,Pink-footed Goose,3225,OCT-2007,0,Good
PG,Pink-footed Goose,3225,DEC-2007,0,Poor
PG,Pink-footed Goose,3225,JAN-2008,0,Good
PG,Pink-footed Goose,3225,FEB-2008,0,Good
PG,Pink-footed Goose,3225,OCT-2008,0,Poor
PG,Pink-footed Goose,3225,DEC-2008,0,Good
PG,Pink-footed Goose,3225,JAN-2009,0,Good
PG,Pink-footed Goose,3225,FEB-2009,2,Good
PG,Pink-footed Goose,3225,OCT-2009,0,Good
PG,Pink-footed Goose,3225,JAN-2010,0,Good
PG,Pink-footed Goose,3225,FEB-2010,800,Good
PG,Pink-footed Goose,3225,OCT-2010,16,Good
PG,Pink-footed Goose,3225,DEC-2010,0,Good
PG,Pink-footed Goose,3225,JAN-2011,0,Good
PG,Pink-footed Goose,3225,FEB-2011,0,Good
PG,Pink-footed Goose,3225,OCT-2011,1,Good
PG,Pink-footed Goose,3225,DEC-2011,0,Good
PG,Pink-footed Goose,3225,JAN-2012,0,Good
PG,Pink-footed Goose,3225,FEB-2012,0,Good
PG,Pink-footed Goose,3225,JUN-2012,0,Good
PG,Pink-footed Goose,3225,OCT-2012,0,Good
PG,Pink-footed Goose,3225,DEC-2012,0,Good
PG,Pink-footed Goose,3225,JAN-2013,0,Good
PG,Pink-footed Goose,3225,FEB-2013,0,Good
PG,Pink-footed Goose,3225,OCT-2013,0,Good
PG,Pink-footed Goose,3225,DEC-2013,0,Good
PG,Pink-footed Goose,3225,JAN-2014,0,Good
PG,Pink-footed Goose,3225,FEB-2014,0,Good
PG,Pink-footed Goose,3225,OCT-2014,0,Good
PG,Pink-footed Goose,3225,DEC-2014,0,Good
PG,Pink-footed Goose,3225,JAN-2015,0,Good
PG,Pink-footed Goose,3225,FEB-2015,0,Good
PG,Pink-footed Goose,3225,OCT-2015,0,Good
PG,Pink-footed Goose,3225,DEC-2015,0,Good
PG,Pink-footed Goose,3225,JAN-2016,0,Good
PG,Pink-footed Goose,3225,FEB-2016,0,Good
PG,Pink-footed Goose,3225,OCT-2016,0,Good
PG,Pink-footed Goose,3225,DEC-2016,0,Good
PG,Pink-footed Goose,3225,JAN-2017,0,Good
PG,Pink-footed Goose,3225,FEB-2017,0,Good
PG,Pink-footed Goose,3225,OCT-2017,2,Good
PG,Pink-footed Goose,3225,DEC-2017,7,Good
PG,Pink-footed Goose,3225,JAN-2018,0,Good
PG,Pink-footed Goose,3225,FEB-2018,0,Good
PG,Pink-footed Goose,3225,OCT-2018,0,Good
PG,Pink-footed Goose,3225,DEC-2018,0,Good
PG,Pink-footed Goose,3225,JAN-2019,0,Good
PG,Pink-footed Goose,3225,FEB-2019,0,Good
MS,Mute Swan,3380,OCT-1999,0,Good
MS,Mute Swan,3380,DEC-1999,0,Good
MS,Mute Swan,3380,JAN-2000,0,Good
MS,Mute Swan,3380,FEB-2000,2,Good
MS,Mute Swan,3380,OCT-2000,0,Good
MS,Mute Swan,3380,DEC-2000,0,Good
MS,Mute Swan,3380,JAN-2001,0,Good
MS,Mute Swan,3380,FEB-2001,0,Good
MS,Mute Swan,3380,OCT-2001,0,Good
MS,Mute Swan,3380,DEC-2001,0,Good
MS,Mute Swan,3380,JAN-2002,2,Good
MS,Mute Swan,3380,FEB-2002,0,Good
MS,Mute Swan,3380,OCT-2002,2,Good
MS,Mute Swan,3380,DEC-2002,0,Good
MS,Mute Swan,3380,JAN-2003,2,Good
MS,Mute Swan,3380,FEB-2003,2,Good
MS,Mute Swan,3380,OCT-2003,0,Good
MS,Mute Swan,3380,DEC-2003,0,Good
MS,Mute Swan,3380,JAN-2004,2,Good
MS,Mute Swan,3380,FEB-2004,2,Good
MS,Mute Swan,3380,OCT-2004,0,Good
MS,Mute Swan,3380,DEC-2004,0,Good
MS,Mute Swan,3380,JAN-2005,2,Good
MS,Mute Swan,3380,FEB-2005,2,Good
MS,Mute Swan,3380,OCT-2005,2,Good
MS,Mute Swan,3380,DEC-2005,0,Good
MS,Mute Swan,3380,FEB-2006,2,Good
MS,Mute Swan,3380,OCT-2006,0,Good
MS,Mute Swan,3380,DEC-2006,0,Good
MS,Mute Swan,3380,JAN-2007,3,Good
MS,Mute Swan,3380,FEB-2007,0,Good
MS,Mute Swan,3380,OCT-2007,1,Good
MS,Mute Swan,3380,DEC-2007,0,Poor
MS,Mute Swan,3380,JAN-2008,0,Good
MS,Mute Swan,3380,FEB-2008,0,Good
MS,Mute Swan,3380,OCT-2008,0,Poor
MS,Mute Swan,3380,DEC-2008,2,Good
MS,Mute Swan,3380,JAN-2009,0,Good
MS,Mute Swan,3380,FEB-2009,0,Good
MS,Mute Swan,3380,OCT-2009,0,Good
MS,Mute Swan,3380,JAN-2010,0,Good
MS,Mute Swan,3380,FEB-2010,0,Good
MS,Mute Swan,3380,OCT-2010,0,Good
MS,Mute Swan,3380,DEC-2010,2,Good
MS,Mute Swan,3380,JAN-2011,1,Good
MS,Mute Swan,3380,FEB-2011,0,Good
MS,Mute Swan,3380,OCT-2011,0,Good
MS,Mute Swan,3380,DEC-2011,0,Good
MS,Mute Swan,3380,JAN-2012,0,Good
MS,Mute Swan,3380,FEB-2012,1,Good
MS,Mute Swan,3380,JUN-2012,2,Good
MS,Mute Swan,3380,OCT-2012,0,Good
MS,Mute Swan,3380,DEC-2012,0,Good
MS,Mute Swan,3380,JAN-2013,0,Good
MS,Mute Swan,3380,FEB-2013,0,Good
MS,Mute Swan,3380,OCT-2013,0,Good
MS,Mute Swan,3380,DEC-2013,0,Good
MS,Mute Swan,3380,JAN-2014,0,Good
MS,Mute Swan,3380,FEB-2014,0,Good
MS,Mute Swan,3380,OCT-2014,0,Good
MS,Mute Swan,3380,DEC-2014,0,Good
MS,Mute Swan,3380,JAN-2015,0,Good
MS,Mute Swan,3380,FEB-2015,0,Good
MS,Mute Swan,3380,OCT-2015,0,Good
MS,Mute Swan,3380,DEC-2015,0,Good
MS,Mute Swan,3380,JAN-2016,0,Good
MS,Mute Swan,3380,FEB-2016,0,Good
MS,Mute Swan,3380,OCT-2016,0,Good
MS,Mute Swan,3380,DEC-2016,0,Good
MS,Mute Swan,3380,JAN-2017,0,Good
MS,Mute Swan,3380,FEB-2017,0,Good
MS,Mute Swan,3380,OCT-2017,0,Good
MS,Mute Swan,3380,DEC-2017,6,Good
MS,Mute Swan,3380,JAN-2018,0,Good
MS,Mute Swan,3380,FEB-2018,0,Good
MS,Mute Swan,3380,OCT-2018,0,Good
MS,Mute Swan,3380,DEC-2018,0,Good
MS,Mute Swan,3380,JAN-2019,0,Good
MS,Mute Swan,3380,FEB-2019,0,Good
WS,Whooper Swan,3430,OCT-1999,0,Good
WS,Whooper Swan,3430,DEC-1999,0,Good
WS,Whooper Swan,3430,JAN-2000,0,Good
WS,Whooper Swan,3430,FEB-2000,0,Good
WS,Whooper Swan,3430,OCT-2000,0,Good
WS,Whooper Swan,3430,DEC-2000,0,Good
WS,Whooper Swan,3430,JAN-2001,0,Good
WS,Whooper Swan,3430,FEB-2001,0,Good
WS,Whooper Swan,3430,OCT-2001,0,Good
WS,Whooper Swan,3430,DEC-2001,0,Good
WS,Whooper Swan,3430,JAN-2002,0,Good
WS,Whooper Swan,3430,FEB-2002,0,Good
WS,Whooper Swan,3430,OCT-2002,0,Good
WS,Whooper Swan,3430,DEC-2002,0,Good
WS,Whooper Swan,3430,JAN-2003,0,Good
WS,Whooper Swan,3430,FEB-2003,0,Good
WS,Whooper Swan,3430,OCT-2003,0,Good
WS,Whooper Swan,3430,DEC-2003,0,Good
WS,Whooper Swan,3430,JAN-2004,0,Good
WS,Whooper Swan,3430,FEB-2004,0,Good
WS,Whooper Swan,3430,OCT-2004,0,Good
WS,Whooper Swan,3430,DEC-2004,0,Good
WS,Whooper Swan,3430,JAN-2005,0,Good
WS,Whooper Swan,3430,FEB-2005,0,Good
WS,Whooper Swan,3430,OCT-2005,0,Good
WS,Whooper Swan,3430,DEC-2005,0,Good
WS,Whooper Swan,3430,FEB-2006,0,Good
WS,Whooper Swan,3430,OCT-2006,0,Good
WS,Whooper Swan,3430,DEC-2006,0,Good
WS,Whooper Swan,3430,JAN-2007,0,Good
WS,Whooper Swan,3430,FEB-2007,0,Good
WS,Whooper Swan,3430,OCT-2007,2,Good
WS,Whooper Swan,3430,DEC-2007,0,Poor
WS,Whooper Swan,3430,JAN-2008,0,Good
WS,Whooper Swan,3430,FEB-2008,0,Good
WS,Whooper Swan,3430,OCT-2008,0,Poor
WS,Whooper Swan,3430,DEC-2008,0,Good
WS,Whooper Swan,3430,JAN-2009,0,Good
WS,Whooper Swan,3430,FEB-2009,0,Good
WS,Whooper Swan,3430,OCT-2009,0,Good
WS,Whooper Swan,3430,JAN-2010,0,Good
WS,Whooper Swan,3430,FEB-2010,0,Good
WS,Whooper Swan,3430,OCT-2010,0,Good
WS,Whooper Swan,3430,DEC-2010,0,Good
WS,Whooper Swan,3430,JAN-2011,0,Good
WS,Whooper Swan,3430,FEB-2011,0,Good
WS,Whooper Swan,3430,OCT-2011,0,Good
WS,Whooper Swan,3430,DEC-2011,0,Good
WS,Whooper Swan,3430,JAN-2012,0,Good
WS,Whooper Swan,3430,FEB-2012,0,Good
WS,Whooper Swan,3430,JUN-2012,0,Good
WS,Whooper Swan,3430,OCT-2012,0,Good
WS,Whooper Swan,3430,DEC-2012,0,Good
WS,Whooper Swan,3430,JAN-2013,0,Good
WS,Whooper Swan,3430,FEB-2013,0,Good
WS,Whooper Swan,3430,OCT-2013,0,Good
WS,Whooper Swan,3430,DEC-2013,0,Good
WS,Whooper Swan,3430,JAN-2014,0,Good
WS,Whooper Swan,3430,FEB-2014,0,Good
WS,Whooper Swan,3430,OCT-2014,0,Good
WS,Whooper Swan,3430,DEC-2014,0,Good
WS,Whooper Swan,3430,JAN-2015,0,Good
WS,Whooper Swan,3430,FEB-2015,0,Good
WS,Whooper Swan,3430,OCT-2015,0,Good
WS,Whooper Swan,3430,DEC-2015,0,Good
WS,Whooper Swan,3430,JAN-2016,0,Good
WS,Whooper Swan,3430,FEB-2016,0,Good
WS,Whooper Swan,3430,OCT-2016,0,Good
WS,Whooper Swan,3430,DEC-2016,0,Good
WS,Whooper Swan,3430,JAN-2017,0,Good
WS,Whooper Swan,3430,FEB-2017,0,Good
WS,Whooper Swan,3430,OCT-2017,0,Good
WS,Whooper Swan,3430,DEC-2017,0,Good
WS,Whooper Swan,3430,JAN-2018,0,Good
WS,Whooper Swan,3430,FEB-2018,0,Good
WS,Whooper Swan,3430,OCT-2018,0,Good
WS,Whooper Swan,3430,DEC-2018,0,Good
WS,Whooper Swan,3430,JAN-2019,0,Good
WS,Whooper Swan,3430,FEB-2019,0,Good
SU,Shelduck,3920,OCT-1999,0,Good
SU,Shelduck,3920,DEC-1999,0,Good
SU,Shelduck,3920,JAN-2000,0,Good
SU,Shelduck,3920,FEB-2000,0,Good
SU,Shelduck,3920,OCT-2000,0,Good
SU,Shelduck,3920,DEC-2000,0,Good
SU,Shelduck,3920,JAN-2001,0,Good
SU,Shelduck,3920,FEB-2001,0,Good
SU,Shelduck,3920,OCT-2001,0,Good
SU,Shelduck,3920,DEC-2001,0,Good
SU,Shelduck,3920,JAN-2002,0,Good
SU,Shelduck,3920,FEB-2002,0,Good
SU,Shelduck,3920,OCT-2002,0,Good
SU,Shelduck,3920,DEC-2002,0,Good
SU,Shelduck,3920,JAN-2003,0,Good
SU,Shelduck,3920,FEB-2003,0,Good
SU,Shelduck,3920,OCT-2003,0,Good
SU,Shelduck,3920,DEC-2003,0,Good
SU,Shelduck,3920,JAN-2004,0,Good
SU,Shelduck,3920,FEB-2004,1,Good
SU,Shelduck,3920,OCT-2004,0,Good
SU,Shelduck,3920,DEC-2004,0,Good
SU,Shelduck,3920,JAN-2005,0,Good
SU,Shelduck,3920,FEB-2005,0,Good
SU,Shelduck,3920,OCT-2005,0,Good
SU,Shelduck,3920,DEC-2005,0,Good
SU,Shelduck,3920,FEB-2006,0,Good
SU,Shelduck,3920,OCT-2006,0,Good
SU,Shelduck,3920,DEC-2006,0,Good
SU,Shelduck,3920,JAN-2007,0,Good
SU,Shelduck,3920,FEB-2007,0,Good
SU,Shelduck,3920,OCT-2007,0,Good
SU,Shelduck,3920,DEC-2007,0,Poor
SU,Shelduck,3920,JAN-2008,0,Good
SU,Shelduck,3920,FEB-2008,0,Good
SU,Shelduck,3920,OCT-2008,0,Poor
SU,Shelduck,3920,DEC-2008,0,Good
SU,Shelduck,3920,JAN-2009,0,Good
SU,Shelduck,3920,FEB-2009,0,Good
SU,Shelduck,3920,OCT-2009,0,Good
SU,Shelduck,3920,JAN-2010,0,Good
SU,Shelduck,3920,FEB-2010,0,Good
SU,Shelduck,3920,OCT-2010,0,Good
SU,Shelduck,3920,DEC-2010,0,Good
SU,Shelduck,3920,JAN-2011,0,Good
SU,Shelduck,3920,FEB-2011,0,Good
SU,Shelduck,3920,OCT-2011,0,Good
SU,Shelduck,3920,DEC-2011,0,Good
SU,Shelduck,3920,JAN-2012,0,Good
SU,Shelduck,3920,FEB-2012,0,Good
SU,Shelduck,3920,JUN-2012,0,Good
SU,Shelduck,3920,OCT-2012,0,Good
SU,Shelduck,3920,DEC-2012,0,Good
SU,Shelduck,3920,JAN-2013,0,Good
SU,Shelduck,3920,FEB-2013,0,Good
SU,Shelduck,3920,OCT-2013,0,Good
SU,Shelduck,3920,DEC-2013,0,Good
SU,Shelduck,3920,JAN-2014,0,Good
SU,Shelduck,3920,FEB-2014,0,Good
SU,Shelduck,3920,OCT-2014,0,Good
SU,Shelduck,3920,DEC-2014,0,Good
SU,Shelduck,3920,JAN-2015,0,Good
SU,Shelduck,3920,FEB-2015,0,Good
SU,Shelduck,3920,OCT-2015,0,Good
SU,Shelduck,3920,DEC-2015,0,Good
SU,Shelduck,3920,JAN-2016,0,Good
SU,Shelduck,3920,FEB-2016,0,Good
SU,Shelduck,3920,OCT-2016,0,Good
SU,Shelduck,3920,DEC-2016,0,Good
SU,Shelduck,3920,JAN-2017,0,Good
SU,Shelduck,3920,FEB-2017,0,Good
SU,Shelduck,3920,OCT-2017,0,Good
SU,Shelduck,3920,DEC-2017,0,Good
SU,Shelduck,3920,JAN-2018,0,Good
SU,Shelduck,3920,FEB-2018,0,Good
SU,Shelduck,3920,OCT-2018,0,Good
SU,Shelduck,3920,DEC-2018,0,Good
SU,Shelduck,3920,JAN-2019,0,Good
SU,Shelduck,3920,FEB-2019,0,Good
WN,Wigeon,4620,OCT-1999,25,Good
WN,Wigeon,4620,DEC-1999,23,Good
WN,Wigeon,4620,JAN-2000,14,Good
WN,Wigeon,4620,FEB-2000,18,Good
WN,Wigeon,4620,OCT-2000,25,Good
WN,Wigeon,4620,DEC-2000,8,Good
WN,Wigeon,4620,JAN-2001,14,Good
WN,Wigeon,4620,FEB-2001,10,Good
WN,Wigeon,4620,OCT-2001,56,Good
WN,Wigeon,4620,DEC-2001,11,Good
WN,Wigeon,4620,JAN-2002,10,Good
WN,Wigeon,4620,FEB-2002,0,Good
WN,Wigeon,4620,OCT-2002,41,Good
WN,Wigeon,4620,DEC-2002,25,Good
WN,Wigeon,4620,JAN-2003,8,Good
WN,Wigeon,4620,FEB-2003,27,Good
WN,Wigeon,4620,OCT-2003,24,Good
WN,Wigeon,4620,DEC-2003,19,Good
WN,Wigeon,4620,JAN-2004,20,Good
WN,Wigeon,4620,FEB-2004,22,Good
WN,Wigeon,4620,OCT-2004,34,Good
WN,Wigeon,4620,DEC-2004,27,Good
WN,Wigeon,4620,JAN-2005,34,Good
WN,Wigeon,4620,FEB-2005,18,Good
WN,Wigeon,4620,OCT-2005,46,Good
WN,Wigeon,4620,DEC-2005,27,Good
WN,Wigeon,4620,FEB-2006,21,Good
WN,Wigeon,4620,OCT-2006,10,Good
WN,Wigeon,4620,DEC-2006,20,Good
WN,Wigeon,4620,JAN-2007,20,Good
WN,Wigeon,4620,FEB-2007,21,Good
WN,Wigeon,4620,OCT-2007,38,Good
WN,Wigeon,4620,DEC-2007,28,Poor
WN,Wigeon,4620,JAN-2008,16,Good
WN,Wigeon,4620,FEB-2008,26,Good
WN,Wigeon,4620,OCT-2008,40,Poor
WN,Wigeon,4620,DEC-2008,12,Good
WN,Wigeon,4620,JAN-2009,8,Good
WN,Wigeon,4620,FEB-2009,9,Good
WN,Wigeon,4620,OCT-2009,7,Good
WN,Wigeon,4620,JAN-2010,0,Good
WN,Wigeon,4620,FEB-2010,16,Good
WN,Wigeon,4620,OCT-2010,7,Good
WN,Wigeon,4620,DEC-2010,20,Good
WN,Wigeon,4620,JAN-2011,0,Good
WN,Wigeon,4620,FEB-2011,11,Good
WN,Wigeon,4620,OCT-2011,26,Good
WN,Wigeon,4620,DEC-2011,3,Good
WN,Wigeon,4620,JAN-2012,9,Good
WN,Wigeon,4620,FEB-2012,24,Good
WN,Wigeon,4620,JUN-2012,0,Good
WN,Wigeon,4620,OCT-2012,10,Good
WN,Wigeon,4620,DEC-2012,8,Good
WN,Wigeon,4620,JAN-2013,33,Good
WN,Wigeon,4620,FEB-2013,30,Good
WN,Wigeon,4620,OCT-2013,48,Good
WN,Wigeon,4620,DEC-2013,14,Good
WN,Wigeon,4620,JAN-2014,4,Good
WN,Wigeon,4620,FEB-2014,11,Good
WN,Wigeon,4620,OCT-2014,9,Good
WN,Wigeon,4620,DEC-2014,21,Good
WN,Wigeon,4620,JAN-2015,14,Good
WN,Wigeon,4620,FEB-2015,17,Good
WN,Wigeon,4620,OCT-2015,30,Good
WN,Wigeon,4620,DEC-2015,5,Good
WN,Wigeon,4620,JAN-2016,13,Good
WN,Wigeon,4620,FEB-2016,0,Good
WN,Wigeon,4620,OCT-2016,34,Good
WN,Wigeon,4620,DEC-2016,7,Good
WN,Wigeon,4620,JAN-2017,0,Good
WN,Wigeon,4620,FEB-2017,17,Good
WN,Wigeon,4620,OCT-2017,19,Good
WN,Wigeon,4620,DEC-2017,9,Good
WN,Wigeon,4620,JAN-2018,16,Good
WN,Wigeon,4620,FEB-2018,18,Good
WN,Wigeon,4620,OCT-2018,0,Good
WN,Wigeon,4620,DEC-2018,17,Good
WN,Wigeon,4620,JAN-2019,41,Good
WN,Wigeon,4620,FEB-2019,21,Good
MA,Mallard,4840,OCT-1999,35,Good
MA,Mallard,4840,DEC-1999,135,Good
MA,Mallard,4840,JAN-2000,99,Good
MA,Mallard,4840,FEB-2000,109,Good
MA,Mallard,4840,OCT-2000,116,Good
MA,Mallard,4840,DEC-2000,66,Good
MA,Mallard,4840,JAN-2001,63,Good
MA,Mallard,4840,FEB-2001,47,Good
MA,Mallard,4840,OCT-2001,13,Good
MA,Mallard,4840,DEC-2001,45,Good
MA,Mallard,4840,JAN-2002,34,Good
MA,Mallard,4840,FEB-2002,17,Good
MA,Mallard,4840,OCT-2002,43,Good
MA,Mallard,4840,DEC-2002,50,Good
MA,Mallard,4840,JAN-2003,24,Good
MA,Mallard,4840,FEB-2003,61,Good
MA,Mallard,4840,OCT-2003,45,Good
MA,Mallard,4840,DEC-2003,29,Good
MA,Mallard,4840,JAN-2004,40,Good
MA,Mallard,4840,FEB-2004,29,Good
MA,Mallard,4840,OCT-2004,56,Good
MA,Mallard,4840,DEC-2004,81,Good
MA,Mallard,4840,JAN-2005,60,Good
MA,Mallard,4840,FEB-2005,58,Good
MA,Mallard,4840,OCT-2005,75,Good
MA,Mallard,4840,DEC-2005,57,Good
MA,Mallard,4840,FEB-2006,8,Good
MA,Mallard,4840,OCT-2006,38,Good
MA,Mallard,4840,DEC-2006,25,Good
MA,Mallard,4840,JAN-2007,55,Good
MA,Mallard,4840,FEB-2007,50,Good
MA,Mallard,4840,OCT-2007,50,Good
MA,Mallard,4840,DEC-2007,18,Poor
MA,Mallard,4840,JAN-2008,33,Good
MA,Mallard,4840,FEB-2008,29,Good
MA,Mallard,4840,OCT-2008,40,Poor
MA,Mallard,4840,DEC-2008,27,Good
MA,Mallard,4840,JAN-2009,30,Good
MA,Mallard,4840,FEB-2009,4,Good
MA,Mallard,4840,OCT-2009,15,Good
MA,Mallard,4840,JAN-2010,34,Good
MA,Mallard,4840,FEB-2010,39,Good
MA,Mallard,4840,OCT-2010,27,Good
MA,Mallard,4840,DEC-2010,27,Good
MA,Mallard,4840,JAN-2011,45,Good
MA,Mallard,4840,FEB-2011,0,Good
MA,Mallard,4840,OCT-2011,29,Good
MA,Mallard,4840,DEC-2011,40,Good
MA,Mallard,4840,JAN-2012,50,Good
MA,Mallard,4840,FEB-2012,38,Good
MA,Mallard,4840,JUN-2012,8,Good
MA,Mallard,4840,OCT-2012,7,Good
MA,Mallard,4840,DEC-2012,5,Good
MA,Mallard,4840,JAN-2013,26,Good
MA,Mallard,4840,FEB-2013,30,Good
MA,Mallard,4840,OCT-2013,11,Good
MA,Mallard,4840,DEC-2013,24,Good
MA,Mallard,4840,JAN-2014,22,Good
MA,Mallard,4840,FEB-2014,26,Good
MA,Mallard,4840,OCT-2014,19,Good
MA,Mallard,4840,DEC-2014,10,Good
MA,Mallard,4840,JAN-2015,19,Good
MA,Mallard,4840,FEB-2015,12,Good
MA,Mallard,4840,OCT-2015,23,Good
MA,Mallard,4840,DEC-2015,21,Good
MA,Mallard,4840,JAN-2016,21,Good
MA,Mallard,4840,FEB-2016,20,Good
MA,Mallard,4840,OCT-2016,4,Good
MA,Mallard,4840,DEC-2016,0,Good
MA,Mallard,4840,JAN-2017,30,Good
MA,Mallard,4840,FEB-2017,22,Good
MA,Mallard,4840,OCT-2017,35,Good
MA,Mallard,4840,DEC-2017,36,Good
MA,Mallard,4840,JAN-2018,51,Good
MA,Mallard,4840,FEB-2018,32,Good
MA,Mallard,4840,OCT-2018,35,Good
MA,Mallard,4840,DEC-2018,28,Good
MA,Mallard,4840,JAN-2019,36,Good
MA,Mallard,4840,FEB-2019,27,Good
T.,Teal,5080,OCT-1999,0,Good
T.,Teal,5080,DEC-1999,0,Good
T.,Teal,5080,JAN-2000,0,Good
T.,Teal,5080,FEB-2000,0,Good
T.,Teal,5080,OCT-2000,0,Good
T.,Teal,5080,DEC-2000,0,Good
T.,Teal,5080,JAN-2001,0,Good
T.,Teal,5080,FEB-2001,0,Good
T.,Teal,5080,OCT-2001,0,Good
T.,Teal,5080,DEC-2001,0,Good
T.,Teal,5080,JAN-2002,0,Good
T.,Teal,5080,FEB-2002,0,Good
T.,Teal,5080,OCT-2002,0,Good
T.,Teal,5080,DEC-2002,0,Good
T.,Teal,5080,JAN-2003,0,Good
T.,Teal,5080,FEB-2003,0,Good
T.,Teal,5080,OCT-2003,0,Good
T.,Teal,5080,DEC-2003,0,Good
T.,Teal,5080,JAN-2004,0,Good
T.,Teal,5080,FEB-2004,0,Good
T.,Teal,5080,OCT-2004,0,Good
T.,Teal,5080,DEC-2004,0,Good
T.,Teal,5080,JAN-2005,0,Good
T.,Teal,5080,FEB-2005,0,Good
T.,Teal,5080,OCT-2005,0,Good
T.,Teal,5080,DEC-2005,0,Good
T.,Teal,5080,FEB-2006,0,Good
T.,Teal,5080,OCT-2006,0,Good
T.,Teal,5080,DEC-2006,0,Good
T.,Teal,5080,JAN-2007,0,Good
T.,Teal,5080,FEB-2007,0,Good
T.,Teal,5080,OCT-2007,6,Good
T.,Teal,5080,DEC-2007,0,Poor
T.,Teal,5080,JAN-2008,0,Good
T.,Teal,5080,FEB-2008,0,Good
T.,Teal,5080,OCT-2008,0,Poor
T.,Teal,5080,DEC-2008,0,Good
T.,Teal,5080,JAN-2009,0,Good
T.,Teal,5080,FEB-2009,0,Good
T.,Teal,5080,OCT-2009,0,Good
T.,Teal,5080,JAN-2010,0,Good
T.,Teal,5080,FEB-2010,0,Good
T.,Teal,5080,OCT-2010,0,Good
T.,Teal,5080,DEC-2010,0,Good
T.,Teal,5080,JAN-2011,0,Good
T.,Teal,5080,FEB-2011,0,Good
T.,Teal,5080,OCT-2011,0,Good
T.,Teal,5080,DEC-2011,0,Good
T.,Teal,5080,JAN-2012,0,Good
T.,Teal,5080,FEB-2012,0,Good
T.,Teal,5080,JUN-2012,0,Good
T.,Teal,5080,OCT-2012,0,Good
T.,Teal,5080,DEC-2012,0,Good
T.,Teal,5080,JAN-2013,0,Good
T.,Teal,5080,FEB-2013,0,Good
T.,Teal,5080,OCT-2013,0,Good
T.,Teal,5080,DEC-2013,0,Good
T.,Teal,5080,JAN-2014,0,Good
T.,Teal,5080,FEB-2014,0,Good
T.,Teal,5080,OCT-2014,0,Good
T.,Teal,5080,DEC-2014,0,Good
T.,Teal,5080,JAN-2015,0,Good
T.,Teal,5080,FEB-2015,0,Good
T.,Teal,5080,OCT-2015,0,Good
T.,Teal,5080,DEC-2015,0,Good
T.,Teal,5080,JAN-2016,0,Good
T.,Teal,5080,FEB-2016,0,Good
T.,Teal,5080,OCT-2016,0,Good
T.,Teal,5080,DEC-2016,0,Good
T.,Teal,5080,JAN-2017,0,Good
T.,Teal,5080,FEB-2017,0,Good
T.,Teal,5080,OCT-2017,0,Good
T.,Teal,5080,DEC-2017,0,Good
T.,Teal,5080,JAN-2018,0,Good
T.,Teal,5080,FEB-2018,0,Good
T.,Teal,5080,OCT-2018,0,Good
T.,Teal,5080,DEC-2018,0,Good
T.,Teal,5080,JAN-2019,0,Good
T.,Teal,5080,FEB-2019,0,Good
EE,Eider (except Shetland),5690,OCT-1999,0,Good
EE,Eider (except Shetland),5690,DEC-1999,0,Good
EE,Eider (except Shetland),5690,JAN-2000,0,Good
EE,Eider (except Shetland),5690,FEB-2000,0,Good
EE,Eider (except Shetland),5690,OCT-2000,0,Good
EE,Eider (except Shetland),5690,DEC-2000,0,Good
EE,Eider (except Shetland),5690,JAN-2001,0,Good
EE,Eider (except Shetland),5690,FEB-2001,0,Good
EE,Eider (except Shetland),5690,OCT-2001,0,Good
EE,Eider (except Shetland),5690,DEC-2001,0,Good
EE,Eider (except Shetland),5690,JAN-2002,0,Good
EE,Eider (except Shetland),5690,FEB-2002,0,Good
EE,Eider (except Shetland),5690,OCT-2002,0,Good
EE,Eider (except Shetland),5690,DEC-2002,0,Good
EE,Eider (except Shetland),5690,JAN-2003,0,Good
EE,Eider (except Shetland),5690,FEB-2003,0,Good
EE,Eider (except Shetland),5690,OCT-2003,0,Good
EE,Eider (except Shetland),5690,DEC-2003,0,Good
EE,Eider (except Shetland),5690,JAN-2004,0,Good
EE,Eider (except Shetland),5690,FEB-2004,2,Good
EE,Eider (except Shetland),5690,OCT-2004,0,Good
EE,Eider (except Shetland),5690,DEC-2004,0,Good
EE,Eider (except Shetland),5690,JAN-2005,0,Good
EE,Eider (except Shetland),5690,FEB-2005,0,Good
EE,Eider (except Shetland),5690,OCT-2005,0,Good
EE,Eider (except Shetland),5690,DEC-2005,0,Good
EE,Eider (except Shetland),5690,FEB-2006,0,Good
EE,Eider (except Shetland),5690,OCT-2006,0,Good
EE,Eider (except Shetland),5690,DEC-2006,0,Good
EE,Eider (except Shetland),5690,JAN-2007,0,Good
EE,Eider (except Shetland),5690,FEB-2007,0,Good
EE,Eider (except Shetland),5690,OCT-2007,0,Good
EE,Eider (except Shetland),5690,DEC-2007,0,Poor
EE,Eider (except Shetland),5690,JAN-2008,0,Good
EE,Eider (except Shetland),5690,FEB-2008,17,Good
EE,Eider (except Shetland),5690,OCT-2008,0,Poor
EE,Eider (except Shetland),5690,DEC-2008,22,Good
EE,Eider (except Shetland),5690,JAN-2009,0,Good
EE,Eider (except Shetland),5690,FEB-2009,0,Good
EE,Eider (except Shetland),5690,OCT-2009,0,Good
EE,Eider (except Shetland),5690,JAN-2010,0,Good
EE,Eider (except Shetland),5690,FEB-2010,6,Good
EE,Eider (except Shetland),5690,OCT-2010,0,Good
EE,Eider (except Shetland),5690,DEC-2010,0,Good
EE,Eider (except Shetland),5690,JAN-2011,0,Good
EE,Eider (except Shetland),5690,FEB-2011,0,Good
EE,Eider (except Shetland),5690,OCT-2011,0,Good
EE,Eider (except Shetland),5690,DEC-2011,0,Good
EE,Eider (except Shetland),5690,JAN-2012,8,Good
EE,Eider (except Shetland),5690,FEB-2012,0,Good
EE,Eider (except Shetland),5690,JUN-2012,0,Good
EE,Eider (except Shetland),5690,OCT-2012,0,Good
EE,Eider (except Shetland),5690,DEC-2012,51,Good
EE,Eider (except Shetland),5690,JAN-2013,0,Good
EE,Eider (except Shetland),5690,FEB-2013,0,Good
EE,Eider (except Shetland),5690,OCT-2013,0,Good
EE,Eider (except Shetland),5690,DEC-2013,0,Good
EE,Eider (except Shetland),5690,JAN-2014,0,Good
EE,Eider (except Shetland),5690,FEB-2014,5,Good
EE,Eider (except Shetland),5690,OCT-2014,0,Good
EE,Eider (except Shetland),5690,DEC-2014,0,Good
EE,Eider (except Shetland),5690,JAN-2015,0,Good
EE,Eider (except Shetland),5690,FEB-2015,0,Good
EE,Eider (except Shetland),5690,OCT-2015,0,Good
EE,Eider (except Shetland),5690,DEC-2015,0,Good
EE,Eider (except Shetland),5690,JAN-2016,0,Good
EE,Eider (except Shetland),5690,FEB-2016,0,Good
EE,Eider (except Shetland),5690,OCT-2016,0,Good
EE,Eider (except Shetland),5690,DEC-2016,0,Good
EE,Eider (except Shetland),5690,JAN-2017,0,Good
EE,Eider (except Shetland),5690,FEB-2017,0,Good
EE,Eider (except Shetland),5690,OCT-2017,0,Good
EE,Eider (except Shetland),5690,DEC-2017,0,Good
EE,Eider (except Shetland),5690,JAN-2018,0,Good
EE,Eider (except Shetland),5690,FEB-2018,1,Good
EE,Eider (except Shetland),5690,OCT-2018,0,Good
EE,Eider (except Shetland),5690,DEC-2018,0,Good
EE,Eider (except Shetland),5690,JAN-2019,0,Good
EE,Eider (except Shetland),5690,FEB-2019,0,Good
UX,Unidentified scoter,5830,OCT-1999,0,Good
UX,Unidentified scoter,5830,DEC-1999,0,Good
UX,Unidentified scoter,5830,JAN-2000,0,Good
UX,Unidentified scoter,5830,FEB-2000,0,Good
UX,Unidentified scoter,5830,OCT-2000,0,Good
UX,Unidentified scoter,5830,DEC-2000,0,Good
UX,Unidentified scoter,5830,JAN-2001,0,Good
UX,Unidentified scoter,5830,FEB-2001,0,Good
UX,Unidentified scoter,5830,OCT-2001,0,Good
UX,Unidentified scoter,5830,DEC-2001,0,Good
UX,Unidentified scoter,5830,JAN-2002,0,Good
UX,Unidentified scoter,5830,FEB-2002,0,Good
UX,Unidentified scoter,5830,OCT-2002,0,Good
UX,Unidentified scoter,5830,DEC-2002,0,Good
UX,Unidentified scoter,5830,JAN-2003,0,Good
UX,Unidentified scoter,5830,FEB-2003,0,Good
UX,Unidentified scoter,5830,OCT-2003,0,Good
UX,Unidentified scoter,5830,DEC-2003,0,Good
UX,Unidentified scoter,5830,JAN-2004,0,Good
UX,Unidentified scoter,5830,FEB-2004,0,Good
UX,Unidentified scoter,5830,OCT-2004,0,Good
UX,Unidentified scoter,5830,DEC-2004,0,Good
UX,Unidentified scoter,5830,JAN-2005,0,Good
UX,Unidentified scoter,5830,FEB-2005,0,Good
UX,Unidentified scoter,5830,OCT-2005,0,Good
UX,Unidentified scoter,5830,DEC-2005,0,Good
UX,Unidentified scoter,5830,FEB-2006,0,Good
UX,Unidentified scoter,5830,OCT-2006,0,Good
UX,Unidentified scoter,5830,DEC-2006,0,Good
UX,Unidentified scoter,5830,JAN-2007,0,Good
UX,Unidentified scoter,5830,FEB-2007,0,Good
UX,Unidentified scoter,5830,OCT-2007,0,Good
UX,Unidentified scoter,5830,DEC-2007,0,Poor
UX,Unidentified scoter,5830,JAN-2008,0,Good
UX,Unidentified scoter,5830,FEB-2008,0,Good
UX,Unidentified scoter,5830,OCT-2008,0,Poor
UX,Unidentified scoter,5830,DEC-2008,0,Good
UX,Unidentified scoter,5830,JAN-2009,0,Good
UX,Unidentified scoter,5830,FEB-2009,0,Good
UX,Unidentified scoter,5830,OCT-2009,0,Good
UX,Unidentified scoter,5830,JAN-2010,0,Good
UX,Unidentified scoter,5830,FEB-2010,0,Good
UX,Unidentified scoter,5830,OCT-2010,0,Good
UX,Unidentified scoter,5830,DEC-2010,0,Good
UX,Unidentified scoter,5830,JAN-2011,0,Good
UX,Unidentified scoter,5830,FEB-2011,0,Good
UX,Unidentified scoter,5830,OCT-2011,0,Good
UX,Unidentified scoter,5830,DEC-2011,0,Good
UX,Unidentified scoter,5830,JAN-2012,0,Good
UX,Unidentified scoter,5830,FEB-2012,0,Good
UX,Unidentified scoter,5830,JUN-2012,0,Good
UX,Unidentified scoter,5830,OCT-2012,0,Good
UX,Unidentified scoter,5830,DEC-2012,0,Good
UX,Unidentified scoter,5830,JAN-2013,0,Good
UX,Unidentified scoter,5830,FEB-2013,0,Good
UX,Unidentified scoter,5830,OCT-2013,450,Good
UX,Unidentified scoter,5830,DEC-2013,0,Good
UX,Unidentified scoter,5830,JAN-2014,0,Good
UX,Unidentified scoter,5830,FEB-2014,0,Good
UX,Unidentified scoter,5830,OCT-2014,0,Good
UX,Unidentified scoter,5830,DEC-2014,0,Good
UX,Unidentified scoter,5830,JAN-2015,0,Good
UX,Unidentified scoter,5830,FEB-2015,0,Good
UX,Unidentified scoter,5830,OCT-2015,0,Good
UX,Unidentified scoter,5830,DEC-2015,0,Good
UX,Unidentified scoter,5830,JAN-2016,0,Good
UX,Unidentified scoter,5830,FEB-2016,0,Good
UX,Unidentified scoter,5830,OCT-2016,0,Good
UX,Unidentified scoter,5830,DEC-2016,0,Good
UX,Unidentified scoter,5830,JAN-2017,0,Good
UX,Unidentified scoter,5830,FEB-2017,0,Good
UX,Unidentified scoter,5830,OCT-2017,0,Good
UX,Unidentified scoter,5830,DEC-2017,0,Good
UX,Unidentified scoter,5830,JAN-2018,0,Good
UX,Unidentified scoter,5830,FEB-2018,0,Good
UX,Unidentified scoter,5830,OCT-2018,0,Good
UX,Unidentified scoter,5830,DEC-2018,0,Good
UX,Unidentified scoter,5830,JAN-2019,0,Good
UX,Unidentified scoter,5830,FEB-2019,0,Good
LN,Long-tailed Duck,5850,OCT-1999,0,Good
LN,Long-tailed Duck,5850,DEC-1999,12,Good
LN,Long-tailed Duck,5850,JAN-2000,5,Good
LN,Long-tailed Duck,5850,FEB-2000,0,Good
LN,Long-tailed Duck,5850,OCT-2000,0,Good
LN,Long-tailed Duck,5850,DEC-2000,57,Good
LN,Long-tailed Duck,5850,JAN-2001,12,Good
LN,Long-tailed Duck,5850,FEB-2001,6,Good
LN,Long-tailed Duck,5850,OCT-2001,0,Good
LN,Long-tailed Duck,5850,DEC-2001,5,Good
LN,Long-tailed Duck,5850,JAN-2002,2,Good
LN,Long-tailed Duck,5850,FEB-2002,2,Good
LN,Long-tailed Duck,5850,OCT-2002,0,Good
LN,Long-tailed Duck,5850,DEC-2002,0,Good
LN,Long-tailed Duck,5850,JAN-2003,0,Good
LN,Long-tailed Duck,5850,FEB-2003,0,Good
LN,Long-tailed Duck,5850,OCT-2003,0,Good
LN,Long-tailed Duck,5850,DEC-2003,0,Good
LN,Long-tailed Duck,5850,JAN-2004,0,Good
LN,Long-tailed Duck,5850,FEB-2004,6,Good
LN,Long-tailed Duck,5850,OCT-2004,0,Good
LN,Long-tailed Duck,5850,DEC-2004,0,Good
LN,Long-tailed Duck,5850,JAN-2005,0,Good
LN,Long-tailed Duck,5850,FEB-2005,30,Good
LN,Long-tailed Duck,5850,OCT-2005,0,Good
LN,Long-tailed Duck,5850,DEC-2005,19,Good
LN,Long-tailed Duck,5850,FEB-2006,23,Good
LN,Long-tailed Duck,5850,OCT-2006,0,Good
LN,Long-tailed Duck,5850,DEC-2006,0,Good
LN,Long-tailed Duck,5850,JAN-2007,0,Good
LN,Long-tailed Duck,5850,FEB-2007,0,Good
LN,Long-tailed Duck,5850,OCT-2007,0,Good
LN,Long-tailed Duck,5850,DEC-2007,8,Poor
LN,Long-tailed Duck,5850,JAN-2008,4,Good
LN,Long-tailed Duck,5850,FEB-2008,5,Good
LN,Long-tailed Duck,5850,OCT-2008,0,Poor
LN,Long-tailed Duck,5850,DEC-2008,6,Good
LN,Long-tailed Duck,5850,JAN-2009,0,Good
LN,Long-tailed Duck,5850,FEB-2009,2,Good
LN,Long-tailed Duck,5850,OCT-2009,0,Good
LN,Long-tailed Duck,5850,JAN-2010,0,Good
LN,Long-tailed Duck,5850,FEB-2010,0,Good
LN,Long-tailed Duck,5850,OCT-2010,0,Good
LN,Long-tailed Duck,5850,DEC-2010,0,Good
LN,Long-tailed Duck,5850,JAN-2011,2,Good
LN,Long-tailed Duck,5850,FEB-2011,0,Good
LN,Long-tailed Duck,5850,OCT-2011,0,Good
LN,Long-tailed Duck,5850,DEC-2011,0,Good
LN,Long-tailed Duck,5850,JAN-2012,48,Good
LN,Long-tailed Duck,5850,FEB-2012,8,Good
LN,Long-tailed Duck,5850,JUN-2012,0,Good
LN,Long-tailed Duck,5850,OCT-2012,0,Good
LN,Long-tailed Duck,5850,DEC-2012,36,Good
LN,Long-tailed Duck,5850,JAN-2013,6,Good
LN,Long-tailed Duck,5850,FEB-2013,0,Good
LN,Long-tailed Duck,5850,OCT-2013,1,Good
LN,Long-tailed Duck,5850,DEC-2013,1,Good
LN,Long-tailed Duck,5850,JAN-2014,0,Good
LN,Long-tailed Duck,5850,FEB-2014,5,Good
LN,Long-tailed Duck,5850,OCT-2014,0,Good
LN,Long-tailed Duck,5850,DEC-2014,0,Good
LN,Long-tailed Duck,5850,JAN-2015,0,Good
LN,Long-tailed Duck,5850,FEB-2015,0,Good
LN,Long-tailed Duck,5850,OCT-2015,0,Good
LN,Long-tailed Duck,5850,DEC-2015,0,Good
LN,Long-tailed Duck,5850,JAN-2016,0,Good
LN,Long-tailed Duck,5850,FEB-2016,14,Good
LN,Long-tailed Duck,5850,OCT-2016,0,Good
LN,Long-tailed Duck,5850,DEC-2016,0,Good
LN,Long-tailed Duck,5850,JAN-2017,0,Good
LN,Long-tailed Duck,5850,FEB-2017,1,Good
LN,Long-tailed Duck,5850,OCT-2017,0,Good
LN,Long-tailed Duck,5850,DEC-2017,0,Good
LN,Long-tailed Duck,5850,JAN-2018,9,Good
LN,Long-tailed Duck,5850,FEB-2018,0,Good
LN,Long-tailed Duck,5850,OCT-2018,0,Good
LN,Long-tailed Duck,5850,DEC-2018,0,Good
LN,Long-tailed Duck,5850,JAN-2019,2,Good
LN,Long-tailed Duck,5850,FEB-2019,0,Good
GN,Goldeneye,5880,OCT-1999,0,Good
GN,Goldeneye,5880,DEC-1999,3,Good
GN,Goldeneye,5880,JAN-2000,2,Good
GN,Goldeneye,5880,FEB-2000,7,Good
GN,Goldeneye,5880,OCT-2000,0,Good
GN,Goldeneye,5880,DEC-2000,7,Good
GN,Goldeneye,5880,JAN-2001,8,Good
GN,Goldeneye,5880,FEB-2001,3,Good
GN,Goldeneye,5880,OCT-2001,0,Good
GN,Goldeneye,5880,DEC-2001,11,Good
GN,Goldeneye,5880,JAN-2002,6,Good
GN,Goldeneye,5880,FEB-2002,9,Good
GN,Goldeneye,5880,OCT-2002,0,Good
GN,Goldeneye,5880,DEC-2002,0,Good
GN,Goldeneye,5880,JAN-2003,12,Good
GN,Goldeneye,5880,FEB-2003,3,Good
GN,Goldeneye,5880,OCT-2003,0,Good
GN,Goldeneye,5880,DEC-2003,9,Good
GN,Goldeneye,5880,JAN-2004,7,Good
GN,Goldeneye,5880,FEB-2004,10,Good
GN,Goldeneye,5880,OCT-2004,0,Good
GN,Goldeneye,5880,DEC-2004,13,Good
GN,Goldeneye,5880,JAN-2005,13,Good
GN,Goldeneye,5880,FEB-2005,11,Good
GN,Goldeneye,5880,OCT-2005,0,Good
GN,Goldeneye,5880,DEC-2005,4,Good
GN,Goldeneye,5880,FEB-2006,4,Good
GN,Goldeneye,5880,OCT-2006,4,Good
GN,Goldeneye,5880,DEC-2006,5,Good
GN,Goldeneye,5880,JAN-2007,8,Good
GN,Goldeneye,5880,FEB-2007,20,Good
GN,Goldeneye,5880,OCT-2007,0,Good
GN,Goldeneye,5880,DEC-2007,3,Poor
GN,Goldeneye,5880,JAN-2008,10,Good
GN,Goldeneye,5880,FEB-2008,13,Good
GN,Goldeneye,5880,OCT-2008,0,Poor
GN,Goldeneye,5880,DEC-2008,4,Good
GN,Goldeneye,5880,JAN-2009,5,Good
GN,Goldeneye,5880,FEB-2009,5,Good
GN,Goldeneye,5880,OCT-2009,0,Good
GN,Goldeneye,5880,JAN-2010,17,Good
GN,Goldeneye,5880,FEB-2010,10,Good
GN,Goldeneye,5880,OCT-2010,1,Good
GN,Goldeneye,5880,DEC-2010,4,Good
GN,Goldeneye,5880,JAN-2011,5,Good
GN,Goldeneye,5880,FEB-2011,3,Good
GN,Goldeneye,5880,OCT-2011,0,Good
GN,Goldeneye,5880,DEC-2011,8,Good
GN,Goldeneye,5880,JAN-2012,2,Good
GN,Goldeneye,5880,FEB-2012,13,Good
GN,Goldeneye,5880,JUN-2012,0,Good
GN,Goldeneye,5880,OCT-2012,0,Good
GN,Goldeneye,5880,DEC-2012,8,Good
GN,Goldeneye,5880,JAN-2013,7,Good
GN,Goldeneye,5880,FEB-2013,5,Good
GN,Goldeneye,5880,OCT-2013,0,Good
GN,Goldeneye,5880,DEC-2013,3,Good
GN,Goldeneye,5880,JAN-2014,5,Good
GN,Goldeneye,5880,FEB-2014,11,Good
GN,Goldeneye,5880,OCT-2014,1,Good
GN,Goldeneye,5880,DEC-2014,7,Good
GN,Goldeneye,5880,JAN-2015,6,Good
GN,Goldeneye,5880,FEB-2015,5,Good
GN,Goldeneye,5880,OCT-2015,0,Good
GN,Goldeneye,5880,DEC-2015,8,Good
GN,Goldeneye,5880,JAN-2016,3,Good
GN,Goldeneye,5880,FEB-2016,6,Good
GN,Goldeneye,5880,OCT-2016,0,Good
GN,Goldeneye,5880,DEC-2016,4,Good
GN,Goldeneye,5880,JAN-2017,6,Good
GN,Goldeneye,5880,FEB-2017,12,Good
GN,Goldeneye,5880,OCT-2017,0,Good
GN,Goldeneye,5880,DEC-2017,3,Good
GN,Goldeneye,5880,JAN-2018,6,Good
GN,Goldeneye,5880,FEB-2018,4,Good
GN,Goldeneye,5880,OCT-2018,0,Good
GN,Goldeneye,5880,DEC-2018,6,Good
GN,Goldeneye,5880,JAN-2019,2,Good
GN,Goldeneye,5880,FEB-2019,4,Good
GD,Goosander,5990,OCT-1999,0,Good
GD,Goosander,5990,DEC-1999,0,Good
GD,Goosander,5990,JAN-2000,0,Good
GD,Goosander,5990,FEB-2000,0,Good
GD,Goosander,5990,OCT-2000,0,Good
GD,Goosander,5990,DEC-2000,0,Good
GD,Goosander,5990,JAN-2001,0,Good
GD,Goosander,5990,FEB-2001,0,Good
GD,Goosander,5990,OCT-2001,0,Good
GD,Goosander,5990,DEC-2001,0,Good
GD,Goosander,5990,JAN-2002,0,Good
GD,Goosander,5990,FEB-2002,0,Good
GD,Goosander,5990,OCT-2002,0,Good
GD,Goosander,5990,DEC-2002,0,Good
GD,Goosander,5990,JAN-2003,0,Good
GD,Goosander,5990,FEB-2003,0,Good
GD,Goosander,5990,OCT-2003,0,Good
GD,Goosander,5990,DEC-2003,0,Good
GD,Goosander,5990,JAN-2004,0,Good
GD,Goosander,5990,FEB-2004,0,Good
GD,Goosander,5990,OCT-2004,0,Good
GD,Goosander,5990,DEC-2004,0,Good
GD,Goosander,5990,JAN-2005,0,Good
GD,Goosander,5990,FEB-2005,0,Good
GD,Goosander,5990,OCT-2005,0,Good
GD,Goosander,5990,DEC-2005,0,Good
GD,Goosander,5990,FEB-2006,0,Good
GD,Goosander,5990,OCT-2006,0,Good
GD,Goosander,5990,DEC-2006,0,Good
GD,Goosander,5990,JAN-2007,0,Good
GD,Goosander,5990,FEB-2007,0,Good
GD,Goosander,5990,OCT-2007,0,Good
GD,Goosander,5990,DEC-2007,0,Poor
GD,Goosander,5990,JAN-2008,0,Good
GD,Goosander,5990,FEB-2008,0,Good
GD,Goosander,5990,OCT-2008,0,Poor
GD,Goosander,5990,DEC-2008,0,Good
GD,Goosander,5990,JAN-2009,0,Good
GD,Goosander,5990,FEB-2009,0,Good
GD,Goosander,5990,OCT-2009,0,Good
GD,Goosander,5990,JAN-2010,0,Good
GD,Goosander,5990,FEB-2010,0,Good
GD,Goosander,5990,OCT-2010,0,Good
GD,Goosander,5990,DEC-2010,0,Good
GD,Goosander,5990,JAN-2011,0,Good
GD,Goosander,5990,FEB-2011,0,Good
GD,Goosander,5990,OCT-2011,0,Good
GD,Goosander,5990,DEC-2011,0,Good
GD,Goosander,5990,JAN-2012,0,Good
GD,Goosander,5990,FEB-2012,0,Good
GD,Goosander,5990,JUN-2012,0,Good
GD,Goosander,5990,OCT-2012,0,Good
GD,Goosander,5990,DEC-2012,0,Good
GD,Goosander,5990,JAN-2013,0,Good
GD,Goosander,5990,FEB-2013,0,Good
GD,Goosander,5990,OCT-2013,0,Good
GD,Goosander,5990,DEC-2013,0,Good
GD,Goosander,5990,JAN-2014,0,Good
GD,Goosander,5990,FEB-2014,0,Good
GD,Goosander,5990,OCT-2014,0,Good
GD,Goosander,5990,DEC-2014,0,Good
GD,Goosander,5990,JAN-2015,0,Good
GD,Goosander,5990,FEB-2015,0,Good
GD,Goosander,5990,OCT-2015,5,Good
GD,Goosander,5990,DEC-2015,0,Good
GD,Goosander,5990,JAN-2016,0,Good
GD,Goosander,5990,FEB-2016,0,Good
GD,Goosander,5990,OCT-2016,0,Good
GD,Goosander,5990,DEC-2016,0,Good
GD,Goosander,5990,JAN-2017,0,Good
GD,Goosander,5990,FEB-2017,0,Good
GD,Goosander,5990,OCT-2017,3,Good
GD,Goosander,5990,DEC-2017,0,Good
GD,Goosander,5990,JAN-2018,1,Good
GD,Goosander,5990,FEB-2018,0,Good
GD,Goosander,5990,OCT-2018,0,Good
GD,Goosander,5990,DEC-2018,0,Good
GD,Goosander,5990,JAN-2019,0,Good
GD,Goosander,5990,FEB-2019,0,Good
RM,Red-breasted Merganser,6030,OCT-1999,0,Good
RM,Red-breasted Merganser,6030,DEC-1999,5,Good
RM,Red-breasted Merganser,6030,JAN-2000,4,Good
RM,Red-breasted Merganser,6030,FEB-2000,12,Good
RM,Red-breasted Merganser,6030,OCT-2000,0,Good
RM,Red-breasted Merganser,6030,DEC-2000,3,Good
RM,Red-breasted Merganser,6030,JAN-2001,5,Good
RM,Red-breasted Merganser,6030,FEB-2001,4,Good
RM,Red-breasted Merganser,6030,OCT-2001,0,Good
RM,Red-breasted Merganser,6030,DEC-2001,4,Good
RM,Red-breasted Merganser,6030,JAN-2002,3,Good
RM,Red-breasted Merganser,6030,FEB-2002,7,Good
RM,Red-breasted Merganser,6030,OCT-2002,0,Good
RM,Red-breasted Merganser,6030,DEC-2002,0,Good
RM,Red-breasted Merganser,6030,JAN-2003,4,Good
RM,Red-breasted Merganser,6030,FEB-2003,1,Good
RM,Red-breasted Merganser,6030,OCT-2003,1,Good
RM,Red-breasted Merganser,6030,DEC-2003,0,Good
RM,Red-breasted Merganser,6030,JAN-2004,7,Good
RM,Red-breasted Merganser,6030,FEB-2004,1,Good
RM,Red-breasted Merganser,6030,OCT-2004,6,Good
RM,Red-breasted Merganser,6030,DEC-2004,5,Good
RM,Red-breasted Merganser,6030,JAN-2005,2,Good
RM,Red-breasted Merganser,6030,FEB-2005,1,Good
RM,Red-breasted Merganser,6030,OCT-2005,0,Good
RM,Red-breasted Merganser,6030,DEC-2005,2,Good
RM,Red-breasted Merganser,6030,FEB-2006,0,Good
RM,Red-breasted Merganser,6030,OCT-2006,0,Good
RM,Red-breasted Merganser,6030,DEC-2006,4,Good
RM,Red-breasted Merganser,6030,JAN-2007,1,Good
RM,Red-breasted Merganser,6030,FEB-2007,4,Good
RM,Red-breasted Merganser,6030,OCT-2007,0,Good
RM,Red-breasted Merganser,6030,DEC-2007,1,Poor
RM,Red-breasted Merganser,6030,JAN-2008,8,Good
RM,Red-breasted Merganser,6030,FEB-2008,2,Good
RM,Red-breasted Merganser,6030,OCT-2008,0,Poor
RM,Red-breasted Merganser,6030,DEC-2008,5,Good
RM,Red-breasted Merganser,6030,JAN-2009,0,Good
RM,Red-breasted Merganser,6030,FEB-2009,4,Good
RM,Red-breasted Merganser,6030,OCT-2009,0,Good
RM,Red-breasted Merganser,6030,JAN-2010,2,Good
RM,Red-breasted Merganser,6030,FEB-2010,1,Good
RM,Red-breasted Merganser,6030,OCT-2010,6,Good
RM,Red-breasted Merganser,6030,DEC-2010,4,Good
RM,Red-breasted Merganser,6030,JAN-2011,4,Good
RM,Red-breasted Merganser,6030,FEB-2011,2,Good
RM,Red-breasted Merganser,6030,OCT-2011,1,Good
RM,Red-breasted Merganser,6030,DEC-2011,1,Good
RM,Red-breasted Merganser,6030,JAN-2012,3,Good
RM,Red-breasted Merganser,6030,FEB-2012,0,Good
RM,Red-breasted Merganser,6030,JUN-2012,0,Good
RM,Red-breasted Merganser,6030,OCT-2012,2,Good
RM,Red-breasted Merganser,6030,DEC-2012,4,Good
RM,Red-breasted Merganser,6030,JAN-2013,1,Good
RM,Red-breasted Merganser,6030,FEB-2013,0,Good
RM,Red-breasted Merganser,6030,OCT-2013,1,Good
RM,Red-breasted Merganser,6030,DEC-2013,2,Good
RM,Red-breasted Merganser,6030,JAN-2014,1,Good
RM,Red-breasted Merganser,6030,FEB-2014,2,Good
RM,Red-breasted Merganser,6030,OCT-2014,1,Good
RM,Red-breasted Merganser,6030,DEC-2014,2,Good
RM,Red-breasted Merganser,6030,JAN-2015,0,Good
RM,Red-breasted Merganser,6030,FEB-2015,0,Good
RM,Red-breasted Merganser,6030,OCT-2015,0,Good
RM,Red-breasted Merganser,6030,DEC-2015,0,Good
RM,Red-breasted Merganser,6030,JAN-2016,0,Good
RM,Red-breasted Merganser,6030,FEB-2016,0,Good
RM,Red-breasted Merganser,6030,OCT-2016,0,Good
RM,Red-breasted Merganser,6030,DEC-2016,0,Good
RM,Red-breasted Merganser,6030,JAN-2017,0,Good
RM,Red-breasted Merganser,6030,FEB-2017,0,Good
RM,Red-breasted Merganser,6030,OCT-2017,0,Good
RM,Red-breasted Merganser,6030,DEC-2017,0,Good
RM,Red-breasted Merganser,6030,JAN-2018,0,Good
RM,Red-breasted Merganser,6030,FEB-2018,20,Good
RM,Red-breasted Merganser,6030,OCT-2018,9,Good
RM,Red-breasted Merganser,6030,DEC-2018,6,Good
RM,Red-breasted Merganser,6030,JAN-2019,12,Good
RM,Red-breasted Merganser,6030,FEB-2019,0,Good
RH,Red-throated Diver,16760,OCT-1999,0,Good
RH,Red-throated Diver,16760,DEC-1999,0,Good
RH,Red-throated Diver,16760,JAN-2000,0,Good
RH,Red-throated Diver,16760,FEB-2000,0,Good
RH,Red-throated Diver,16760,OCT-2000,0,Good
RH,Red-throated Diver,16760,DEC-2000,2,Good
RH,Red-throated Diver,16760,JAN-2001,1,Good
RH,Red-throated Diver,16760,FEB-2001,0,Good
RH,Red-throated Diver,16760,OCT-2001,1,Good
RH,Red-throated Diver,16760,DEC-2001,0,Good
RH,Red-throated Diver,16760,JAN-2002,0,Good
RH,Red-throated Diver,16760,FEB-2002,4,Good
RH,Red-throated Diver,16760,OCT-2002,0,Good
RH,Red-throated Diver,16760,DEC-2002,0,Good
RH,Red-throated Diver,16760,JAN-2003,3,Good
RH,Red-throated Diver,16760,FEB-2003,0,Good
RH,Red-throated Diver,16760,OCT-2003,0,Good
RH,Red-throated Diver,16760,DEC-2003,0,Good
RH,Red-throated Diver,16760,JAN-2004,0,Good
RH,Red-throated Diver,16760,FEB-2004,0,Good
RH,Red-throated Diver,16760,OCT-2004,2,Good
RH,Red-throated Diver,16760,DEC-2004,0,Good
RH,Red-throated Diver,16760,JAN-2005,0,Good
RH,Red-throated Diver,16760,FEB-2005,0,Good
RH,Red-throated Diver,16760,OCT-2005,0,Good
RH,Red-throated Diver,16760,DEC-2005,0,Good
RH,Red-throated Diver,16760,FEB-2006,2,Good
RH,Red-throated Diver,16760,OCT-2006,0,Good
RH,Red-throated Diver,16760,DEC-2006,1,Good
RH,Red-throated Diver,16760,JAN-2007,0,Good
RH,Red-throated Diver,16760,FEB-2007,0,Good
RH,Red-throated Diver,16760,OCT-2007,0,Good
RH,Red-throated Diver,16760,DEC-2007,1,Poor
RH,Red-throated Diver,16760,JAN-2008,2,Good
RH,Red-throated Diver,16760,FEB-2008,1,Good
RH,Red-throated Diver,16760,OCT-2008,0,Poor
RH,Red-throated Diver,16760,DEC-2008,1,Good
RH,Red-throated Diver,16760,JAN-2009,0,Good
RH,Red-throated Diver,16760,FEB-2009,1,Good
RH,Red-throated Diver,16760,OCT-2009,0,Good
RH,Red-throated Diver,16760,JAN-2010,0,Good
RH,Red-throated Diver,16760,FEB-2010,0,Good
RH,Red-throated Diver,16760,OCT-2010,0,Good
RH,Red-throated Diver,16760,DEC-2010,0,Good
RH,Red-throated Diver,16760,JAN-2011,0,Good
RH,Red-throated Diver,16760,FEB-2011,0,Good
RH,Red-throated Diver,16760,OCT-2011,0,Good
RH,Red-throated Diver,16760,DEC-2011,0,Good
RH,Red-throated Diver,16760,JAN-2012,0,Good
RH,Red-throated Diver,16760,FEB-2012,0,Good
RH,Red-throated Diver,16760,JUN-2012,0,Good
RH,Red-throated Diver,16760,OCT-2012,0,Good
RH,Red-throated Diver,16760,DEC-2012,1,Good
RH,Red-throated Diver,16760,JAN-2013,0,Good
RH,Red-throated Diver,16760,FEB-2013,0,Good
RH,Red-throated Diver,16760,OCT-2013,0,Good
RH,Red-throated Diver,16760,DEC-2013,0,Good
RH,Red-throated Diver,16760,JAN-2014,0,Good
RH,Red-throated Diver,16760,FEB-2014,3,Good
RH,Red-throated Diver,16760,OCT-2014,0,Good
RH,Red-throated Diver,16760,DEC-2014,1,Good
RH,Red-throated Diver,16760,JAN-2015,0,Good
RH,Red-throated Diver,16760,FEB-2015,0,Good
RH,Red-throated Diver,16760,OCT-2015,0,Good
RH,Red-throated Diver,16760,DEC-2015,0,Good
RH,Red-throated Diver,16760,JAN-2016,1,Good
RH,Red-throated Diver,16760,FEB-2016,1,Good
RH,Red-throated Diver,16760,OCT-2016,0,Good
RH,Red-throated Diver,16760,DEC-2016,0,Good
RH,Red-throated Diver,16760,JAN-2017,1,Good
RH,Red-throated Diver,16760,FEB-2017,0,Good
RH,Red-throated Diver,16760,OCT-2017,0,Good
RH,Red-throated Diver,16760,DEC-2017,0,Good
RH,Red-throated Diver,16760,JAN-2018,0,Good
RH,Red-throated Diver,16760,FEB-2018,1,Good
RH,Red-throated Diver,16760,OCT-2018,0,Good
RH,Red-throated Diver,16760,DEC-2018,0,Good
RH,Red-throated Diver,16760,JAN-2019,4,Good
RH,Red-throated Diver,16760,FEB-2019,0,Good
BV,Black-throated Diver,16770,OCT-1999,0,Good
BV,Black-throated Diver,16770,DEC-1999,0,Good
BV,Black-throated Diver,16770,JAN-2000,0,Good
BV,Black-throated Diver,16770,FEB-2000,0,Good
BV,Black-throated Diver,16770,OCT-2000,0,Good
BV,Black-throated Diver,16770,DEC-2000,0,Good
BV,Black-throated Diver,16770,JAN-2001,0,Good
BV,Black-throated Diver,16770,FEB-2001,0,Good
BV,Black-throated Diver,16770,OCT-2001,0,Good
BV,Black-throated Diver,16770,DEC-2001,0,Good
BV,Black-throated Diver,16770,JAN-2002,0,Good
BV,Black-throated Diver,16770,FEB-2002,0,Good
BV,Black-throated Diver,16770,OCT-2002,2,Good
BV,Black-throated Diver,16770,DEC-2002,0,Good
BV,Black-throated Diver,16770,JAN-2003,0,Good
BV,Black-throated Diver,16770,FEB-2003,0,Good
BV,Black-throated Diver,16770,OCT-2003,0,Good
BV,Black-throated Diver,16770,DEC-2003,0,Good
BV,Black-throated Diver,16770,JAN-2004,0,Good
BV,Black-throated Diver,16770,FEB-2004,0,Good
BV,Black-throated Diver,16770,OCT-2004,0,Good
BV,Black-throated Diver,16770,DEC-2004,0,Good
BV,Black-throated Diver,16770,JAN-2005,0,Good
BV,Black-throated Diver,16770,FEB-2005,0,Good
BV,Black-throated Diver,16770,OCT-2005,0,Good
BV,Black-throated Diver,16770,DEC-2005,0,Good
BV,Black-throated Diver,16770,FEB-2006,0,Good
BV,Black-throated Diver,16770,OCT-2006,0,Good
BV,Black-throated Diver,16770,DEC-2006,0,Good
BV,Black-throated Diver,16770,JAN-2007,0,Good
BV,Black-throated Diver,16770,FEB-2007,0,Good
BV,Black-throated Diver,16770,OCT-2007,0,Good
BV,Black-throated Diver,16770,DEC-2007,0,Poor
BV,Black-throated Diver,16770,JAN-2008,0,Good
BV,Black-throated Diver,16770,FEB-2008,0,Good
BV,Black-throated Diver,16770,OCT-2008,0,Poor
BV,Black-throated Diver,16770,DEC-2008,0,Good
BV,Black-throated Diver,16770,JAN-2009,0,Good
BV,Black-throated Diver,16770,FEB-2009,0,Good
BV,Black-throated Diver,16770,OCT-2009,0,Good
BV,Black-throated Diver,16770,JAN-2010,0,Good
BV,Black-throated Diver,16770,FEB-2010,0,Good
BV,Black-throated Diver,16770,OCT-2010,0,Good
BV,Black-throated Diver,16770,DEC-2010,0,Good
BV,Black-throated Diver,16770,JAN-2011,0,Good
BV,Black-throated Diver,16770,FEB-2011,0,Good
BV,Black-throated Diver,16770,OCT-2011,0,Good
BV,Black-throated Diver,16770,DEC-2011,0,Good
BV,Black-throated Diver,16770,JAN-2012,0,Good
BV,Black-throated Diver,16770,FEB-2012,0,Good
BV,Black-throated Diver,16770,JUN-2012,0,Good
BV,Black-throated Diver,16770,OCT-2012,0,Good
BV,Black-throated Diver,16770,DEC-2012,0,Good
BV,Black-throated Diver,16770,JAN-2013,0,Good
BV,Black-throated Diver,16770,FEB-2013,0,Good
BV,Black-throated Diver,16770,OCT-2013,0,Good
BV,Black-throated Diver,16770,DEC-2013,0,Good
BV,Black-throated Diver,16770,JAN-2014,0,Good
BV,Black-throated Diver,16770,FEB-2014,0,Good
BV,Black-throated Diver,16770,OCT-2014,0,Good
BV,Black-throated Diver,16770,DEC-2014,0,Good
BV,Black-throated Diver,16770,JAN-2015,0,Good
BV,Black-throated Diver,16770,FEB-2015,0,Good
BV,Black-throated Diver,16770,OCT-2015,0,Good
BV,Black-throated Diver,16770,DEC-2015,0,Good
BV,Black-throated Diver,16770,JAN-2016,0,Good
BV,Black-throated Diver,16770,FEB-2016,0,Good
BV,Black-throated Diver,16770,OCT-2016,0,Good
BV,Black-throated Diver,16770,DEC-2016,0,Good
BV,Black-throated Diver,16770,JAN-2017,0,Good
BV,Black-throated Diver,16770,FEB-2017,0,Good
BV,Black-throated Diver,16770,OCT-2017,0,Good
BV,Black-throated Diver,16770,DEC-2017,0,Good
BV,Black-throated Diver,16770,JAN-2018,0,Good
BV,Black-throated Diver,16770,FEB-2018,0,Good
BV,Black-throated Diver,16770,OCT-2018,0,Good
BV,Black-throated Diver,16770,DEC-2018,0,Good
BV,Black-throated Diver,16770,JAN-2019,0,Good
BV,Black-throated Diver,16770,FEB-2019,0,Good
LG,Little Grebe,19830,OCT-1999,0,Good
LG,Little Grebe,19830,DEC-1999,2,Good
LG,Little Grebe,19830,JAN-2000,2,Good
LG,Little Grebe,19830,FEB-2000,0,Good
LG,Little Grebe,19830,OCT-2000,0,Good
LG,Little Grebe,19830,DEC-2000,0,Good
LG,Little Grebe,19830,JAN-2001,2,Good
LG,Little Grebe,19830,FEB-2001,1,Good
LG,Little Grebe,19830,OCT-2001,0,Good
LG,Little Grebe,19830,DEC-2001,1,Good
LG,Little Grebe,19830,JAN-2002,0,Good
LG,Little Grebe,19830,FEB-2002,0,Good
LG,Little Grebe,19830,OCT-2002,0,Good
LG,Little Grebe,19830,DEC-2002,0,Good
LG,Little Grebe,19830,JAN-2003,1,Good
LG,Little Grebe,19830,FEB-2003,0,Good
LG,Little Grebe,19830,OCT-2003,0,Good
LG,Little Grebe,19830,DEC-2003,0,Good
LG,Little Grebe,19830,JAN-2004,0,Good
LG,Little Grebe,19830,FEB-2004,0,Good
LG,Little Grebe,19830,OCT-2004,0,Good
LG,Little Grebe,19830,DEC-2004,0,Good
LG,Little Grebe,19830,JAN-2005,0,Good
LG,Little Grebe,19830,FEB-2005,0,Good
LG,Little Grebe,19830,OCT-2005,0,Good
LG,Little Grebe,19830,DEC-2005,0,Good
LG,Little Grebe,19830,FEB-2006,0,Good
LG,Little Grebe,19830,OCT-2006,0,Good
LG,Little Grebe,19830,DEC-2006,0,Good
LG,Little Grebe,19830,JAN-2007,2,Good
LG,Little Grebe,19830,FEB-2007,0,Good
LG,Little Grebe,19830,OCT-2007,0,Good
LG,Little Grebe,19830,DEC-2007,0,Poor
LG,Little Grebe,19830,JAN-2008,1,Good
LG,Little Grebe,19830,FEB-2008,1,Good
LG,Little Grebe,19830,OCT-2008,0,Poor
LG,Little Grebe,19830,DEC-2008,0,Good
LG,Little Grebe,19830,JAN-2009,1,Good
LG,Little Grebe,19830,FEB-2009,0,Good
LG,Little Grebe,19830,OCT-2009,0,Good
LG,Little Grebe,19830,JAN-2010,0,Good
LG,Little Grebe,19830,FEB-2010,0,Good
LG,Little Grebe,19830,OCT-2010,0,Good
LG,Little Grebe,19830,DEC-2010,0,Good
LG,Little Grebe,19830,JAN-2011,2,Good
LG,Little Grebe,19830,FEB-2011,0,Good
LG,Little Grebe,19830,OCT-2011,0,Good
LG,Little Grebe,19830,DEC-2011,0,Good
LG,Little Grebe,19830,JAN-2012,0,Good
LG,Little Grebe,19830,FEB-2012,0,Good
LG,Little Grebe,19830,JUN-2012,0,Good
LG,Little Grebe,19830,OCT-2012,0,Good
LG,Little Grebe,19830,DEC-2012,2,Good
LG,Little Grebe,19830,JAN-2013,0,Good
LG,Little Grebe,19830,FEB-2013,0,Good
LG,Little Grebe,19830,OCT-2013,0,Good
LG,Little Grebe,19830,DEC-2013,0,Good
LG,Little Grebe,19830,JAN-2014,0,Good
LG,Little Grebe,19830,FEB-2014,1,Good
LG,Little Grebe,19830,OCT-2014,0,Good
LG,Little Grebe,19830,DEC-2014,0,Good
LG,Little Grebe,19830,JAN-2015,0,Good
LG,Little Grebe,19830,FEB-2015,0,Good
LG,Little Grebe,19830,OCT-2015,0,Good
LG,Little Grebe,19830,DEC-2015,0,Good
LG,Little Grebe,19830,JAN-2016,0,Good
LG,Little Grebe,19830,FEB-2016,1,Good
LG,Little Grebe,19830,OCT-2016,1,Good
LG,Little Grebe,19830,DEC-2016,0,Good
LG,Little Grebe,19830,JAN-2017,3,Good
LG,Little Grebe,19830,FEB-2017,0,Good
LG,Little Grebe,19830,OCT-2017,0,Good
LG,Little Grebe,19830,DEC-2017,3,Good
LG,Little Grebe,19830,JAN-2018,1,Good
LG,Little Grebe,19830,FEB-2018,0,Good
LG,Little Grebe,19830,OCT-2018,0,Good
LG,Little Grebe,19830,DEC-2018,0,Good
LG,Little Grebe,19830,JAN-2019,1,Good
LG,Little Grebe,19830,FEB-2019,0,Good
SZ,Slavonian Grebe,20350,OCT-1999,0,Good
SZ,Slavonian Grebe,20350,DEC-1999,0,Good
SZ,Slavonian Grebe,20350,JAN-2000,0,Good
SZ,Slavonian Grebe,20350,FEB-2000,0,Good
SZ,Slavonian Grebe,20350,OCT-2000,0,Good
SZ,Slavonian Grebe,20350,DEC-2000,0,Good
SZ,Slavonian Grebe,20350,JAN-2001,0,Good
SZ,Slavonian Grebe,20350,FEB-2001,1,Good
SZ,Slavonian Grebe,20350,OCT-2001,0,Good
SZ,Slavonian Grebe,20350,DEC-2001,1,Good
SZ,Slavonian Grebe,20350,JAN-2002,0,Good
SZ,Slavonian Grebe,20350,FEB-2002,0,Good
SZ,Slavonian Grebe,20350,OCT-2002,0,Good
SZ,Slavonian Grebe,20350,DEC-2002,0,Good
SZ,Slavonian Grebe,20350,JAN-2003,0,Good
SZ,Slavonian Grebe,20350,FEB-2003,0,Good
SZ,Slavonian Grebe,20350,OCT-2003,0,Good
SZ,Slavonian Grebe,20350,DEC-2003,0,Good
SZ,Slavonian Grebe,20350,JAN-2004,0,Good
SZ,Slavonian Grebe,20350,FEB-2004,1,Good
SZ,Slavonian Grebe,20350,OCT-2004,1,Good
SZ,Slavonian Grebe,20350,DEC-2004,0,Good
SZ,Slavonian Grebe,20350,JAN-2005,1,Good
SZ,Slavonian Grebe,20350,FEB-2005,0,Good
SZ,Slavonian Grebe,20350,OCT-2005,5,Good
SZ,Slavonian Grebe,20350,DEC-2005,0,Good
SZ,Slavonian Grebe,20350,FEB-2006,0,Good
SZ,Slavonian Grebe,20350,OCT-2006,0,Good
SZ,Slavonian Grebe,20350,DEC-2006,0,Good
SZ,Slavonian Grebe,20350,JAN-2007,0,Good
SZ,Slavonian Grebe,20350,FEB-2007,0,Good
SZ,Slavonian Grebe,20350,OCT-2007,0,Good
SZ,Slavonian Grebe,20350,DEC-2007,0,Poor
SZ,Slavonian Grebe,20350,JAN-2008,1,Good
SZ,Slavonian Grebe,20350,FEB-2008,0,Good
SZ,Slavonian Grebe,20350,OCT-2008,0,Poor
SZ,Slavonian Grebe,20350,DEC-2008,1,Good
SZ,Slavonian Grebe,20350,JAN-2009,0,Good
SZ,Slavonian Grebe,20350,FEB-2009,0,Good
SZ,Slavonian Grebe,20350,OCT-2009,0,Good
SZ,Slavonian Grebe,20350,JAN-2010,0,Good
SZ,Slavonian Grebe,20350,FEB-2010,0,Good
SZ,Slavonian Grebe,20350,OCT-2010,1,Good
SZ,Slavonian Grebe,20350,DEC-2010,0,Good
SZ,Slavonian Grebe,20350,JAN-2011,0,Good
SZ,Slavonian Grebe,20350,FEB-2011,0,Good
SZ,Slavonian Grebe,20350,OCT-2011,0,Good
SZ,Slavonian Grebe,20350,DEC-2011,0,Good
SZ,Slavonian Grebe,20350,JAN-2012,0,Good
SZ,Slavonian Grebe,20350,FEB-2012,1,Good
SZ,Slavonian Grebe,20350,JUN-2012,0,Good
SZ,Slavonian Grebe,20350,OCT-2012,0,Good
SZ,Slavonian Grebe,20350,DEC-2012,2,Good
SZ,Slavonian Grebe,20350,JAN-2013,1,Good
SZ,Slavonian Grebe,20350,FEB-2013,0,Good
SZ,Slavonian Grebe,20350,OCT-2013,0,Good
SZ,Slavonian Grebe,20350,DEC-2013,0,Good
SZ,Slavonian Grebe,20350,JAN-2014,0,Good
SZ,Slavonian Grebe,20350,FEB-2014,0,Good
SZ,Slavonian Grebe,20350,OCT-2014,0,Good
SZ,Slavonian Grebe,20350,DEC-2014,0,Good
SZ,Slavonian Grebe,20350,JAN-2015,0,Good
SZ,Slavonian Grebe,20350,FEB-2015,0,Good
SZ,Slavonian Grebe,20350,OCT-2015,0,Good
SZ,Slavonian Grebe,20350,DEC-2015,2,Good
SZ,Slavonian Grebe,20350,JAN-2016,0,Good
SZ,Slavonian Grebe,20350,FEB-2016,2,Good
SZ,Slavonian Grebe,20350,OCT-2016,0,Good
SZ,Slavonian Grebe,20350,DEC-2016,0,Good
SZ,Slavonian Grebe,20350,JAN-2017,0,Good
SZ,Slavonian Grebe,20350,FEB-2017,0,Good
SZ,Slavonian Grebe,20350,OCT-2017,0,Good
SZ,Slavonian Grebe,20350,DEC-2017,0,Good
SZ,Slavonian Grebe,20350,JAN-2018,0,Good
SZ,Slavonian Grebe,20350,FEB-2018,0,Good
SZ,Slavonian Grebe,20350,OCT-2018,0,Good
SZ,Slavonian Grebe,20350,DEC-2018,4,Good
SZ,Slavonian Grebe,20350,JAN-2019,3,Good
SZ,Slavonian Grebe,20350,FEB-2019,0,Good
H.,Grey Heron,23270,OCT-1999,0,Good
H.,Grey Heron,23270,DEC-1999,6,Good
H.,Grey Heron,23270,JAN-2000,0,Good
H.,Grey Heron,23270,FEB-2000,0,Good
H.,Grey Heron,23270,OCT-2000,0,Good
H.,Grey Heron,23270,DEC-2000,2,Good
H.,Grey Heron,23270,JAN-2001,1,Good
H.,Grey Heron,23270,FEB-2001,0,Good
H.,Grey Heron,23270,OCT-2001,0,Good
H.,Grey Heron,23270,DEC-2001,7,Good
H.,Grey Heron,23270,JAN-2002,2,Good
H.,Grey Heron,23270,FEB-2002,1,Good
H.,Grey Heron,23270,OCT-2002,0,Good
H.,Grey Heron,23270,DEC-2002,0,Good
H.,Grey Heron,23270,JAN-2003,2,Good
H.,Grey Heron,23270,FEB-2003,2,Good
H.,Grey Heron,23270,OCT-2003,2,Good
H.,Grey Heron,23270,DEC-2003,1,Good
H.,Grey Heron,23270,JAN-2004,0,Good
H.,Grey Heron,23270,FEB-2004,0,Good
H.,Grey Heron,23270,OCT-2004,0,Good
H.,Grey Heron,23270,DEC-2004,0,Good
H.,Grey Heron,23270,JAN-2005,4,Good
H.,Grey Heron,23270,FEB-2005,1,Good
H.,Grey Heron,23270,OCT-2005,3,Good
H.,Grey Heron,23270,DEC-2005,0,Good
H.,Grey Heron,23270,FEB-2006,3,Good
H.,Grey Heron,23270,OCT-2006,0,Good
H.,Grey Heron,23270,DEC-2006,0,Good
H.,Grey Heron,23270,JAN-2007,2,Good
H.,Grey Heron,23270,FEB-2007,1,Good
H.,Grey Heron,23270,OCT-2007,4,Good
H.,Grey Heron,23270,DEC-2007,0,Poor
H.,Grey Heron,23270,JAN-2008,5,Good
H.,Grey Heron,23270,FEB-2008,2,Good
H.,Grey Heron,23270,OCT-2008,2,Poor
H.,Grey Heron,23270,DEC-2008,5,Good
H.,Grey Heron,23270,JAN-2009,0,Good
H.,Grey Heron,23270,FEB-2009,0,Good
H.,Grey Heron,23270,OCT-2009,1,Good
H.,Grey Heron,23270,JAN-2010,4,Good
H.,Grey Heron,23270,FEB-2010,2,Good
H.,Grey Heron,23270,OCT-2010,3,Good
H.,Grey Heron,23270,DEC-2010,1,Good
H.,Grey Heron,23270,JAN-2011,0,Good
H.,Grey Heron,23270,FEB-2011,0,Good
H.,Grey Heron,23270,OCT-2011,0,Good
H.,Grey Heron,23270,DEC-2011,1,Good
H.,Grey Heron,23270,JAN-2012,1,Good
H.,Grey Heron,23270,FEB-2012,0,Good
H.,Grey Heron,23270,JUN-2012,2,Good
H.,Grey Heron,23270,OCT-2012,0,Good
H.,Grey Heron,23270,DEC-2012,3,Good
H.,Grey Heron,23270,JAN-2013,2,Good
H.,Grey Heron,23270,FEB-2013,0,Good
H.,Grey Heron,23270,OCT-2013,3,Good
H.,Grey Heron,23270,DEC-2013,2,Good
H.,Grey Heron,23270,JAN-2014,2,Good
H.,Grey Heron,23270,FEB-2014,2,Good
H.,Grey Heron,23270,OCT-2014,1,Good
H.,Grey Heron,23270,DEC-2014,5,Good
H.,Grey Heron,23270,JAN-2015,2,Good
H.,Grey Heron,23270,FEB-2015,2,Good
H.,Grey Heron,23270,OCT-2015,3,Good
H.,Grey Heron,23270,DEC-2015,1,Good
H.,Grey Heron,23270,JAN-2016,2,Good
H.,Grey Heron,23270,FEB-2016,0,Good
H.,Grey Heron,23270,OCT-2016,0,Good
H.,Grey Heron,23270,DEC-2016,0,Good
H.,Grey Heron,23270,JAN-2017,0,Good
H.,Grey Heron,23270,FEB-2017,0,Good
H.,Grey Heron,23270,OCT-2017,1,Good
H.,Grey Heron,23270,DEC-2017,2,Good
H.,Grey Heron,23270,JAN-2018,0,Good
H.,Grey Heron,23270,FEB-2018,0,Good
H.,Grey Heron,23270,OCT-2018,1,Good
H.,Grey Heron,23270,DEC-2018,5,Good
H.,Grey Heron,23270,JAN-2019,3,Good
H.,Grey Heron,23270,FEB-2019,0,Good
SA,Shag,24940,OCT-1999,0,Good
SA,Shag,24940,DEC-1999,0,Good
SA,Shag,24940,JAN-2000,0,Good
SA,Shag,24940,FEB-2000,0,Good
SA,Shag,24940,OCT-2000,0,Good
SA,Shag,24940,DEC-2000,0,Good
SA,Shag,24940,JAN-2001,0,Good
SA,Shag,24940,FEB-2001,0,Good
SA,Shag,24940,OCT-2001,0,Good
SA,Shag,24940,DEC-2001,0,Good
SA,Shag,24940,JAN-2002,0,Good
SA,Shag,24940,FEB-2002,0,Good
SA,Shag,24940,OCT-2002,0,Good
SA,Shag,24940,DEC-2002,0,Good
SA,Shag,24940,JAN-2003,0,Good
SA,Shag,24940,FEB-2003,0,Good
SA,Shag,24940,OCT-2003,0,Good
SA,Shag,24940,DEC-2003,1,Good
SA,Shag,24940,JAN-2004,0,Good
SA,Shag,24940,FEB-2004,0,Good
SA,Shag,24940,OCT-2004,0,Good
SA,Shag,24940,DEC-2004,0,Good
SA,Shag,24940,JAN-2005,6,Good
SA,Shag,24940,FEB-2005,0,Good
SA,Shag,24940,OCT-2005,5,Good
SA,Shag,24940,DEC-2005,2,Good
SA,Shag,24940,FEB-2006,1,Good
SA,Shag,24940,OCT-2006,0,Good
SA,Shag,24940,DEC-2006,0,Good
SA,Shag,24940,JAN-2007,1,Good
SA,Shag,24940,FEB-2007,0,Good
SA,Shag,24940,OCT-2007,8,Good
SA,Shag,24940,DEC-2007,0,Poor
SA,Shag,24940,JAN-2008,0,Good
SA,Shag,24940,FEB-2008,8,Good
SA,Shag,24940,OCT-2008,0,Poor
SA,Shag,24940,DEC-2008,0,Good
SA,Shag,24940,JAN-2009,0,Good
SA,Shag,24940,FEB-2009,0,Good
SA,Shag,24940,OCT-2009,0,Good
SA,Shag,24940,JAN-2010,0,Good
SA,Shag,24940,FEB-2010,0,Good
SA,Shag,24940,OCT-2010,0,Good
SA,Shag,24940,DEC-2010,0,Good
SA,Shag,24940,JAN-2011,0,Good
SA,Shag,24940,FEB-2011,0,Good
SA,Shag,24940,OCT-2011,0,Good
SA,Shag,24940,DEC-2011,1,Good
SA,Shag,24940,JAN-2012,0,Good
SA,Shag,24940,FEB-2012,0,Good
SA,Shag,24940,JUN-2012,0,Good
SA,Shag,24940,OCT-2012,0,Good
SA,Shag,24940,DEC-2012,0,Good
SA,Shag,24940,JAN-2013,0,Good
SA,Shag,24940,FEB-2013,0,Good
SA,Shag,24940,OCT-2013,0,Good
SA,Shag,24940,DEC-2013,1,Good
SA,Shag,24940,JAN-2014,2,Good
SA,Shag,24940,FEB-2014,2,Good
SA,Shag,24940,OCT-2014,0,Good
SA,Shag,24940,DEC-2014,0,Good
SA,Shag,24940,JAN-2015,0,Good
SA,Shag,24940,FEB-2015,0,Good
SA,Shag,24940,OCT-2015,0,Good
SA,Shag,24940,DEC-2015,0,Good
SA,Shag,24940,JAN-2016,1,Good
SA,Shag,24940,FEB-2016,0,Good
SA,Shag,24940,OCT-2016,0,Good
SA,Shag,24940,DEC-2016,2,Good
SA,Shag,24940,JAN-2017,1,Good
SA,Shag,24940,FEB-2017,1,Good
SA,Shag,24940,OCT-2017,0,Good
SA,Shag,24940,DEC-2017,0,Good
SA,Shag,24940,JAN-2018,0,Good
SA,Shag,24940,FEB-2018,0,Good
SA,Shag,24940,OCT-2018,0,Good
SA,Shag,24940,DEC-2018,2,Good
SA,Shag,24940,JAN-2019,0,Good
SA,Shag,24940,FEB-2019,0,Good
CA,Cormorant,25040,OCT-1999,0,Good
CA,Cormorant,25040,DEC-1999,2,Good
CA,Cormorant,25040,JAN-2000,1,Good
CA,Cormorant,25040,FEB-2000,3,Good
CA,Cormorant,25040,OCT-2000,2,Good
CA,Cormorant,25040,DEC-2000,0,Good
CA,Cormorant,25040,JAN-2001,1,Good
CA,Cormorant,25040,FEB-2001,0,Good
CA,Cormorant,25040,OCT-2001,0,Good
CA,Cormorant,25040,DEC-2001,0,Good
CA,Cormorant,25040,JAN-2002,3,Good
CA,Cormorant,25040,FEB-2002,1,Good
CA,Cormorant,25040,OCT-2002,9,Good
CA,Cormorant,25040,DEC-2002,0,Good
CA,Cormorant,25040,JAN-2003,1,Good
CA,Cormorant,25040,FEB-2003,0,Good
CA,Cormorant,25040,OCT-2003,1,Good
CA,Cormorant,25040,DEC-2003,0,Good
CA,Cormorant,25040,JAN-2004,3,Good
CA,Cormorant,25040,FEB-2004,1,Good
CA,Cormorant,25040,OCT-2004,9,Good
CA,Cormorant,25040,DEC-2004,2,Good
CA,Cormorant,25040,JAN-2005,0,Good
CA,Cormorant,25040,FEB-2005,1,Good
CA,Cormorant,25040,OCT-2005,12,Good
CA,Cormorant,25040,DEC-2005,2,Good
CA,Cormorant,25040,FEB-2006,2,Good
CA,Cormorant,25040,OCT-2006,11,Good
CA,Cormorant,25040,DEC-2006,1,Good
CA,Cormorant,25040,JAN-2007,1,Good
CA,Cormorant,25040,FEB-2007,2,Good
CA,Cormorant,25040,OCT-2007,4,Good
CA,Cormorant,25040,DEC-2007,2,Poor
CA,Cormorant,25040,JAN-2008,2,Good
CA,Cormorant,25040,FEB-2008,0,Good
CA,Cormorant,25040,OCT-2008,3,Poor
CA,Cormorant,25040,DEC-2008,2,Good
CA,Cormorant,25040,JAN-2009,0,Good
CA,Cormorant,25040,FEB-2009,1,Good
CA,Cormorant,25040,OCT-2009,2,Good
CA,Cormorant,25040,JAN-2010,20,Good
CA,Cormorant,25040,FEB-2010,16,Good
CA,Cormorant,25040,OCT-2010,37,Good
CA,Cormorant,25040,DEC-2010,5,Good
CA,Cormorant,25040,JAN-2011,1,Good
CA,Cormorant,25040,FEB-2011,0,Good
CA,Cormorant,25040,OCT-2011,0,Good
CA,Cormorant,25040,DEC-2011,2,Good
CA,Cormorant,25040,JAN-2012,3,Good
CA,Cormorant,25040,FEB-2012,1,Good
CA,Cormorant,25040,JUN-2012,0,Good
CA,Cormorant,25040,OCT-2012,0,Good
CA,Cormorant,25040,DEC-2012,1,Good
CA,Cormorant,25040,JAN-2013,0,Good
CA,Cormorant,25040,FEB-2013,0,Good
CA,Cormorant,25040,OCT-2013,1,Good
CA,Cormorant,25040,DEC-2013,2,Good
CA,Cormorant,25040,JAN-2014,1,Good
CA,Cormorant,25040,FEB-2014,0,Good
CA,Cormorant,25040,OCT-2014,4,Good
CA,Cormorant,25040,DEC-2014,1,Good
CA,Cormorant,25040,JAN-2015,0,Good
CA,Cormorant,25040,FEB-2015,1,Good
CA,Cormorant,25040,OCT-2015,3,Good
CA,Cormorant,25040,DEC-2015,2,Good
CA,Cormorant,25040,JAN-2016,1,Good
CA,Cormorant,25040,FEB-2016,2,Good
CA,Cormorant,25040,OCT-2016,0,Good
CA,Cormorant,25040,DEC-2016,1,Good
CA,Cormorant,25040,JAN-2017,0,Good
CA,Cormorant,25040,FEB-2017,0,Good
CA,Cormorant,25040,OCT-2017,1,Good
CA,Cormorant,25040,DEC-2017,3,Good
CA,Cormorant,25040,JAN-2018,1,Good
CA,Cormorant,25040,FEB-2018,0,Good
CA,Cormorant,25040,OCT-2018,3,Good
CA,Cormorant,25040,DEC-2018,7,Good
CA,Cormorant,25040,JAN-2019,2,Good
CA,Cormorant,25040,FEB-2019,8,Good
MH,Moorhen,37680,OCT-1999,0,Good
MH,Moorhen,37680,DEC-1999,0,Good
MH,Moorhen,37680,JAN-2000,0,Good
MH,Moorhen,37680,FEB-2000,0,Good
MH,Moorhen,37680,OCT-2000,2,Good
MH,Moorhen,37680,DEC-2000,0,Good
MH,Moorhen,37680,JAN-2001,0,Good
MH,Moorhen,37680,FEB-2001,0,Good
MH,Moorhen,37680,OCT-2001,0,Good
MH,Moorhen,37680,DEC-2001,0,Good
MH,Moorhen,37680,JAN-2002,0,Good
MH,Moorhen,37680,FEB-2002,0,Good
MH,Moorhen,37680,OCT-2002,0,Good
MH,Moorhen,37680,DEC-2002,0,Good
MH,Moorhen,37680,JAN-2003,0,Good
MH,Moorhen,37680,FEB-2003,0,Good
MH,Moorhen,37680,OCT-2003,0,Good
MH,Moorhen,37680,DEC-2003,0,Good
MH,Moorhen,37680,JAN-2004,0,Good
MH,Moorhen,37680,FEB-2004,0,Good
MH,Moorhen,37680,OCT-2004,0,Good
MH,Moorhen,37680,DEC-2004,0,Good
MH,Moorhen,37680,JAN-2005,0,Good
MH,Moorhen,37680,FEB-2005,0,Good
MH,Moorhen,37680,OCT-2005,0,Good
MH,Moorhen,37680,DEC-2005,0,Good
MH,Moorhen,37680,FEB-2006,0,Good
MH,Moorhen,37680,OCT-2006,0,Good
MH,Moorhen,37680,DEC-2006,0,Good
MH,Moorhen,37680,JAN-2007,0,Good
MH,Moorhen,37680,FEB-2007,0,Good
MH,Moorhen,37680,OCT-2007,0,Good
MH,Moorhen,37680,DEC-2007,0,Poor
MH,Moorhen,37680,JAN-2008,0,Good
MH,Moorhen,37680,FEB-2008,0,Good
MH,Moorhen,37680,OCT-2008,0,Poor
MH,Moorhen,37680,DEC-2008,0,Good
MH,Moorhen,37680,JAN-2009,0,Good
MH,Moorhen,37680,FEB-2009,0,Good
MH,Moorhen,37680,OCT-2009,0,Good
MH,Moorhen,37680,JAN-2010,0,Good
MH,Moorhen,37680,FEB-2010,0,Good
MH,Moorhen,37680,OCT-2010,0,Good
MH,Moorhen,37680,DEC-2010,0,Good
MH,Moorhen,37680,JAN-2011,0,Good
MH,Moorhen,37680,FEB-2011,0,Good
MH,Moorhen,37680,OCT-2011,0,Good
MH,Moorhen,37680,DEC-2011,0,Good
MH,Moorhen,37680,JAN-2012,1,Good
MH,Moorhen,37680,FEB-2012,0,Good
MH,Moorhen,37680,JUN-2012,0,Good
MH,Moorhen,37680,OCT-2012,0,Good
MH,Moorhen,37680,DEC-2012,0,Good
MH,Moorhen,37680,JAN-2013,0,Good
MH,Moorhen,37680,FEB-2013,0,Good
MH,Moorhen,37680,OCT-2013,0,Good
MH,Moorhen,37680,DEC-2013,0,Good
MH,Moorhen,37680,JAN-2014,0,Good
MH,Moorhen,37680,FEB-2014,0,Good
MH,Moorhen,37680,OCT-2014,0,Good
MH,Moorhen,37680,DEC-2014,2,Good
MH,Moorhen,37680,JAN-2015,0,Good
MH,Moorhen,37680,FEB-2015,0,Good
MH,Moorhen,37680,OCT-2015,0,Good
MH,Moorhen,37680,DEC-2015,0,Good
MH,Moorhen,37680,JAN-2016,0,Good
MH,Moorhen,37680,FEB-2016,0,Good
MH,Moorhen,37680,OCT-2016,0,Good
MH,Moorhen,37680,DEC-2016,0,Good
MH,Moorhen,37680,JAN-2017,0,Good
MH,Moorhen,37680,FEB-2017,0,Good
MH,Moorhen,37680,OCT-2017,0,Good
MH,Moorhen,37680,DEC-2017,0,Good
MH,Moorhen,37680,JAN-2018,1,Good
MH,Moorhen,37680,FEB-2018,0,Good
MH,Moorhen,37680,OCT-2018,0,Good
MH,Moorhen,37680,DEC-2018,2,Good
MH,Moorhen,37680,JAN-2019,0,Good
MH,Moorhen,37680,FEB-2019,0,Good
OC,Oystercatcher,39840,OCT-1999,0,Good
OC,Oystercatcher,39840,DEC-1999,122,Good
OC,Oystercatcher,39840,JAN-2000,70,Good
OC,Oystercatcher,39840,FEB-2000,70,Good
OC,Oystercatcher,39840,OCT-2000,53,Good
OC,Oystercatcher,39840,DEC-2000,116,Good
OC,Oystercatcher,39840,JAN-2001,152,Good
OC,Oystercatcher,39840,FEB-2001,110,Good
OC,Oystercatcher,39840,OCT-2001,20,Good
OC,Oystercatcher,39840,DEC-2001,139,Good
OC,Oystercatcher,39840,JAN-2002,105,Good
OC,Oystercatcher,39840,FEB-2002,18,Good
OC,Oystercatcher,39840,OCT-2002,102,Good
OC,Oystercatcher,39840,DEC-2002,3,Good
OC,Oystercatcher,39840,JAN-2003,121,Good
OC,Oystercatcher,39840,FEB-2003,110,Good
OC,Oystercatcher,39840,OCT-2003,17,Good
OC,Oystercatcher,39840,DEC-2003,23,Good
OC,Oystercatcher,39840,JAN-2004,102,Good
OC,Oystercatcher,39840,FEB-2004,90,Good
OC,Oystercatcher,39840,OCT-2004,67,Good
OC,Oystercatcher,39840,DEC-2004,95,Good
OC,Oystercatcher,39840,JAN-2005,74,Good
OC,Oystercatcher,39840,FEB-2005,104,Good
OC,Oystercatcher,39840,OCT-2005,76,Good
OC,Oystercatcher,39840,DEC-2005,0,Good
OC,Oystercatcher,39840,FEB-2006,106,Good
OC,Oystercatcher,39840,OCT-2006,58,Good
OC,Oystercatcher,39840,DEC-2006,37,Good
OC,Oystercatcher,39840,JAN-2007,14,Good
OC,Oystercatcher,39840,FEB-2007,81,Good
OC,Oystercatcher,39840,OCT-2007,70,Good
OC,Oystercatcher,39840,DEC-2007,115,Poor
OC,Oystercatcher,39840,JAN-2008,75,Good
OC,Oystercatcher,39840,FEB-2008,76,Good
OC,Oystercatcher,39840,OCT-2008,50,Poor
OC,Oystercatcher,39840,DEC-2008,69,Good
OC,Oystercatcher,39840,JAN-2009,66,Good
OC,Oystercatcher,39840,FEB-2009,65,Good
OC,Oystercatcher,39840,OCT-2009,58,Good
OC,Oystercatcher,39840,JAN-2010,49,Good
OC,Oystercatcher,39840,FEB-2010,84,Good
OC,Oystercatcher,39840,OCT-2010,60,Good
OC,Oystercatcher,39840,DEC-2010,41,Good
OC,Oystercatcher,39840,JAN-2011,48,Good
OC,Oystercatcher,39840,FEB-2011,64,Good
OC,Oystercatcher,39840,OCT-2011,38,Good
OC,Oystercatcher,39840,DEC-2011,55,Good
OC,Oystercatcher,39840,JAN-2012,47,Good
OC,Oystercatcher,39840,FEB-2012,64,Good
OC,Oystercatcher,39840,JUN-2012,1,Good
OC,Oystercatcher,39840,OCT-2012,29,Good
OC,Oystercatcher,39840,DEC-2012,36,Good
OC,Oystercatcher,39840,JAN-2013,57,Good
OC,Oystercatcher,39840,FEB-2013,60,Good
OC,Oystercatcher,39840,OCT-2013,38,Good
OC,Oystercatcher,39840,DEC-2013,80,Good
OC,Oystercatcher,39840,JAN-2014,54,Good
OC,Oystercatcher,39840,FEB-2014,60,Good
OC,Oystercatcher,39840,OCT-2014,32,Good
OC,Oystercatcher,39840,DEC-2014,47,Good
OC,Oystercatcher,39840,JAN-2015,64,Good
OC,Oystercatcher,39840,FEB-2015,33,Good
OC,Oystercatcher,39840,OCT-2015,31,Good
OC,Oystercatcher,39840,DEC-2015,21,Good
OC,Oystercatcher,39840,JAN-2016,15,Good
OC,Oystercatcher,39840,FEB-2016,24,Good
OC,Oystercatcher,39840,OCT-2016,0,Good
OC,Oystercatcher,39840,DEC-2016,17,Good
OC,Oystercatcher,39840,JAN-2017,14,Good
OC,Oystercatcher,39840,FEB-2017,27,Good
OC,Oystercatcher,39840,OCT-2017,0,Good
OC,Oystercatcher,39840,DEC-2017,43,Good
OC,Oystercatcher,39840,JAN-2018,26,Good
OC,Oystercatcher,39840,FEB-2018,34,Good
OC,Oystercatcher,39840,OCT-2018,32,Good
OC,Oystercatcher,39840,DEC-2018,44,Good
OC,Oystercatcher,39840,JAN-2019,62,Good
OC,Oystercatcher,39840,FEB-2019,49,Good
L.,Lapwing,40200,OCT-1999,0,Good
L.,Lapwing,40200,DEC-1999,0,Good
L.,Lapwing,40200,JAN-2000,0,Good
L.,Lapwing,40200,FEB-2000,0,Good
L.,Lapwing,40200,OCT-2000,0,Good
L.,Lapwing,40200,DEC-2000,0,Good
L.,Lapwing,40200,JAN-2001,0,Good
L.,Lapwing,40200,FEB-2001,0,Good
L.,Lapwing,40200,OCT-2001,0,Good
L.,Lapwing,40200,DEC-2001,0,Good
L.,Lapwing,40200,JAN-2002,0,Good
L.,Lapwing,40200,FEB-2002,0,Good
L.,Lapwing,40200,OCT-2002,0,Good
L.,Lapwing,40200,DEC-2002,0,Good
L.,Lapwing,40200,JAN-2003,0,Good
L.,Lapwing,40200,FEB-2003,0,Good
L.,Lapwing,40200,OCT-2003,0,Good
L.,Lapwing,40200,DEC-2003,0,Good
L.,Lapwing,40200,JAN-2004,0,Good
L.,Lapwing,40200,FEB-2004,0,Good
L.,Lapwing,40200,OCT-2004,0,Good
L.,Lapwing,40200,DEC-2004,0,Good
L.,Lapwing,40200,JAN-2005,0,Good
L.,Lapwing,40200,FEB-2005,0,Good
L.,Lapwing,40200,OCT-2005,0,Good
L.,Lapwing,40200,DEC-2005,0,Good
L.,Lapwing,40200,FEB-2006,0,Good
L.,Lapwing,40200,OCT-2006,0,Good
L.,Lapwing,40200,DEC-2006,0,Good
L.,Lapwing,40200,JAN-2007,0,Good
L.,Lapwing,40200,FEB-2007,0,Good
L.,Lapwing,40200,OCT-2007,0,Good
L.,Lapwing,40200,DEC-2007,0,Poor
L.,Lapwing,40200,JAN-2008,0,Good
L.,Lapwing,40200,FEB-2008,0,Good
L.,Lapwing,40200,OCT-2008,0,Poor
L.,Lapwing,40200,DEC-2008,0,Good
L.,Lapwing,40200,JAN-2009,0,Good
L.,Lapwing,40200,FEB-2009,0,Good
L.,Lapwing,40200,OCT-2009,0,Good
L.,Lapwing,40200,JAN-2010,0,Good
L.,Lapwing,40200,FEB-2010,0,Good
L.,Lapwing,40200,OCT-2010,0,Good
L.,Lapwing,40200,DEC-2010,0,Good
L.,Lapwing,40200,JAN-2011,2,Good
L.,Lapwing,40200,FEB-2011,0,Good
L.,Lapwing,40200,OCT-2011,0,Good
L.,Lapwing,40200,DEC-2011,0,Good
L.,Lapwing,40200,JAN-2012,0,Good
L.,Lapwing,40200,FEB-2012,0,Good
L.,Lapwing,40200,JUN-2012,0,Good
L.,Lapwing,40200,OCT-2012,0,Good
L.,Lapwing,40200,DEC-2012,0,Good
L.,Lapwing,40200,JAN-2013,0,Good
L.,Lapwing,40200,FEB-2013,0,Good
L.,Lapwing,40200,OCT-2013,0,Good
L.,Lapwing,40200,DEC-2013,0,Good
L.,Lapwing,40200,JAN-2014,0,Good
L.,Lapwing,40200,FEB-2014,0,Good
L.,Lapwing,40200,OCT-2014,0,Good
L.,Lapwing,40200,DEC-2014,0,Good
L.,Lapwing,40200,JAN-2015,0,Good
L.,Lapwing,40200,FEB-2015,0,Good
L.,Lapwing,40200,OCT-2015,0,Good
L.,Lapwing,40200,DEC-2015,0,Good
L.,Lapwing,40200,JAN-2016,0,Good
L.,Lapwing,40200,FEB-2016,0,Good
L.,Lapwing,40200,OCT-2016,0,Good
L.,Lapwing,40200,DEC-2016,0,Good
L.,Lapwing,40200,JAN-2017,0,Good
L.,Lapwing,40200,FEB-2017,0,Good
L.,Lapwing,40200,OCT-2017,0,Good
L.,Lapwing,40200,DEC-2017,0,Good
L.,Lapwing,40200,JAN-2018,0,Good
L.,Lapwing,40200,FEB-2018,0,Good
L.,Lapwing,40200,OCT-2018,0,Good
L.,Lapwing,40200,DEC-2018,0,Good
L.,Lapwing,40200,JAN-2019,0,Good
L.,Lapwing,40200,FEB-2019,0,Good
RP,Ringed Plover,40830,OCT-1999,0,Good
RP,Ringed Plover,40830,DEC-1999,17,Good
RP,Ringed Plover,40830,JAN-2000,0,Good
RP,Ringed Plover,40830,FEB-2000,0,Good
RP,Ringed Plover,40830,OCT-2000,0,Good
RP,Ringed Plover,40830,DEC-2000,0,Good
RP,Ringed Plover,40830,JAN-2001,2,Good
RP,Ringed Plover,40830,FEB-2001,0,Good
RP,Ringed Plover,40830,OCT-2001,0,Good
RP,Ringed Plover,40830,DEC-2001,0,Good
RP,Ringed Plover,40830,JAN-2002,0,Good
RP,Ringed Plover,40830,FEB-2002,0,Good
RP,Ringed Plover,40830,OCT-2002,31,Good
RP,Ringed Plover,40830,DEC-2002,0,Good
RP,Ringed Plover,40830,JAN-2003,0,Good
RP,Ringed Plover,40830,FEB-2003,2,Good
RP,Ringed Plover,40830,OCT-2003,0,Good
RP,Ringed Plover,40830,DEC-2003,0,Good
RP,Ringed Plover,40830,JAN-2004,0,Good
RP,Ringed Plover,40830,FEB-2004,0,Good
RP,Ringed Plover,40830,OCT-2004,0,Good
RP,Ringed Plover,40830,DEC-2004,0,Good
RP,Ringed Plover,40830,JAN-2005,0,Good
RP,Ringed Plover,40830,FEB-2005,0,Good
RP,Ringed Plover,40830,OCT-2005,0,Good
RP,Ringed Plover,40830,DEC-2005,0,Good
RP,Ringed Plover,40830,FEB-2006,0,Good
RP,Ringed Plover,40830,OCT-2006,0,Good
RP,Ringed Plover,40830,DEC-2006,0,Good
RP,Ringed Plover,40830,JAN-2007,0,Good
RP,Ringed Plover,40830,FEB-2007,0,Good
RP,Ringed Plover,40830,OCT-2007,0,Good
RP,Ringed Plover,40830,DEC-2007,0,Poor
RP,Ringed Plover,40830,JAN-2008,0,Good
RP,Ringed Plover,40830,FEB-2008,0,Good
RP,Ringed Plover,40830,OCT-2008,0,Poor
RP,Ringed Plover,40830,DEC-2008,0,Good
RP,Ringed Plover,40830,JAN-2009,0,Good
RP,Ringed Plover,40830,FEB-2009,0,Good
RP,Ringed Plover,40830,OCT-2009,0,Good
RP,Ringed Plover,40830,JAN-2010,0,Good
RP,Ringed Plover,40830,FEB-2010,0,Good
RP,Ringed Plover,40830,OCT-2010,0,Good
RP,Ringed Plover,40830,DEC-2010,0,Good
RP,Ringed Plover,40830,JAN-2011,5,Good
RP,Ringed Plover,40830,FEB-2011,0,Good
RP,Ringed Plover,40830,OCT-2011,0,Good
RP,Ringed Plover,40830,DEC-2011,0,Good
RP,Ringed Plover,40830,JAN-2012,0,Good
RP,Ringed Plover,40830,FEB-2012,0,Good
RP,Ringed Plover,40830,JUN-2012,0,Good
RP,Ringed Plover,40830,OCT-2012,0,Good
RP,Ringed Plover,40830,DEC-2012,0,Good
RP,Ringed Plover,40830,JAN-2013,0,Good
RP,Ringed Plover,40830,FEB-2013,0,Good
RP,Ringed Plover,40830,OCT-2013,0,Good
RP,Ringed Plover,40830,DEC-2013,0,Good
RP,Ringed Plover,40830,JAN-2014,0,Good
RP,Ringed Plover,40830,FEB-2014,0,Good
RP,Ringed Plover,40830,OCT-2014,0,Good
RP,Ringed Plover,40830,DEC-2014,1,Good
RP,Ringed Plover,40830,JAN-2015,0,Good
RP,Ringed Plover,40830,FEB-2015,0,Good
RP,Ringed Plover,40830,OCT-2015,0,Good
RP,Ringed Plover,40830,DEC-2015,0,Good
RP,Ringed Plover,40830,JAN-2016,0,Good
RP,Ringed Plover,40830,FEB-2016,0,Good
RP,Ringed Plover,40830,OCT-2016,0,Good
RP,Ringed Plover,40830,DEC-2016,0,Good
RP,Ringed Plover,40830,JAN-2017,0,Good
RP,Ringed Plover,40830,FEB-2017,0,Good
RP,Ringed Plover,40830,OCT-2017,0,Good
RP,Ringed Plover,40830,DEC-2017,0,Good
RP,Ringed Plover,40830,JAN-2018,0,Good
RP,Ringed Plover,40830,FEB-2018,0,Good
RP,Ringed Plover,40830,OCT-2018,0,Good
RP,Ringed Plover,40830,DEC-2018,0,Good
RP,Ringed Plover,40830,JAN-2019,0,Good
RP,Ringed Plover,40830,FEB-2019,0,Good
CU,Curlew,42320,OCT-1999,0,Good
CU,Curlew,42320,DEC-1999,4,Good
CU,Curlew,42320,JAN-2000,0,Good
CU,Curlew,42320,FEB-2000,52,Good
CU,Curlew,42320,OCT-2000,0,Good
CU,Curlew,42320,DEC-2000,55,Good
CU,Curlew,42320,JAN-2001,2,Good
CU,Curlew,42320,FEB-2001,1,Good
CU,Curlew,42320,OCT-2001,0,Good
CU,Curlew,42320,DEC-2001,2,Good
CU,Curlew,42320,JAN-2002,1,Good
CU,Curlew,42320,FEB-2002,0,Good
CU,Curlew,42320,OCT-2002,0,Good
CU,Curlew,42320,DEC-2002,1,Good
CU,Curlew,42320,JAN-2003,1,Good
CU,Curlew,42320,FEB-2003,1,Good
CU,Curlew,42320,OCT-2003,11,Good
CU,Curlew,42320,DEC-2003,0,Good
CU,Curlew,42320,JAN-2004,33,Good
CU,Curlew,42320,FEB-2004,1,Good
CU,Curlew,42320,OCT-2004,1,Good
CU,Curlew,42320,DEC-2004,0,Good
CU,Curlew,42320,JAN-2005,6,Good
CU,Curlew,42320,FEB-2005,57,Good
CU,Curlew,42320,OCT-2005,1,Good
CU,Curlew,42320,DEC-2005,0,Good
CU,Curlew,42320,FEB-2006,2,Good
CU,Curlew,42320,OCT-2006,8,Good
CU,Curlew,42320,DEC-2006,0,Good
CU,Curlew,42320,JAN-2007,1,Good
CU,Curlew,42320,FEB-2007,1,Good
CU,Curlew,42320,OCT-2007,2,Good
CU,Curlew,42320,DEC-2007,0,Poor
CU,Curlew,42320,JAN-2008,5,Good
CU,Curlew,42320,FEB-2008,0,Good
CU,Curlew,42320,OCT-2008,2,Poor
CU,Curlew,42320,DEC-2008,1,Good
CU,Curlew,42320,JAN-2009,14,Good
CU,Curlew,42320,FEB-2009,35,Good
CU,Curlew,42320,OCT-2009,4,Good
CU,Curlew,42320,JAN-2010,1,Good
CU,Curlew,42320,FEB-2010,16,Good
CU,Curlew,42320,OCT-2010,4,Good
CU,Curlew,42320,DEC-2010,4,Good
CU,Curlew,42320,JAN-2011,4,Good
CU,Curlew,42320,FEB-2011,0,Good
CU,Curlew,42320,OCT-2011,0,Good
CU,Curlew,42320,DEC-2011,2,Good
CU,Curlew,42320,JAN-2012,3,Good
CU,Curlew,42320,FEB-2012,2,Good
CU,Curlew,42320,JUN-2012,0,Good
CU,Curlew,42320,OCT-2012,2,Good
CU,Curlew,42320,DEC-2012,5,Good
CU,Curlew,42320,JAN-2013,6,Good
CU,Curlew,42320,FEB-2013,49,Good
CU,Curlew,42320,OCT-2013,34,Good
CU,Curlew,42320,DEC-2013,13,Good
CU,Curlew,42320,JAN-2014,34,Good
CU,Curlew,42320,FEB-2014,26,Good
CU,Curlew,42320,OCT-2014,57,Good
CU,Curlew,42320,DEC-2014,5,Good
CU,Curlew,42320,JAN-2015,18,Good
CU,Curlew,42320,FEB-2015,23,Good
CU,Curlew,42320,OCT-2015,53,Good
CU,Curlew,42320,DEC-2015,13,Good
CU,Curlew,42320,JAN-2016,1,Good
CU,Curlew,42320,FEB-2016,56,Good
CU,Curlew,42320,OCT-2016,0,Good
CU,Curlew,42320,DEC-2016,0,Good
CU,Curlew,42320,JAN-2017,0,Good
CU,Curlew,42320,FEB-2017,0,Good
CU,Curlew,42320,OCT-2017,0,Good
CU,Curlew,42320,DEC-2017,56,Good
CU,Curlew,42320,JAN-2018,10,Good
CU,Curlew,42320,FEB-2018,55,Good
CU,Curlew,42320,OCT-2018,2,Good
CU,Curlew,42320,DEC-2018,3,Good
CU,Curlew,42320,JAN-2019,0,Good
CU,Curlew,42320,FEB-2019,0,Good
TT,Turnstone,42510,OCT-1999,0,Good
TT,Turnstone,42510,DEC-1999,49,Good
TT,Turnstone,42510,JAN-2000,32,Good
TT,Turnstone,42510,FEB-2000,26,Good
TT,Turnstone,42510,OCT-2000,18,Good
TT,Turnstone,42510,DEC-2000,62,Good
TT,Turnstone,42510,JAN-2001,82,Good
TT,Turnstone,42510,FEB-2001,38,Good
TT,Turnstone,42510,OCT-2001,1,Good
TT,Turnstone,42510,DEC-2001,0,Good
TT,Turnstone,42510,JAN-2002,26,Good
TT,Turnstone,42510,FEB-2002,15,Good
TT,Turnstone,42510,OCT-2002,0,Good
TT,Turnstone,42510,DEC-2002,14,Good
TT,Turnstone,42510,JAN-2003,59,Good
TT,Turnstone,42510,FEB-2003,25,Good
TT,Turnstone,42510,OCT-2003,26,Good
TT,Turnstone,42510,DEC-2003,16,Good
TT,Turnstone,42510,JAN-2004,12,Good
TT,Turnstone,42510,FEB-2004,42,Good
TT,Turnstone,42510,OCT-2004,32,Good
TT,Turnstone,42510,DEC-2004,21,Good
TT,Turnstone,42510,JAN-2005,27,Good
TT,Turnstone,42510,FEB-2005,23,Good
TT,Turnstone,42510,OCT-2005,76,Good
TT,Turnstone,42510,DEC-2005,24,Good
TT,Turnstone,42510,FEB-2006,30,Good
TT,Turnstone,42510,OCT-2006,17,Good
TT,Turnstone,42510,DEC-2006,32,Good
TT,Turnstone,42510,JAN-2007,24,Good
TT,Turnstone,42510,FEB-2007,16,Good
TT,Turnstone,42510,OCT-2007,12,Good
TT,Turnstone,42510,DEC-2007,12,Poor
TT,Turnstone,42510,JAN-2008,17,Good
TT,Turnstone,42510,FEB-2008,43,Good
TT,Turnstone,42510,OCT-2008,1,Poor
TT,Turnstone,42510,DEC-2008,22,Good
TT,Turnstone,42510,JAN-2009,14,Good
TT,Turnstone,42510,FEB-2009,30,Good
TT,Turnstone,42510,OCT-2009,31,Good
TT,Turnstone,42510,JAN-2010,23,Good
TT,Turnstone,42510,FEB-2010,16,Good
TT,Turnstone,42510,OCT-2010,18,Good
TT,Turnstone,42510,DEC-2010,5,Good
TT,Turnstone,42510,JAN-2011,0,Good
TT,Turnstone,42510,FEB-2011,19,Good
TT,Turnstone,42510,OCT-2011,17,Good
TT,Turnstone,42510,DEC-2011,10,Good
TT,Turnstone,42510,JAN-2012,11,Good
TT,Turnstone,42510,FEB-2012,18,Good
TT,Turnstone,42510,JUN-2012,0,Good
TT,Turnstone,42510,OCT-2012,0,Good
TT,Turnstone,42510,DEC-2012,15,Good
TT,Turnstone,42510,JAN-2013,9,Good
TT,Turnstone,42510,FEB-2013,17,Good
TT,Turnstone,42510,OCT-2013,12,Good
TT,Turnstone,42510,DEC-2013,17,Good
TT,Turnstone,42510,JAN-2014,10,Good
TT,Turnstone,42510,FEB-2014,18,Good
TT,Turnstone,42510,OCT-2014,16,Good
TT,Turnstone,42510,DEC-2014,8,Good
TT,Turnstone,42510,JAN-2015,12,Good
TT,Turnstone,42510,FEB-2015,19,Good
TT,Turnstone,42510,OCT-2015,45,Good
TT,Turnstone,42510,DEC-2015,12,Good
TT,Turnstone,42510,JAN-2016,25,Good
TT,Turnstone,42510,FEB-2016,0,Good
TT,Turnstone,42510,OCT-2016,7,Good
TT,Turnstone,42510,DEC-2016,15,Good
TT,Turnstone,42510,JAN-2017,21,Good
TT,Turnstone,42510,FEB-2017,0,Good
TT,Turnstone,42510,OCT-2017,15,Good
TT,Turnstone,42510,DEC-2017,22,Good
TT,Turnstone,42510,JAN-2018,25,Good
TT,Turnstone,42510,FEB-2018,24,Good
TT,Turnstone,42510,OCT-2018,14,Good
TT,Turnstone,42510,DEC-2018,18,Good
TT,Turnstone,42510,JAN-2019,18,Good
TT,Turnstone,42510,FEB-2019,19,Good
DN,Dunlin,42840,OCT-1999,0,Good
DN,Dunlin,42840,DEC-1999,8,Good
DN,Dunlin,42840,JAN-2000,0,Good
DN,Dunlin,42840,FEB-2000,0,Good
DN,Dunlin,42840,OCT-2000,0,Good
DN,Dunlin,42840,DEC-2000,0,Good
DN,Dunlin,42840,JAN-2001,0,Good
DN,Dunlin,42840,FEB-2001,0,Good
DN,Dunlin,42840,OCT-2001,0,Good
DN,Dunlin,42840,DEC-2001,0,Good
DN,Dunlin,42840,JAN-2002,0,Good
DN,Dunlin,42840,FEB-2002,0,Good
DN,Dunlin,42840,OCT-2002,0,Good
DN,Dunlin,42840,DEC-2002,0,Good
DN,Dunlin,42840,JAN-2003,0,Good
DN,Dunlin,42840,FEB-2003,0,Good
DN,Dunlin,42840,OCT-2003,0,Good
DN,Dunlin,42840,DEC-2003,0,Good
DN,Dunlin,42840,JAN-2004,1,Good
DN,Dunlin,42840,FEB-2004,0,Good
DN,Dunlin,42840,OCT-2004,0,Good
DN,Dunlin,42840,DEC-2004,0,Good
DN,Dunlin,42840,JAN-2005,4,Good
DN,Dunlin,42840,FEB-2005,0,Good
DN,Dunlin,42840,OCT-2005,0,Good
DN,Dunlin,42840,DEC-2005,0,Good
DN,Dunlin,42840,FEB-2006,0,Good
DN,Dunlin,42840,OCT-2006,0,Good
DN,Dunlin,42840,DEC-2006,0,Good
DN,Dunlin,42840,JAN-2007,0,Good
DN,Dunlin,42840,FEB-2007,0,Good
DN,Dunlin,42840,OCT-2007,0,Good
DN,Dunlin,42840,DEC-2007,0,Poor
DN,Dunlin,42840,JAN-2008,0,Good
DN,Dunlin,42840,FEB-2008,0,Good
DN,Dunlin,42840,OCT-2008,0,Poor
DN,Dunlin,42840,DEC-2008,0,Good
DN,Dunlin,42840,JAN-2009,0,Good
DN,Dunlin,42840,FEB-2009,0,Good
DN,Dunlin,42840,OCT-2009,0,Good
DN,Dunlin,42840,JAN-2010,0,Good
DN,Dunlin,42840,FEB-2010,0,Good
DN,Dunlin,42840,OCT-2010,0,Good
DN,Dunlin,42840,DEC-2010,0,Good
DN,Dunlin,42840,JAN-2011,0,Good
DN,Dunlin,42840,FEB-2011,0,Good
DN,Dunlin,42840,OCT-2011,0,Good
DN,Dunlin,42840,DEC-2011,0,Good
DN,Dunlin,42840,JAN-2012,0,Good
DN,Dunlin,42840,FEB-2012,0,Good
DN,Dunlin,42840,JUN-2012,0,Good
DN,Dunlin,42840,OCT-2012,0,Good
DN,Dunlin,42840,DEC-2012,0,Good
DN,Dunlin,42840,JAN-2013,0,Good
DN,Dunlin,42840,FEB-2013,0,Good
DN,Dunlin,42840,OCT-2013,0,Good
DN,Dunlin,42840,DEC-2013,0,Good
DN,Dunlin,42840,JAN-2014,0,Good
DN,Dunlin,42840,FEB-2014,0,Good
DN,Dunlin,42840,OCT-2014,0,Good
DN,Dunlin,42840,DEC-2014,0,Good
DN,Dunlin,42840,JAN-2015,0,Good
DN,Dunlin,42840,FEB-2015,0,Good
DN,Dunlin,42840,OCT-2015,0,Good
DN,Dunlin,42840,DEC-2015,0,Good
DN,Dunlin,42840,JAN-2016,0,Good
DN,Dunlin,42840,FEB-2016,0,Good
DN,Dunlin,42840,OCT-2016,0,Good
DN,Dunlin,42840,DEC-2016,0,Good
DN,Dunlin,42840,JAN-2017,0,Good
DN,Dunlin,42840,FEB-2017,0,Good
DN,Dunlin,42840,OCT-2017,0,Good
DN,Dunlin,42840,DEC-2017,0,Good
DN,Dunlin,42840,JAN-2018,0,Good
DN,Dunlin,42840,FEB-2018,0,Good
DN,Dunlin,42840,OCT-2018,0,Good
DN,Dunlin,42840,DEC-2018,0,Good
DN,Dunlin,42840,JAN-2019,0,Good
DN,Dunlin,42840,FEB-2019,0,Good
RK,Redshank,43920,OCT-1999,90,Good
RK,Redshank,43920,DEC-1999,4,Good
RK,Redshank,43920,JAN-2000,2,Good
RK,Redshank,43920,FEB-2000,39,Good
RK,Redshank,43920,OCT-2000,3,Good
RK,Redshank,43920,DEC-2000,25,Good
RK,Redshank,43920,JAN-2001,25,Good
RK,Redshank,43920,FEB-2001,22,Good
RK,Redshank,43920,OCT-2001,37,Good
RK,Redshank,43920,DEC-2001,7,Good
RK,Redshank,43920,JAN-2002,22,Good
RK,Redshank,43920,FEB-2002,33,Good
RK,Redshank,43920,OCT-2002,54,Good
RK,Redshank,43920,DEC-2002,21,Good
RK,Redshank,43920,JAN-2003,14,Good
RK,Redshank,43920,FEB-2003,37,Good
RK,Redshank,43920,OCT-2003,55,Good
RK,Redshank,43920,DEC-2003,15,Good
RK,Redshank,43920,JAN-2004,24,Good
RK,Redshank,43920,FEB-2004,25,Good
RK,Redshank,43920,OCT-2004,0,Good
RK,Redshank,43920,DEC-2004,12,Good
RK,Redshank,43920,JAN-2005,22,Good
RK,Redshank,43920,FEB-2005,29,Good
RK,Redshank,43920,OCT-2005,20,Good
RK,Redshank,43920,DEC-2005,1,Good
RK,Redshank,43920,FEB-2006,10,Good
RK,Redshank,43920,OCT-2006,43,Good
RK,Redshank,43920,DEC-2006,2,Good
RK,Redshank,43920,JAN-2007,9,Good
RK,Redshank,43920,FEB-2007,19,Good
RK,Redshank,43920,OCT-2007,18,Good
RK,Redshank,43920,DEC-2007,5,Poor
RK,Redshank,43920,JAN-2008,10,Good
RK,Redshank,43920,FEB-2008,10,Good
RK,Redshank,43920,OCT-2008,3,Poor
RK,Redshank,43920,DEC-2008,2,Good
RK,Redshank,43920,JAN-2009,3,Good
RK,Redshank,43920,FEB-2009,3,Good
RK,Redshank,43920,OCT-2009,35,Good
RK,Redshank,43920,JAN-2010,6,Good
RK,Redshank,43920,FEB-2010,17,Good
RK,Redshank,43920,OCT-2010,5,Good
RK,Redshank,43920,DEC-2010,2,Good
RK,Redshank,43920,JAN-2011,4,Good
RK,Redshank,43920,FEB-2011,14,Good
RK,Redshank,43920,OCT-2011,6,Good
RK,Redshank,43920,DEC-2011,4,Good
RK,Redshank,43920,JAN-2012,8,Good
RK,Redshank,43920,FEB-2012,11,Good
RK,Redshank,43920,JUN-2012,0,Good
RK,Redshank,43920,OCT-2012,4,Good
RK,Redshank,43920,DEC-2012,4,Good
RK,Redshank,43920,JAN-2013,8,Good
RK,Redshank,43920,FEB-2013,15,Good
RK,Redshank,43920,OCT-2013,3,Good
RK,Redshank,43920,DEC-2013,3,Good
RK,Redshank,43920,JAN-2014,6,Good
RK,Redshank,43920,FEB-2014,5,Good
RK,Redshank,43920,OCT-2014,5,Good
RK,Redshank,43920,DEC-2014,7,Good
RK,Redshank,43920,JAN-2015,3,Good
RK,Redshank,43920,FEB-2015,7,Good
RK,Redshank,43920,OCT-2015,7,Good
RK,Redshank,43920,DEC-2015,3,Good
RK,Redshank,43920,JAN-2016,2,Good
RK,Redshank,43920,FEB-2016,8,Good
RK,Redshank,43920,OCT-2016,18,Good
RK,Redshank,43920,DEC-2016,7,Good
RK,Redshank,43920,JAN-2017,16,Good
RK,Redshank,43920,FEB-2017,23,Good
RK,Redshank,43920,OCT-2017,10,Good
RK,Redshank,43920,DEC-2017,9,Good
RK,Redshank,43920,JAN-2018,13,Good
RK,Redshank,43920,FEB-2018,10,Good
RK,Redshank,43920,OCT-2018,13,Good
RK,Redshank,43920,DEC-2018,11,Good
RK,Redshank,43920,JAN-2019,8,Good
RK,Redshank,43920,FEB-2019,12,Good
BH,Black-headed Gull,45190,DEC-2003,10,Good
BH,Black-headed Gull,45190,DEC-2004,0,Good
BH,Black-headed Gull,45190,JUN-2012,0,Good
BH,Black-headed Gull,45190,JAN-2014,0,Good
BH,Black-headed Gull,45190,JAN-2018,0,Good
BH,Black-headed Gull,45190,FEB-2018,0,Good
LU,Little Gull,45270,DEC-2003,0,Good
LU,Little Gull,45270,DEC-2004,0,Good
LU,Little Gull,45270,JUN-2012,0,Good
LU,Little Gull,45270,JAN-2014,1,Good
LU,Little Gull,45270,JAN-2018,0,Good
LU,Little Gull,45270,FEB-2018,0,Good
CM,Common Gull,45530,DEC-2003,15,Good
CM,Common Gull,45530,DEC-2004,0,Good
CM,Common Gull,45530,JUN-2012,0,Good
CM,Common Gull,45530,JAN-2014,0,Good
CM,Common Gull,45530,JAN-2018,0,Good
CM,Common Gull,45530,FEB-2018,0,Good
GB,Great Black-backed Gull,45620,DEC-2003,0,Good
GB,Great Black-backed Gull,45620,DEC-2004,0,Good
GB,Great Black-backed Gull,45620,JUN-2012,1,Good
GB,Great Black-backed Gull,45620,JAN-2014,0,Good
GB,Great Black-backed Gull,45620,JAN-2018,0,Good
GB,Great Black-backed Gull,45620,FEB-2018,0,Good
HG,Herring Gull,45830,DEC-2003,23,Good
HG,Herring Gull,45830,DEC-2004,300,Good
HG,Herring Gull,45830,JUN-2012,25,Good
HG,Herring Gull,45830,JAN-2014,0,Good
HG,Herring Gull,45830,JAN-2018,0,Good
HG,Herring Gull,45830,FEB-2018,0,Good
TE,Sandwich Tern,46400,OCT-2001,0,Good
TE,Sandwich Tern,46400,DEC-2001,0,Good
TE,Sandwich Tern,46400,JAN-2002,0,Good
TE,Sandwich Tern,46400,FEB-2002,0,Good
TE,Sandwich Tern,46400,OCT-2006,2,Good
TE,Sandwich Tern,46400,OCT-2007,0,Good
TE,Sandwich Tern,46400,DEC-2007,0,Poor
TE,Sandwich Tern,46400,JAN-2008,0,Good
TE,Sandwich Tern,46400,FEB-2008,0,Good
TE,Sandwich Tern,46400,OCT-2008,0,Poor
TE,Sandwich Tern,46400,JUN-2012,0,Good
TE,Sandwich Tern,46400,JAN-2018,0,Good
TE,Sandwich Tern,46400,FEB-2018,0,Good
CN,Common Tern,46930,OCT-2001,0,Good
CN,Common Tern,46930,DEC-2001,0,Good
CN,Common Tern,46930,JAN-2002,0,Good
CN,Common Tern,46930,FEB-2002,0,Good
CN,Common Tern,46930,OCT-2006,0,Good
CN,Common Tern,46930,OCT-2007,0,Good
CN,Common Tern,46930,DEC-2007,0,Poor
CN,Common Tern,46930,JAN-2008,0,Good
CN,Common Tern,46930,FEB-2008,0,Good
CN,Common Tern,46930,OCT-2008,0,Poor
CN,Common Tern,46930,JUN-2012,75,Good
CN,Common Tern,46930,JAN-2018,0,Good
CN,Common Tern,46930,FEB-2018,0,Good
