SpeciesCode,Species,TaxonSort,Visit,Count,SpeciesCover
QS,Brent Goose (Svalbard Light-bellied),2710,OCT-2007,0,Good
QS,Brent Goose (Svalbard Light-bellied),2710,DEC-2007,0,Poor
QS,Brent Goose (Svalbard Light-bellied),2710,JAN-2008,0,Good
QS,Brent Goose (Svalbard Light-bellied),2710,FEB-2008,0,Good
QS,Brent Goose (Svalbard Light-bellied),2710,OCT-2008,0,Poor
QS,Brent Goose (Svalbard Light-bellied),2710,DEC-2008,0,Good
QS,Brent Goose (Svalbard Light-bellied),2710,OCT-2009,0,Good
QS,Brent Goose (Svalbard Light-bellied),2710,NOV-2009,2,Good
QS,Brent Goose (Svalbard Light-bellied),2710,JAN-2010,0,Good
QS,Brent Goose (Svalbard Light-bellied),2710,FEB-2010,0,Good
QS,Brent Goose (Svalbard Light-bellied),2710,MAR-2010,0,Good
QS,Brent Goose (Svalbard Light-bellied),2710,OCT-2010,0,Good
QS,Brent Goose (Svalbard Light-bellied),2710,NOV-2010,0,Good
QS,Brent Goose (Svalbard Light-bellied),2710,DEC-2010,0,Good
QS,Brent Goose (Svalbard Light-bellied),2710,JAN-2011,0,Good
QS,Brent Goose (Svalbard Light-bellied),2710,FEB-2011,0,Good
QS,Brent Goose (Svalbard Light-bellied),2710,MAR-2011,0,Good
QS,Brent Goose (Svalbard Light-bellied),2710,OCT-2011,0,Good
QS,Brent Goose (Svalbard Light-bellied),2710,DEC-2011,0,Good
QS,Brent Goose (Svalbard Light-bellied),2710,JAN-2012,0,Good
QS,Brent Goose (Svalbard Light-bellied),2710,FEB-2012,0,Good
QS,Brent Goose (Svalbard Light-bellied),2710,OCT-2012,0,Good
QS,Brent Goose (Svalbard Light-bellied),2710,DEC-2012,0,Good
QS,Brent Goose (Svalbard Light-bellied),2710,JAN-2013,0,Good
QS,Brent Goose (Svalbard Light-bellied),2710,FEB-2013,0,Good
QS,Brent Goose (Svalbard Light-bellied),2710,OCT-2013,0,Good
QS,Brent Goose (Svalbard Light-bellied),2710,DEC-2013,0,Good
QS,Brent Goose (Svalbard Light-bellied),2710,JAN-2014,0,Good
QS,Brent Goose (Svalbard Light-bellied),2710,FEB-2014,0,Good
QS,Brent Goose (Svalbard Light-bellied),2710,OCT-2014,0,Poor
QS,Brent Goose (Svalbard Light-bellied),2710,DEC-2014,0,Poor
QS,Brent Goose (Svalbard Light-bellied),2710,JAN-2015,0,Good
QS,Brent Goose (Svalbard Light-bellied),2710,FEB-2015,0,Poor
QS,Brent Goose (Svalbard Light-bellied),2710,OCT-2015,0,Good
QS,Brent Goose (Svalbard Light-bellied),2710,DEC-2015,1,Good
QS,Brent Goose (Svalbard Light-bellied),2710,JAN-2016,0,Good
QS,Brent Goose (Svalbard Light-bellied),2710,FEB-2016,0,Good
QS,Brent Goose (Svalbard Light-bellied),2710,DEC-2016,0,Good
QS,Brent Goose (Svalbard Light-bellied),2710,JAN-2017,0,Good
QS,Brent Goose (Svalbard Light-bellied),2710,FEB-2017,0,Good
QS,Brent Goose (Svalbard Light-bellied),2710,OCT-2017,0,Good
QS,Brent Goose (Svalbard Light-bellied),2710,DEC-2017,0,Good
JI,Greylag Goose (Icelandic),3100,OCT-2007,0,Good
JI,Greylag Goose (Icelandic),3100,DEC-2007,0,Poor
JI,Greylag Goose (Icelandic),3100,JAN-2008,0,Good
JI,Greylag Goose (Icelandic),3100,FEB-2008,0,Good
JI,Greylag Goose (Icelandic),3100,OCT-2008,0,Poor
JI,Greylag Goose (Icelandic),3100,DEC-2008,0,Good
JI,Greylag Goose (Icelandic),3100,OCT-2009,0,Good
JI,Greylag Goose (Icelandic),3100,NOV-2009,0,Good
JI,Greylag Goose (Icelandic),3100,JAN-2010,0,Good
JI,Greylag Goose (Icelandic),3100,FEB-2010,0,Good
JI,Greylag Goose (Icelandic),3100,MAR-2010,0,Good
JI,Greylag Goose (Icelandic),3100,OCT-2010,0,Good
JI,Greylag Goose (Icelandic),3100,NOV-2010,0,Good
JI,Greylag Goose (Icelandic),3100,DEC-2010,0,Good
JI,Greylag Goose (Icelandic),3100,JAN-2011,0,Good
JI,Greylag Goose (Icelandic),3100,FEB-2011,0,Good
JI,Greylag Goose (Icelandic),3100,MAR-2011,0,Good
JI,Greylag Goose (Icelandic),3100,OCT-2011,0,Good
JI,Greylag Goose (Icelandic),3100,DEC-2011,60,Good
JI,Greylag Goose (Icelandic),3100,JAN-2012,0,Good
JI,Greylag Goose (Icelandic),3100,FEB-2012,0,Good
JI,Greylag Goose (Icelandic),3100,OCT-2012,0,Good
JI,Greylag Goose (Icelandic),3100,DEC-2012,0,Good
JI,Greylag Goose (Icelandic),3100,JAN-2013,0,Good
JI,Greylag Goose (Icelandic),3100,FEB-2013,0,Good
JI,Greylag Goose (Icelandic),3100,OCT-2013,0,Good
JI,Greylag Goose (Icelandic),3100,DEC-2013,0,Good
JI,Greylag Goose (Icelandic),3100,JAN-2014,0,Good
JI,Greylag Goose (Icelandic),3100,FEB-2014,0,Good
JI,Greylag Goose (Icelandic),3100,OCT-2014,0,Poor
JI,Greylag Goose (Icelandic),3100,DEC-2014,0,Poor
JI,Greylag Goose (Icelandic),3100,JAN-2015,0,Good
JI,Greylag Goose (Icelandic),3100,FEB-2015,0,Poor
JI,Greylag Goose (Icelandic),3100,OCT-2015,0,Good
JI,Greylag Goose (Icelandic),3100,DEC-2015,3,Good
JI,Greylag Goose (Icelandic),3100,JAN-2016,0,Good
JI,Greylag Goose (Icelandic),3100,FEB-2016,0,Good
JI,Greylag Goose (Icelandic),3100,DEC-2016,0,Good
JI,Greylag Goose (Icelandic),3100,JAN-2017,0,Good
JI,Greylag Goose (Icelandic),3100,FEB-2017,0,Good
JI,Greylag Goose (Icelandic),3100,OCT-2017,0,Good
JI,Greylag Goose (Icelandic),3100,DEC-2017,0,Good
PG,Pink-footed Goose,3225,OCT-2007,0,Good
PG,Pink-footed Goose,3225,DEC-2007,0,Poor
PG,Pink-footed Goose,3225,JAN-2008,0,Good
PG,Pink-footed Goose,3225,FEB-2008,0,Good
PG,Pink-footed Goose,3225,OCT-2008,0,Poor
PG,Pink-footed Goose,3225,DEC-2008,0,Good
PG,Pink-footed Goose,3225,OCT-2009,0,Good
PG,Pink-footed Goose,3225,NOV-2009,0,Good
PG,Pink-footed Goose,3225,JAN-2010,0,Good
PG,Pink-footed Goose,3225,FEB-2010,0,Good
PG,Pink-footed Goose,3225,MAR-2010,0,Good
PG,Pink-footed Goose,3225,OCT-2010,0,Good
PG,Pink-footed Goose,3225,NOV-2010,0,Good
PG,Pink-footed Goose,3225,DEC-2010,0,Good
PG,Pink-footed Goose,3225,JAN-2011,0,Good
PG,Pink-footed Goose,3225,FEB-2011,0,Good
PG,Pink-footed Goose,3225,MAR-2011,0,Good
PG,Pink-footed Goose,3225,OCT-2011,0,Good
PG,Pink-footed Goose,3225,DEC-2011,0,Good
PG,Pink-footed Goose,3225,JAN-2012,0,Good
PG,Pink-footed Goose,3225,FEB-2012,47,Good
PG,Pink-footed Goose,3225,OCT-2012,0,Good
PG,Pink-footed Goose,3225,DEC-2012,0,Good
PG,Pink-footed Goose,3225,JAN-2013,0,Good
PG,Pink-footed Goose,3225,FEB-2013,0,Good
PG,Pink-footed Goose,3225,OCT-2013,0,Good
PG,Pink-footed Goose,3225,DEC-2013,0,Good
PG,Pink-footed Goose,3225,JAN-2014,0,Good
PG,Pink-footed Goose,3225,FEB-2014,0,Good
PG,Pink-footed Goose,3225,OCT-2014,0,Poor
PG,Pink-footed Goose,3225,DEC-2014,0,Poor
PG,Pink-footed Goose,3225,JAN-2015,0,Good
PG,Pink-footed Goose,3225,FEB-2015,0,Poor
PG,Pink-footed Goose,3225,OCT-2015,0,Good
PG,Pink-footed Goose,3225,DEC-2015,0,Good
PG,Pink-footed Goose,3225,JAN-2016,0,Good
PG,Pink-footed Goose,3225,FEB-2016,0,Good
PG,Pink-footed Goose,3225,DEC-2016,0,Good
PG,Pink-footed Goose,3225,JAN-2017,0,Good
PG,Pink-footed Goose,3225,FEB-2017,0,Good
PG,Pink-footed Goose,3225,OCT-2017,0,Good
PG,Pink-footed Goose,3225,DEC-2017,0,Good
WN,Wigeon,4620,OCT-2007,0,Good
WN,Wigeon,4620,DEC-2007,0,Poor
WN,Wigeon,4620,JAN-2008,0,Good
WN,Wigeon,4620,FEB-2008,0,Good
WN,Wigeon,4620,OCT-2008,0,Poor
WN,Wigeon,4620,DEC-2008,0,Good
WN,Wigeon,4620,OCT-2009,0,Good
WN,Wigeon,4620,NOV-2009,0,Good
WN,Wigeon,4620,JAN-2010,0,Good
WN,Wigeon,4620,FEB-2010,235,Good
WN,Wigeon,4620,MAR-2010,0,Good
WN,Wigeon,4620,OCT-2010,0,Good
WN,Wigeon,4620,NOV-2010,0,Good
WN,Wigeon,4620,DEC-2010,0,Good
WN,Wigeon,4620,JAN-2011,0,Good
WN,Wigeon,4620,FEB-2011,0,Good
WN,Wigeon,4620,MAR-2011,0,Good
WN,Wigeon,4620,OCT-2011,0,Good
WN,Wigeon,4620,DEC-2011,0,Good
WN,Wigeon,4620,JAN-2012,97,Good
WN,Wigeon,4620,FEB-2012,0,Good
WN,Wigeon,4620,OCT-2012,0,Good
WN,Wigeon,4620,DEC-2012,0,Good
WN,Wigeon,4620,JAN-2013,0,Good
WN,Wigeon,4620,FEB-2013,0,Good
WN,Wigeon,4620,OCT-2013,0,Good
WN,Wigeon,4620,DEC-2013,0,Good
WN,Wigeon,4620,JAN-2014,0,Good
WN,Wigeon,4620,FEB-2014,0,Good
WN,Wigeon,4620,OCT-2014,0,Poor
WN,Wigeon,4620,DEC-2014,0,Poor
WN,Wigeon,4620,JAN-2015,0,Good
WN,Wigeon,4620,FEB-2015,0,Poor
WN,Wigeon,4620,OCT-2015,0,Good
WN,Wigeon,4620,DEC-2015,0,Good
WN,Wigeon,4620,JAN-2016,0,Good
WN,Wigeon,4620,FEB-2016,0,Good
WN,Wigeon,4620,DEC-2016,0,Good
WN,Wigeon,4620,JAN-2017,0,Good
WN,Wigeon,4620,FEB-2017,0,Good
WN,Wigeon,4620,OCT-2017,0,Good
WN,Wigeon,4620,DEC-2017,0,Good
MA,Mallard,4840,OCT-2007,0,Good
MA,Mallard,4840,DEC-2007,0,Poor
MA,Mallard,4840,JAN-2008,0,Good
MA,Mallard,4840,FEB-2008,0,Good
MA,Mallard,4840,OCT-2008,0,Poor
MA,Mallard,4840,DEC-2008,0,Good
MA,Mallard,4840,OCT-2009,0,Good
MA,Mallard,4840,NOV-2009,0,Good
MA,Mallard,4840,JAN-2010,0,Good
MA,Mallard,4840,FEB-2010,0,Good
MA,Mallard,4840,MAR-2010,0,Good
MA,Mallard,4840,OCT-2010,0,Good
MA,Mallard,4840,NOV-2010,0,Good
MA,Mallard,4840,DEC-2010,0,Good
MA,Mallard,4840,JAN-2011,0,Good
MA,Mallard,4840,FEB-2011,0,Good
MA,Mallard,4840,MAR-2011,0,Good
MA,Mallard,4840,OCT-2011,0,Good
MA,Mallard,4840,DEC-2011,0,Good
MA,Mallard,4840,JAN-2012,3,Good
MA,Mallard,4840,FEB-2012,0,Good
MA,Mallard,4840,OCT-2012,0,Good
MA,Mallard,4840,DEC-2012,0,Good
MA,Mallard,4840,JAN-2013,0,Good
MA,Mallard,4840,FEB-2013,0,Good
MA,Mallard,4840,OCT-2013,0,Good
MA,Mallard,4840,DEC-2013,0,Good
MA,Mallard,4840,JAN-2014,0,Good
MA,Mallard,4840,FEB-2014,0,Good
MA,Mallard,4840,OCT-2014,0,Poor
MA,Mallard,4840,DEC-2014,0,Poor
MA,Mallard,4840,JAN-2015,0,Good
MA,Mallard,4840,FEB-2015,0,Poor
MA,Mallard,4840,OCT-2015,0,Good
MA,Mallard,4840,DEC-2015,0,Good
MA,Mallard,4840,JAN-2016,0,Good
MA,Mallard,4840,FEB-2016,0,Good
MA,Mallard,4840,DEC-2016,0,Good
MA,Mallard,4840,JAN-2017,0,Good
MA,Mallard,4840,FEB-2017,0,Good
MA,Mallard,4840,OCT-2017,0,Good
MA,Mallard,4840,DEC-2017,0,Good
T.,Teal,5080,OCT-2007,0,Good
T.,Teal,5080,DEC-2007,0,Poor
T.,Teal,5080,JAN-2008,0,Good
T.,Teal,5080,FEB-2008,0,Good
T.,Teal,5080,OCT-2008,0,Poor
T.,Teal,5080,DEC-2008,0,Good
T.,Teal,5080,OCT-2009,0,Good
T.,Teal,5080,NOV-2009,0,Good
T.,Teal,5080,JAN-2010,0,Good
T.,Teal,5080,FEB-2010,0,Good
T.,Teal,5080,MAR-2010,0,Good
T.,Teal,5080,OCT-2010,0,Good
T.,Teal,5080,NOV-2010,0,Good
T.,Teal,5080,DEC-2010,0,Good
T.,Teal,5080,JAN-2011,0,Good
T.,Teal,5080,FEB-2011,0,Good
T.,Teal,5080,MAR-2011,0,Good
T.,Teal,5080,OCT-2011,0,Good
T.,Teal,5080,DEC-2011,0,Good
T.,Teal,5080,JAN-2012,0,Good
T.,Teal,5080,FEB-2012,0,Good
T.,Teal,5080,OCT-2012,0,Good
T.,Teal,5080,DEC-2012,0,Good
T.,Teal,5080,JAN-2013,0,Good
T.,Teal,5080,FEB-2013,0,Good
T.,Teal,5080,OCT-2013,0,Good
T.,Teal,5080,DEC-2013,0,Good
T.,Teal,5080,JAN-2014,0,Good
T.,Teal,5080,FEB-2014,0,Good
T.,Teal,5080,OCT-2014,0,Poor
T.,Teal,5080,DEC-2014,0,Poor
T.,Teal,5080,JAN-2015,0,Good
T.,Teal,5080,FEB-2015,0,Poor
T.,Teal,5080,OCT-2015,0,Good
T.,Teal,5080,DEC-2015,0,Good
T.,Teal,5080,JAN-2016,14,Good
T.,Teal,5080,FEB-2016,0,Good
T.,Teal,5080,DEC-2016,0,Good
T.,Teal,5080,JAN-2017,0,Good
T.,Teal,5080,FEB-2017,0,Good
T.,Teal,5080,OCT-2017,0,Good
T.,Teal,5080,DEC-2017,0,Good
KE,King Eider,5610,OCT-2007,0,Good
KE,King Eider,5610,DEC-2007,0,Poor
KE,King Eider,5610,JAN-2008,0,Good
KE,King Eider,5610,FEB-2008,0,Good
KE,King Eider,5610,OCT-2008,0,Poor
KE,King Eider,5610,DEC-2008,0,Good
KE,King Eider,5610,OCT-2009,0,Good
KE,King Eider,5610,NOV-2009,0,Good
KE,King Eider,5610,JAN-2010,0,Good
KE,King Eider,5610,FEB-2010,0,Good
KE,King Eider,5610,MAR-2010,0,Good
KE,King Eider,5610,OCT-2010,0,Good
KE,King Eider,5610,NOV-2010,0,Good
KE,King Eider,5610,DEC-2010,0,Good
KE,King Eider,5610,JAN-2011,0,Good
KE,King Eider,5610,FEB-2011,0,Good
KE,King Eider,5610,MAR-2011,0,Good
KE,King Eider,5610,OCT-2011,1,Good
KE,King Eider,5610,DEC-2011,0,Good
KE,King Eider,5610,JAN-2012,0,Good
KE,King Eider,5610,FEB-2012,0,Good
KE,King Eider,5610,OCT-2012,0,Good
KE,King Eider,5610,DEC-2012,0,Good
KE,King Eider,5610,JAN-2013,0,Good
KE,King Eider,5610,FEB-2013,0,Good
KE,King Eider,5610,OCT-2013,0,Good
KE,King Eider,5610,DEC-2013,0,Good
KE,King Eider,5610,JAN-2014,0,Good
KE,King Eider,5610,FEB-2014,0,Good
KE,King Eider,5610,OCT-2014,0,Poor
KE,King Eider,5610,DEC-2014,0,Poor
KE,King Eider,5610,JAN-2015,0,Good
KE,King Eider,5610,FEB-2015,0,Poor
KE,King Eider,5610,OCT-2015,0,Good
KE,King Eider,5610,DEC-2015,0,Good
KE,King Eider,5610,JAN-2016,0,Good
KE,King Eider,5610,FEB-2016,0,Good
KE,King Eider,5610,DEC-2016,0,Good
KE,King Eider,5610,JAN-2017,0,Good
KE,King Eider,5610,FEB-2017,0,Good
KE,King Eider,5610,OCT-2017,0,Good
KE,King Eider,5610,DEC-2017,0,Good
EE,Eider (except Shetland),5690,OCT-2007,51,Good
EE,Eider (except Shetland),5690,DEC-2007,0,Poor
EE,Eider (except Shetland),5690,JAN-2008,26,Good
EE,Eider (except Shetland),5690,FEB-2008,25,Good
EE,Eider (except Shetland),5690,OCT-2008,10,Poor
EE,Eider (except Shetland),5690,DEC-2008,71,Good
EE,Eider (except Shetland),5690,OCT-2009,115,Good
EE,Eider (except Shetland),5690,NOV-2009,2,Good
EE,Eider (except Shetland),5690,JAN-2010,104,Good
EE,Eider (except Shetland),5690,FEB-2010,187,Good
EE,Eider (except Shetland),5690,MAR-2010,47,Good
EE,Eider (except Shetland),5690,OCT-2010,400,Good
EE,Eider (except Shetland),5690,NOV-2010,2,Good
EE,Eider (except Shetland),5690,DEC-2010,48,Good
EE,Eider (except Shetland),5690,JAN-2011,18,Good
EE,Eider (except Shetland),5690,FEB-2011,140,Good
EE,Eider (except Shetland),5690,MAR-2011,14,Good
EE,Eider (except Shetland),5690,OCT-2011,399,Good
EE,Eider (except Shetland),5690,DEC-2011,86,Good
EE,Eider (except Shetland),5690,JAN-2012,110,Good
EE,Eider (except Shetland),5690,FEB-2012,46,Good
EE,Eider (except Shetland),5690,OCT-2012,145,Good
EE,Eider (except Shetland),5690,DEC-2012,44,Good
EE,Eider (except Shetland),5690,JAN-2013,10,Good
EE,Eider (except Shetland),5690,FEB-2013,6,Good
EE,Eider (except Shetland),5690,OCT-2013,0,Good
EE,Eider (except Shetland),5690,DEC-2013,80,Good
EE,Eider (except Shetland),5690,JAN-2014,127,Good
EE,Eider (except Shetland),5690,FEB-2014,81,Good
EE,Eider (except Shetland),5690,OCT-2014,8,Poor
EE,Eider (except Shetland),5690,DEC-2014,0,Poor
EE,Eider (except Shetland),5690,JAN-2015,61,Good
EE,Eider (except Shetland),5690,FEB-2015,17,Poor
EE,Eider (except Shetland),5690,OCT-2015,15,Good
EE,Eider (except Shetland),5690,DEC-2015,9,Good
EE,Eider (except Shetland),5690,JAN-2016,2,Good
EE,Eider (except Shetland),5690,FEB-2016,14,Good
EE,Eider (except Shetland),5690,DEC-2016,0,Good
EE,Eider (except Shetland),5690,JAN-2017,40,Good
EE,Eider (except Shetland),5690,FEB-2017,10,Good
EE,Eider (except Shetland),5690,OCT-2017,0,Good
EE,Eider (except Shetland),5690,DEC-2017,7,Good
FS,Surf Scoter,5760,OCT-2007,0,Good
FS,Surf Scoter,5760,DEC-2007,0,Poor
FS,Surf Scoter,5760,JAN-2008,0,Good
FS,Surf Scoter,5760,FEB-2008,0,Good
FS,Surf Scoter,5760,OCT-2008,0,Poor
FS,Surf Scoter,5760,DEC-2008,0,Good
FS,Surf Scoter,5760,OCT-2009,0,Good
FS,Surf Scoter,5760,NOV-2009,0,Good
FS,Surf Scoter,5760,JAN-2010,0,Good
FS,Surf Scoter,5760,FEB-2010,0,Good
FS,Surf Scoter,5760,MAR-2010,0,Good
FS,Surf Scoter,5760,OCT-2010,0,Good
FS,Surf Scoter,5760,NOV-2010,0,Good
FS,Surf Scoter,5760,DEC-2010,0,Good
FS,Surf Scoter,5760,JAN-2011,0,Good
FS,Surf Scoter,5760,FEB-2011,0,Good
FS,Surf Scoter,5760,MAR-2011,0,Good
FS,Surf Scoter,5760,OCT-2011,0,Good
FS,Surf Scoter,5760,DEC-2011,0,Good
FS,Surf Scoter,5760,JAN-2012,0,Good
FS,Surf Scoter,5760,FEB-2012,0,Good
FS,Surf Scoter,5760,OCT-2012,0,Good
FS,Surf Scoter,5760,DEC-2012,0,Good
FS,Surf Scoter,5760,JAN-2013,0,Good
FS,Surf Scoter,5760,FEB-2013,0,Good
FS,Surf Scoter,5760,OCT-2013,0,Good
FS,Surf Scoter,5760,DEC-2013,0,Good
FS,Surf Scoter,5760,JAN-2014,0,Good
FS,Surf Scoter,5760,FEB-2014,0,Good
FS,Surf Scoter,5760,OCT-2014,0,Poor
FS,Surf Scoter,5760,DEC-2014,0,Poor
FS,Surf Scoter,5760,JAN-2015,0,Good
FS,Surf Scoter,5760,FEB-2015,0,Poor
FS,Surf Scoter,5760,OCT-2015,0,Good
FS,Surf Scoter,5760,DEC-2015,0,Good
FS,Surf Scoter,5760,JAN-2016,0,Good
FS,Surf Scoter,5760,FEB-2016,0,Good
FS,Surf Scoter,5760,DEC-2016,0,Good
FS,Surf Scoter,5760,JAN-2017,0,Good
FS,Surf Scoter,5760,FEB-2017,2,Good
FS,Surf Scoter,5760,OCT-2017,0,Good
FS,Surf Scoter,5760,DEC-2017,0,Good
VS,Velvet Scoter,5770,OCT-2007,2,Good
VS,Velvet Scoter,5770,DEC-2007,0,Poor
VS,Velvet Scoter,5770,JAN-2008,7,Good
VS,Velvet Scoter,5770,FEB-2008,7,Good
VS,Velvet Scoter,5770,OCT-2008,0,Poor
VS,Velvet Scoter,5770,DEC-2008,0,Good
VS,Velvet Scoter,5770,OCT-2009,150,Good
VS,Velvet Scoter,5770,NOV-2009,2,Good
VS,Velvet Scoter,5770,JAN-2010,67,Good
VS,Velvet Scoter,5770,FEB-2010,50,Good
VS,Velvet Scoter,5770,MAR-2010,26,Good
VS,Velvet Scoter,5770,OCT-2010,3,Good
VS,Velvet Scoter,5770,NOV-2010,0,Good
VS,Velvet Scoter,5770,DEC-2010,26,Good
VS,Velvet Scoter,5770,JAN-2011,135,Good
VS,Velvet Scoter,5770,FEB-2011,81,Good
VS,Velvet Scoter,5770,MAR-2011,1,Good
VS,Velvet Scoter,5770,OCT-2011,45,Good
VS,Velvet Scoter,5770,DEC-2011,46,Good
VS,Velvet Scoter,5770,JAN-2012,44,Good
VS,Velvet Scoter,5770,FEB-2012,34,Good
VS,Velvet Scoter,5770,OCT-2012,8,Good
VS,Velvet Scoter,5770,DEC-2012,96,Good
VS,Velvet Scoter,5770,JAN-2013,13,Good
VS,Velvet Scoter,5770,FEB-2013,24,Good
VS,Velvet Scoter,5770,OCT-2013,0,Good
VS,Velvet Scoter,5770,DEC-2013,9,Good
VS,Velvet Scoter,5770,JAN-2014,0,Good
VS,Velvet Scoter,5770,FEB-2014,0,Good
VS,Velvet Scoter,5770,OCT-2014,73,Poor
VS,Velvet Scoter,5770,DEC-2014,0,Poor
VS,Velvet Scoter,5770,JAN-2015,0,Good
VS,Velvet Scoter,5770,FEB-2015,0,Poor
VS,Velvet Scoter,5770,OCT-2015,8,Good
VS,Velvet Scoter,5770,DEC-2015,0,Good
VS,Velvet Scoter,5770,JAN-2016,0,Good
VS,Velvet Scoter,5770,FEB-2016,0,Good
VS,Velvet Scoter,5770,DEC-2016,0,Good
VS,Velvet Scoter,5770,JAN-2017,0,Good
VS,Velvet Scoter,5770,FEB-2017,0,Good
VS,Velvet Scoter,5770,OCT-2017,0,Good
VS,Velvet Scoter,5770,DEC-2017,0,Good
CX,Common Scoter,5810,OCT-2007,69,Good
CX,Common Scoter,5810,DEC-2007,0,Poor
CX,Common Scoter,5810,JAN-2008,42,Good
CX,Common Scoter,5810,FEB-2008,92,Good
CX,Common Scoter,5810,OCT-2008,0,Poor
CX,Common Scoter,5810,DEC-2008,54,Good
CX,Common Scoter,5810,OCT-2009,167,Good
CX,Common Scoter,5810,NOV-2009,30,Good
CX,Common Scoter,5810,JAN-2010,171,Good
CX,Common Scoter,5810,FEB-2010,79,Good
CX,Common Scoter,5810,MAR-2010,2,Good
CX,Common Scoter,5810,OCT-2010,6,Good
CX,Common Scoter,5810,NOV-2010,19,Good
CX,Common Scoter,5810,DEC-2010,2,Good
CX,Common Scoter,5810,JAN-2011,11,Good
CX,Common Scoter,5810,FEB-2011,61,Good
CX,Common Scoter,5810,MAR-2011,14,Good
CX,Common Scoter,5810,OCT-2011,251,Good
CX,Common Scoter,5810,DEC-2011,94,Good
CX,Common Scoter,5810,JAN-2012,129,Good
CX,Common Scoter,5810,FEB-2012,75,Good
CX,Common Scoter,5810,OCT-2012,85,Good
CX,Common Scoter,5810,DEC-2012,36,Good
CX,Common Scoter,5810,JAN-2013,73,Good
CX,Common Scoter,5810,FEB-2013,11,Good
CX,Common Scoter,5810,OCT-2013,0,Good
CX,Common Scoter,5810,DEC-2013,13,Good
CX,Common Scoter,5810,JAN-2014,0,Good
CX,Common Scoter,5810,FEB-2014,0,Good
CX,Common Scoter,5810,OCT-2014,224,Poor
CX,Common Scoter,5810,DEC-2014,0,Poor
CX,Common Scoter,5810,JAN-2015,0,Good
CX,Common Scoter,5810,FEB-2015,0,Poor
CX,Common Scoter,5810,OCT-2015,41,Good
CX,Common Scoter,5810,DEC-2015,23,Good
CX,Common Scoter,5810,JAN-2016,13,Good
CX,Common Scoter,5810,FEB-2016,5,Good
CX,Common Scoter,5810,DEC-2016,1,Good
CX,Common Scoter,5810,JAN-2017,0,Good
CX,Common Scoter,5810,FEB-2017,43,Good
CX,Common Scoter,5810,OCT-2017,0,Good
CX,Common Scoter,5810,DEC-2017,0,Good
UX,Unidentified scoter,5830,OCT-2007,0,Good
UX,Unidentified scoter,5830,DEC-2007,0,Poor
UX,Unidentified scoter,5830,JAN-2008,0,Good
UX,Unidentified scoter,5830,FEB-2008,0,Good
UX,Unidentified scoter,5830,OCT-2008,63,Poor
UX,Unidentified scoter,5830,DEC-2008,0,Good
UX,Unidentified scoter,5830,OCT-2009,0,Good
UX,Unidentified scoter,5830,NOV-2009,0,Good
UX,Unidentified scoter,5830,JAN-2010,0,Good
UX,Unidentified scoter,5830,FEB-2010,0,Good
UX,Unidentified scoter,5830,MAR-2010,0,Good
UX,Unidentified scoter,5830,OCT-2010,0,Good
UX,Unidentified scoter,5830,NOV-2010,0,Good
UX,Unidentified scoter,5830,DEC-2010,0,Good
UX,Unidentified scoter,5830,JAN-2011,0,Good
UX,Unidentified scoter,5830,FEB-2011,8,Good
UX,Unidentified scoter,5830,MAR-2011,0,Good
UX,Unidentified scoter,5830,OCT-2011,0,Good
UX,Unidentified scoter,5830,DEC-2011,0,Good
UX,Unidentified scoter,5830,JAN-2012,54,Good
UX,Unidentified scoter,5830,FEB-2012,0,Good
UX,Unidentified scoter,5830,OCT-2012,0,Good
UX,Unidentified scoter,5830,DEC-2012,0,Good
UX,Unidentified scoter,5830,JAN-2013,0,Good
UX,Unidentified scoter,5830,FEB-2013,0,Good
UX,Unidentified scoter,5830,OCT-2013,0,Good
UX,Unidentified scoter,5830,DEC-2013,0,Good
UX,Unidentified scoter,5830,JAN-2014,37,Good
UX,Unidentified scoter,5830,FEB-2014,0,Good
UX,Unidentified scoter,5830,OCT-2014,0,Poor
UX,Unidentified scoter,5830,DEC-2014,0,Poor
UX,Unidentified scoter,5830,JAN-2015,0,Good
UX,Unidentified scoter,5830,FEB-2015,0,Poor
UX,Unidentified scoter,5830,OCT-2015,15,Good
UX,Unidentified scoter,5830,DEC-2015,0,Good
UX,Unidentified scoter,5830,JAN-2016,0,Good
UX,Unidentified scoter,5830,FEB-2016,0,Good
UX,Unidentified scoter,5830,DEC-2016,0,Good
UX,Unidentified scoter,5830,JAN-2017,1,Good
UX,Unidentified scoter,5830,FEB-2017,1,Good
UX,Unidentified scoter,5830,OCT-2017,0,Good
UX,Unidentified scoter,5830,DEC-2017,10,Good
LN,Long-tailed Duck,5850,OCT-2007,10,Good
LN,Long-tailed Duck,5850,DEC-2007,2,Poor
LN,Long-tailed Duck,5850,JAN-2008,15,Good
LN,Long-tailed Duck,5850,FEB-2008,15,Good
LN,Long-tailed Duck,5850,OCT-2008,0,Poor
LN,Long-tailed Duck,5850,DEC-2008,70,Good
LN,Long-tailed Duck,5850,OCT-2009,40,Good
LN,Long-tailed Duck,5850,NOV-2009,18,Good
LN,Long-tailed Duck,5850,JAN-2010,24,Good
LN,Long-tailed Duck,5850,FEB-2010,62,Good
LN,Long-tailed Duck,5850,MAR-2010,37,Good
LN,Long-tailed Duck,5850,OCT-2010,136,Good
LN,Long-tailed Duck,5850,NOV-2010,7,Good
LN,Long-tailed Duck,5850,DEC-2010,21,Good
LN,Long-tailed Duck,5850,JAN-2011,1,Good
LN,Long-tailed Duck,5850,FEB-2011,69,Good
LN,Long-tailed Duck,5850,MAR-2011,0,Good
LN,Long-tailed Duck,5850,OCT-2011,121,Good
LN,Long-tailed Duck,5850,DEC-2011,193,Good
LN,Long-tailed Duck,5850,JAN-2012,87,Good
LN,Long-tailed Duck,5850,FEB-2012,112,Good
LN,Long-tailed Duck,5850,OCT-2012,221,Good
LN,Long-tailed Duck,5850,DEC-2012,135,Good
LN,Long-tailed Duck,5850,JAN-2013,13,Good
LN,Long-tailed Duck,5850,FEB-2013,15,Good
LN,Long-tailed Duck,5850,OCT-2013,0,Good
LN,Long-tailed Duck,5850,DEC-2013,16,Good
LN,Long-tailed Duck,5850,JAN-2014,18,Good
LN,Long-tailed Duck,5850,FEB-2014,8,Good
LN,Long-tailed Duck,5850,OCT-2014,266,Poor
LN,Long-tailed Duck,5850,DEC-2014,0,Poor
LN,Long-tailed Duck,5850,JAN-2015,17,Good
LN,Long-tailed Duck,5850,FEB-2015,2,Poor
LN,Long-tailed Duck,5850,OCT-2015,1,Good
LN,Long-tailed Duck,5850,DEC-2015,175,Good
LN,Long-tailed Duck,5850,JAN-2016,29,Good
LN,Long-tailed Duck,5850,FEB-2016,41,Good
LN,Long-tailed Duck,5850,DEC-2016,7,Good
LN,Long-tailed Duck,5850,JAN-2017,10,Good
LN,Long-tailed Duck,5850,FEB-2017,19,Good
LN,Long-tailed Duck,5850,OCT-2017,0,Good
LN,Long-tailed Duck,5850,DEC-2017,71,Good
GN,Goldeneye,5880,OCT-2007,7,Good
GN,Goldeneye,5880,DEC-2007,1,Poor
GN,Goldeneye,5880,JAN-2008,0,Good
GN,Goldeneye,5880,FEB-2008,3,Good
GN,Goldeneye,5880,OCT-2008,0,Poor
GN,Goldeneye,5880,DEC-2008,0,Good
GN,Goldeneye,5880,OCT-2009,0,Good
GN,Goldeneye,5880,NOV-2009,0,Good
GN,Goldeneye,5880,JAN-2010,16,Good
GN,Goldeneye,5880,FEB-2010,52,Good
GN,Goldeneye,5880,MAR-2010,1,Good
GN,Goldeneye,5880,OCT-2010,0,Good
GN,Goldeneye,5880,NOV-2010,0,Good
GN,Goldeneye,5880,DEC-2010,7,Good
GN,Goldeneye,5880,JAN-2011,2,Good
GN,Goldeneye,5880,FEB-2011,14,Good
GN,Goldeneye,5880,MAR-2011,0,Good
GN,Goldeneye,5880,OCT-2011,0,Good
GN,Goldeneye,5880,DEC-2011,1,Good
GN,Goldeneye,5880,JAN-2012,9,Good
GN,Goldeneye,5880,FEB-2012,2,Good
GN,Goldeneye,5880,OCT-2012,2,Good
GN,Goldeneye,5880,DEC-2012,0,Good
GN,Goldeneye,5880,JAN-2013,1,Good
GN,Goldeneye,5880,FEB-2013,0,Good
GN,Goldeneye,5880,OCT-2013,0,Good
GN,Goldeneye,5880,DEC-2013,1,Good
GN,Goldeneye,5880,JAN-2014,0,Good
GN,Goldeneye,5880,FEB-2014,0,Good
GN,Goldeneye,5880,OCT-2014,0,Poor
GN,Goldeneye,5880,DEC-2014,0,Poor
GN,Goldeneye,5880,JAN-2015,1,Good
GN,Goldeneye,5880,FEB-2015,1,Poor
GN,Goldeneye,5880,OCT-2015,0,Good
GN,Goldeneye,5880,DEC-2015,0,Good
GN,Goldeneye,5880,JAN-2016,1,Good
GN,Goldeneye,5880,FEB-2016,1,Good
GN,Goldeneye,5880,DEC-2016,0,Good
GN,Goldeneye,5880,JAN-2017,0,Good
GN,Goldeneye,5880,FEB-2017,0,Good
GN,Goldeneye,5880,OCT-2017,0,Good
GN,Goldeneye,5880,DEC-2017,0,Good
GD,Goosander,5990,OCT-2007,0,Good
GD,Goosander,5990,DEC-2007,0,Poor
GD,Goosander,5990,JAN-2008,0,Good
GD,Goosander,5990,FEB-2008,0,Good
GD,Goosander,5990,OCT-2008,0,Poor
GD,Goosander,5990,DEC-2008,0,Good
GD,Goosander,5990,OCT-2009,0,Good
GD,Goosander,5990,NOV-2009,0,Good
GD,Goosander,5990,JAN-2010,0,Good
GD,Goosander,5990,FEB-2010,0,Good
GD,Goosander,5990,MAR-2010,0,Good
GD,Goosander,5990,OCT-2010,0,Good
GD,Goosander,5990,NOV-2010,0,Good
GD,Goosander,5990,DEC-2010,0,Good
GD,Goosander,5990,JAN-2011,0,Good
GD,Goosander,5990,FEB-2011,0,Good
GD,Goosander,5990,MAR-2011,0,Good
GD,Goosander,5990,OCT-2011,0,Good
GD,Goosander,5990,DEC-2011,0,Good
GD,Goosander,5990,JAN-2012,0,Good
GD,Goosander,5990,FEB-2012,0,Good
GD,Goosander,5990,OCT-2012,0,Good
GD,Goosander,5990,DEC-2012,0,Good
GD,Goosander,5990,JAN-2013,0,Good
GD,Goosander,5990,FEB-2013,0,Good
GD,Goosander,5990,OCT-2013,0,Good
GD,Goosander,5990,DEC-2013,0,Good
GD,Goosander,5990,JAN-2014,0,Good
GD,Goosander,5990,FEB-2014,0,Good
GD,Goosander,5990,OCT-2014,1,Poor
GD,Goosander,5990,DEC-2014,0,Poor
GD,Goosander,5990,JAN-2015,0,Good
GD,Goosander,5990,FEB-2015,0,Poor
GD,Goosander,5990,OCT-2015,0,Good
GD,Goosander,5990,DEC-2015,0,Good
GD,Goosander,5990,JAN-2016,0,Good
GD,Goosander,5990,FEB-2016,0,Good
GD,Goosander,5990,DEC-2016,6,Good
GD,Goosander,5990,JAN-2017,0,Good
GD,Goosander,5990,FEB-2017,0,Good
GD,Goosander,5990,OCT-2017,2,Good
GD,Goosander,5990,DEC-2017,0,Good
RM,Red-breasted Merganser,6030,OCT-2007,25,Good
RM,Red-breasted Merganser,6030,DEC-2007,0,Poor
RM,Red-breasted Merganser,6030,JAN-2008,0,Good
RM,Red-breasted Merganser,6030,FEB-2008,2,Good
RM,Red-breasted Merganser,6030,OCT-2008,0,Poor
RM,Red-breasted Merganser,6030,DEC-2008,2,Good
RM,Red-breasted Merganser,6030,OCT-2009,0,Good
RM,Red-breasted Merganser,6030,NOV-2009,3,Good
RM,Red-breasted Merganser,6030,JAN-2010,6,Good
RM,Red-breasted Merganser,6030,FEB-2010,8,Good
RM,Red-breasted Merganser,6030,MAR-2010,3,Good
RM,Red-breasted Merganser,6030,OCT-2010,1,Good
RM,Red-breasted Merganser,6030,NOV-2010,0,Good
RM,Red-breasted Merganser,6030,DEC-2010,2,Good
RM,Red-breasted Merganser,6030,JAN-2011,1,Good
RM,Red-breasted Merganser,6030,FEB-2011,3,Good
RM,Red-breasted Merganser,6030,MAR-2011,5,Good
RM,Red-breasted Merganser,6030,OCT-2011,13,Good
RM,Red-breasted Merganser,6030,DEC-2011,2,Good
RM,Red-breasted Merganser,6030,JAN-2012,0,Good
RM,Red-breasted Merganser,6030,FEB-2012,2,Good
RM,Red-breasted Merganser,6030,OCT-2012,0,Good
RM,Red-breasted Merganser,6030,DEC-2012,2,Good
RM,Red-breasted Merganser,6030,JAN-2013,1,Good
RM,Red-breasted Merganser,6030,FEB-2013,1,Good
RM,Red-breasted Merganser,6030,OCT-2013,0,Good
RM,Red-breasted Merganser,6030,DEC-2013,0,Good
RM,Red-breasted Merganser,6030,JAN-2014,6,Good
RM,Red-breasted Merganser,6030,FEB-2014,2,Good
RM,Red-breasted Merganser,6030,OCT-2014,11,Poor
RM,Red-breasted Merganser,6030,DEC-2014,0,Poor
RM,Red-breasted Merganser,6030,JAN-2015,0,Good
RM,Red-breasted Merganser,6030,FEB-2015,6,Poor
RM,Red-breasted Merganser,6030,OCT-2015,9,Good
RM,Red-breasted Merganser,6030,DEC-2015,5,Good
RM,Red-breasted Merganser,6030,JAN-2016,11,Good
RM,Red-breasted Merganser,6030,FEB-2016,7,Good
RM,Red-breasted Merganser,6030,DEC-2016,0,Good
RM,Red-breasted Merganser,6030,JAN-2017,1,Good
RM,Red-breasted Merganser,6030,FEB-2017,36,Good
RM,Red-breasted Merganser,6030,OCT-2017,0,Good
RM,Red-breasted Merganser,6030,DEC-2017,10,Good
RH,Red-throated Diver,16760,OCT-2007,0,Good
RH,Red-throated Diver,16760,DEC-2007,1,Poor
RH,Red-throated Diver,16760,JAN-2008,0,Good
RH,Red-throated Diver,16760,FEB-2008,1,Good
RH,Red-throated Diver,16760,OCT-2008,0,Poor
RH,Red-throated Diver,16760,DEC-2008,0,Good
RH,Red-throated Diver,16760,OCT-2009,0,Good
RH,Red-throated Diver,16760,NOV-2009,0,Good
RH,Red-throated Diver,16760,JAN-2010,3,Good
RH,Red-throated Diver,16760,FEB-2010,2,Good
RH,Red-throated Diver,16760,MAR-2010,0,Good
RH,Red-throated Diver,16760,OCT-2010,1,Good
RH,Red-throated Diver,16760,NOV-2010,2,Good
RH,Red-throated Diver,16760,DEC-2010,0,Good
RH,Red-throated Diver,16760,JAN-2011,2,Good
RH,Red-throated Diver,16760,FEB-2011,1,Good
RH,Red-throated Diver,16760,MAR-2011,1,Good
RH,Red-throated Diver,16760,OCT-2011,1,Good
RH,Red-throated Diver,16760,DEC-2011,0,Good
RH,Red-throated Diver,16760,JAN-2012,1,Good
RH,Red-throated Diver,16760,FEB-2012,1,Good
RH,Red-throated Diver,16760,OCT-2012,0,Good
RH,Red-throated Diver,16760,DEC-2012,1,Good
RH,Red-throated Diver,16760,JAN-2013,1,Good
RH,Red-throated Diver,16760,FEB-2013,0,Good
RH,Red-throated Diver,16760,OCT-2013,3,Good
RH,Red-throated Diver,16760,DEC-2013,0,Good
RH,Red-throated Diver,16760,JAN-2014,0,Good
RH,Red-throated Diver,16760,FEB-2014,0,Good
RH,Red-throated Diver,16760,OCT-2014,1,Poor
RH,Red-throated Diver,16760,DEC-2014,0,Poor
RH,Red-throated Diver,16760,JAN-2015,0,Good
RH,Red-throated Diver,16760,FEB-2015,0,Poor
RH,Red-throated Diver,16760,OCT-2015,5,Good
RH,Red-throated Diver,16760,DEC-2015,0,Good
RH,Red-throated Diver,16760,JAN-2016,22,Good
RH,Red-throated Diver,16760,FEB-2016,5,Good
RH,Red-throated Diver,16760,DEC-2016,0,Good
RH,Red-throated Diver,16760,JAN-2017,0,Good
RH,Red-throated Diver,16760,FEB-2017,0,Good
RH,Red-throated Diver,16760,OCT-2017,0,Good
RH,Red-throated Diver,16760,DEC-2017,0,Good
BV,Black-throated Diver,16770,OCT-2007,0,Good
BV,Black-throated Diver,16770,DEC-2007,0,Poor
BV,Black-throated Diver,16770,JAN-2008,0,Good
BV,Black-throated Diver,16770,FEB-2008,1,Good
BV,Black-throated Diver,16770,OCT-2008,0,Poor
BV,Black-throated Diver,16770,DEC-2008,0,Good
BV,Black-throated Diver,16770,OCT-2009,0,Good
BV,Black-throated Diver,16770,NOV-2009,0,Good
BV,Black-throated Diver,16770,JAN-2010,0,Good
BV,Black-throated Diver,16770,FEB-2010,0,Good
BV,Black-throated Diver,16770,MAR-2010,0,Good
BV,Black-throated Diver,16770,OCT-2010,0,Good
BV,Black-throated Diver,16770,NOV-2010,0,Good
BV,Black-throated Diver,16770,DEC-2010,0,Good
BV,Black-throated Diver,16770,JAN-2011,0,Good
BV,Black-throated Diver,16770,FEB-2011,0,Good
BV,Black-throated Diver,16770,MAR-2011,0,Good
BV,Black-throated Diver,16770,OCT-2011,0,Good
BV,Black-throated Diver,16770,DEC-2011,0,Good
BV,Black-throated Diver,16770,JAN-2012,0,Good
BV,Black-throated Diver,16770,FEB-2012,0,Good
BV,Black-throated Diver,16770,OCT-2012,0,Good
BV,Black-throated Diver,16770,DEC-2012,0,Good
BV,Black-throated Diver,16770,JAN-2013,0,Good
BV,Black-throated Diver,16770,FEB-2013,0,Good
BV,Black-throated Diver,16770,OCT-2013,0,Good
BV,Black-throated Diver,16770,DEC-2013,0,Good
BV,Black-throated Diver,16770,JAN-2014,0,Good
BV,Black-throated Diver,16770,FEB-2014,0,Good
BV,Black-throated Diver,16770,OCT-2014,0,Poor
BV,Black-throated Diver,16770,DEC-2014,0,Poor
BV,Black-throated Diver,16770,JAN-2015,0,Good
BV,Black-throated Diver,16770,FEB-2015,0,Poor
BV,Black-throated Diver,16770,OCT-2015,0,Good
BV,Black-throated Diver,16770,DEC-2015,2,Good
BV,Black-throated Diver,16770,JAN-2016,5,Good
BV,Black-throated Diver,16770,FEB-2016,0,Good
BV,Black-throated Diver,16770,DEC-2016,0,Good
BV,Black-throated Diver,16770,JAN-2017,0,Good
BV,Black-throated Diver,16770,FEB-2017,0,Good
BV,Black-throated Diver,16770,OCT-2017,0,Good
BV,Black-throated Diver,16770,DEC-2017,0,Good
ND,Great Northern Diver,16810,OCT-2007,0,Good
ND,Great Northern Diver,16810,DEC-2007,0,Poor
ND,Great Northern Diver,16810,JAN-2008,0,Good
ND,Great Northern Diver,16810,FEB-2008,1,Good
ND,Great Northern Diver,16810,OCT-2008,0,Poor
ND,Great Northern Diver,16810,DEC-2008,0,Good
ND,Great Northern Diver,16810,OCT-2009,0,Good
ND,Great Northern Diver,16810,NOV-2009,0,Good
ND,Great Northern Diver,16810,JAN-2010,1,Good
ND,Great Northern Diver,16810,FEB-2010,0,Good
ND,Great Northern Diver,16810,MAR-2010,0,Good
ND,Great Northern Diver,16810,OCT-2010,0,Good
ND,Great Northern Diver,16810,NOV-2010,1,Good
ND,Great Northern Diver,16810,DEC-2010,2,Good
ND,Great Northern Diver,16810,JAN-2011,1,Good
ND,Great Northern Diver,16810,FEB-2011,1,Good
ND,Great Northern Diver,16810,MAR-2011,0,Good
ND,Great Northern Diver,16810,OCT-2011,1,Good
ND,Great Northern Diver,16810,DEC-2011,1,Good
ND,Great Northern Diver,16810,JAN-2012,1,Good
ND,Great Northern Diver,16810,FEB-2012,1,Good
ND,Great Northern Diver,16810,OCT-2012,0,Good
ND,Great Northern Diver,16810,DEC-2012,1,Good
ND,Great Northern Diver,16810,JAN-2013,0,Good
ND,Great Northern Diver,16810,FEB-2013,0,Good
ND,Great Northern Diver,16810,OCT-2013,0,Good
ND,Great Northern Diver,16810,DEC-2013,0,Good
ND,Great Northern Diver,16810,JAN-2014,0,Good
ND,Great Northern Diver,16810,FEB-2014,0,Good
ND,Great Northern Diver,16810,OCT-2014,0,Poor
ND,Great Northern Diver,16810,DEC-2014,0,Poor
ND,Great Northern Diver,16810,JAN-2015,0,Good
ND,Great Northern Diver,16810,FEB-2015,0,Poor
ND,Great Northern Diver,16810,OCT-2015,0,Good
ND,Great Northern Diver,16810,DEC-2015,0,Good
ND,Great Northern Diver,16810,JAN-2016,6,Good
ND,Great Northern Diver,16810,FEB-2016,1,Good
ND,Great Northern Diver,16810,DEC-2016,0,Good
ND,Great Northern Diver,16810,JAN-2017,0,Good
ND,Great Northern Diver,16810,FEB-2017,0,Good
ND,Great Northern Diver,16810,OCT-2017,0,Good
ND,Great Northern Diver,16810,DEC-2017,0,Good
UL,Unidentified diver,16830,OCT-2007,0,Good
UL,Unidentified diver,16830,DEC-2007,0,Poor
UL,Unidentified diver,16830,JAN-2008,0,Good
UL,Unidentified diver,16830,FEB-2008,0,Good
UL,Unidentified diver,16830,OCT-2008,0,Poor
UL,Unidentified diver,16830,DEC-2008,0,Good
UL,Unidentified diver,16830,OCT-2009,0,Good
UL,Unidentified diver,16830,NOV-2009,0,Good
UL,Unidentified diver,16830,JAN-2010,0,Good
UL,Unidentified diver,16830,FEB-2010,0,Good
UL,Unidentified diver,16830,MAR-2010,0,Good
UL,Unidentified diver,16830,OCT-2010,0,Good
UL,Unidentified diver,16830,NOV-2010,0,Good
UL,Unidentified diver,16830,DEC-2010,0,Good
UL,Unidentified diver,16830,JAN-2011,0,Good
UL,Unidentified diver,16830,FEB-2011,1,Good
UL,Unidentified diver,16830,MAR-2011,0,Good
UL,Unidentified diver,16830,OCT-2011,0,Good
UL,Unidentified diver,16830,DEC-2011,0,Good
UL,Unidentified diver,16830,JAN-2012,0,Good
UL,Unidentified diver,16830,FEB-2012,0,Good
UL,Unidentified diver,16830,OCT-2012,0,Good
UL,Unidentified diver,16830,DEC-2012,0,Good
UL,Unidentified diver,16830,JAN-2013,0,Good
UL,Unidentified diver,16830,FEB-2013,0,Good
UL,Unidentified diver,16830,OCT-2013,0,Good
UL,Unidentified diver,16830,DEC-2013,0,Good
UL,Unidentified diver,16830,JAN-2014,2,Good
UL,Unidentified diver,16830,FEB-2014,0,Good
UL,Unidentified diver,16830,OCT-2014,0,Poor
UL,Unidentified diver,16830,DEC-2014,0,Poor
UL,Unidentified diver,16830,JAN-2015,1,Good
UL,Unidentified diver,16830,FEB-2015,1,Poor
UL,Unidentified diver,16830,OCT-2015,0,Good
UL,Unidentified diver,16830,DEC-2015,0,Good
UL,Unidentified diver,16830,JAN-2016,0,Good
UL,Unidentified diver,16830,FEB-2016,0,Good
UL,Unidentified diver,16830,DEC-2016,0,Good
UL,Unidentified diver,16830,JAN-2017,0,Good
UL,Unidentified diver,16830,FEB-2017,0,Good
UL,Unidentified diver,16830,OCT-2017,0,Good
UL,Unidentified diver,16830,DEC-2017,1,Good
GG,Great Crested Grebe,20310,OCT-2007,0,Good
GG,Great Crested Grebe,20310,DEC-2007,0,Poor
GG,Great Crested Grebe,20310,JAN-2008,0,Good
GG,Great Crested Grebe,20310,FEB-2008,0,Good
GG,Great Crested Grebe,20310,OCT-2008,0,Poor
GG,Great Crested Grebe,20310,DEC-2008,0,Good
GG,Great Crested Grebe,20310,OCT-2009,0,Good
GG,Great Crested Grebe,20310,NOV-2009,0,Good
GG,Great Crested Grebe,20310,JAN-2010,3,Good
GG,Great Crested Grebe,20310,FEB-2010,1,Good
GG,Great Crested Grebe,20310,MAR-2010,0,Good
GG,Great Crested Grebe,20310,OCT-2010,0,Good
GG,Great Crested Grebe,20310,NOV-2010,0,Good
GG,Great Crested Grebe,20310,DEC-2010,0,Good
GG,Great Crested Grebe,20310,JAN-2011,0,Good
GG,Great Crested Grebe,20310,FEB-2011,0,Good
GG,Great Crested Grebe,20310,MAR-2011,0,Good
GG,Great Crested Grebe,20310,OCT-2011,0,Good
GG,Great Crested Grebe,20310,DEC-2011,0,Good
GG,Great Crested Grebe,20310,JAN-2012,0,Good
GG,Great Crested Grebe,20310,FEB-2012,0,Good
GG,Great Crested Grebe,20310,OCT-2012,0,Good
GG,Great Crested Grebe,20310,DEC-2012,0,Good
GG,Great Crested Grebe,20310,JAN-2013,0,Good
GG,Great Crested Grebe,20310,FEB-2013,0,Good
GG,Great Crested Grebe,20310,OCT-2013,0,Good
GG,Great Crested Grebe,20310,DEC-2013,1,Good
GG,Great Crested Grebe,20310,JAN-2014,0,Good
GG,Great Crested Grebe,20310,FEB-2014,0,Good
GG,Great Crested Grebe,20310,OCT-2014,0,Poor
GG,Great Crested Grebe,20310,DEC-2014,0,Poor
GG,Great Crested Grebe,20310,JAN-2015,0,Good
GG,Great Crested Grebe,20310,FEB-2015,0,Poor
GG,Great Crested Grebe,20310,OCT-2015,0,Good
GG,Great Crested Grebe,20310,DEC-2015,0,Good
GG,Great Crested Grebe,20310,JAN-2016,1,Good
GG,Great Crested Grebe,20310,FEB-2016,0,Good
GG,Great Crested Grebe,20310,DEC-2016,0,Good
GG,Great Crested Grebe,20310,JAN-2017,0,Good
GG,Great Crested Grebe,20310,FEB-2017,0,Good
GG,Great Crested Grebe,20310,OCT-2017,0,Good
GG,Great Crested Grebe,20310,DEC-2017,0,Good
SZ,Slavonian Grebe,20350,OCT-2007,0,Good
SZ,Slavonian Grebe,20350,DEC-2007,0,Poor
SZ,Slavonian Grebe,20350,JAN-2008,5,Good
SZ,Slavonian Grebe,20350,FEB-2008,4,Good
SZ,Slavonian Grebe,20350,OCT-2008,0,Poor
SZ,Slavonian Grebe,20350,DEC-2008,0,Good
SZ,Slavonian Grebe,20350,OCT-2009,9,Good
SZ,Slavonian Grebe,20350,NOV-2009,0,Good
SZ,Slavonian Grebe,20350,JAN-2010,3,Good
SZ,Slavonian Grebe,20350,FEB-2010,26,Good
SZ,Slavonian Grebe,20350,MAR-2010,0,Good
SZ,Slavonian Grebe,20350,OCT-2010,0,Good
SZ,Slavonian Grebe,20350,NOV-2010,1,Good
SZ,Slavonian Grebe,20350,DEC-2010,3,Good
SZ,Slavonian Grebe,20350,JAN-2011,5,Good
SZ,Slavonian Grebe,20350,FEB-2011,26,Good
SZ,Slavonian Grebe,20350,MAR-2011,2,Good
SZ,Slavonian Grebe,20350,OCT-2011,23,Good
SZ,Slavonian Grebe,20350,DEC-2011,25,Good
SZ,Slavonian Grebe,20350,JAN-2012,22,Good
SZ,Slavonian Grebe,20350,FEB-2012,4,Good
SZ,Slavonian Grebe,20350,OCT-2012,0,Good
SZ,Slavonian Grebe,20350,DEC-2012,8,Good
SZ,Slavonian Grebe,20350,JAN-2013,0,Good
SZ,Slavonian Grebe,20350,FEB-2013,3,Good
SZ,Slavonian Grebe,20350,OCT-2013,0,Good
SZ,Slavonian Grebe,20350,DEC-2013,0,Good
SZ,Slavonian Grebe,20350,JAN-2014,0,Good
SZ,Slavonian Grebe,20350,FEB-2014,0,Good
SZ,Slavonian Grebe,20350,OCT-2014,17,Poor
SZ,Slavonian Grebe,20350,DEC-2014,0,Poor
SZ,Slavonian Grebe,20350,JAN-2015,5,Good
SZ,Slavonian Grebe,20350,FEB-2015,0,Poor
SZ,Slavonian Grebe,20350,OCT-2015,7,Good
SZ,Slavonian Grebe,20350,DEC-2015,4,Good
SZ,Slavonian Grebe,20350,JAN-2016,11,Good
SZ,Slavonian Grebe,20350,FEB-2016,2,Good
SZ,Slavonian Grebe,20350,DEC-2016,0,Good
SZ,Slavonian Grebe,20350,JAN-2017,0,Good
SZ,Slavonian Grebe,20350,FEB-2017,0,Good
SZ,Slavonian Grebe,20350,OCT-2017,0,Good
SZ,Slavonian Grebe,20350,DEC-2017,0,Good
SA,Shag,24940,OCT-2007,0,Good
SA,Shag,24940,DEC-2007,1,Poor
SA,Shag,24940,JAN-2008,0,Good
SA,Shag,24940,FEB-2008,0,Good
SA,Shag,24940,OCT-2008,1,Poor
SA,Shag,24940,DEC-2008,0,Good
SA,Shag,24940,OCT-2009,0,Good
SA,Shag,24940,NOV-2009,0,Good
SA,Shag,24940,JAN-2010,1,Good
SA,Shag,24940,FEB-2010,0,Good
SA,Shag,24940,MAR-2010,0,Good
SA,Shag,24940,OCT-2010,2,Good
SA,Shag,24940,NOV-2010,2,Good
SA,Shag,24940,DEC-2010,0,Good
SA,Shag,24940,JAN-2011,0,Good
SA,Shag,24940,FEB-2011,1,Good
SA,Shag,24940,MAR-2011,0,Good
SA,Shag,24940,OCT-2011,0,Good
SA,Shag,24940,DEC-2011,4,Good
SA,Shag,24940,JAN-2012,5,Good
SA,Shag,24940,FEB-2012,3,Good
SA,Shag,24940,OCT-2012,3,Good
SA,Shag,24940,DEC-2012,2,Good
SA,Shag,24940,JAN-2013,0,Good
SA,Shag,24940,FEB-2013,0,Good
SA,Shag,24940,OCT-2013,0,Good
SA,Shag,24940,DEC-2013,0,Good
SA,Shag,24940,JAN-2014,5,Good
SA,Shag,24940,FEB-2014,0,Good
SA,Shag,24940,OCT-2014,0,Poor
SA,Shag,24940,DEC-2014,0,Poor
SA,Shag,24940,JAN-2015,0,Good
SA,Shag,24940,FEB-2015,0,Poor
SA,Shag,24940,OCT-2015,0,Good
SA,Shag,24940,DEC-2015,0,Good
SA,Shag,24940,JAN-2016,0,Good
SA,Shag,24940,FEB-2016,1,Good
SA,Shag,24940,DEC-2016,0,Good
SA,Shag,24940,JAN-2017,0,Good
SA,Shag,24940,FEB-2017,0,Good
SA,Shag,24940,OCT-2017,1,Good
SA,Shag,24940,DEC-2017,4,Good
CA,Cormorant,25040,OCT-2007,6,Good
CA,Cormorant,25040,DEC-2007,0,Poor
CA,Cormorant,25040,JAN-2008,5,Good
CA,Cormorant,25040,FEB-2008,4,Good
CA,Cormorant,25040,OCT-2008,0,Poor
CA,Cormorant,25040,DEC-2008,3,Good
CA,Cormorant,25040,OCT-2009,0,Good
CA,Cormorant,25040,NOV-2009,0,Good
CA,Cormorant,25040,JAN-2010,4,Good
CA,Cormorant,25040,FEB-2010,3,Good
CA,Cormorant,25040,MAR-2010,0,Good
CA,Cormorant,25040,OCT-2010,4,Good
CA,Cormorant,25040,NOV-2010,1,Good
CA,Cormorant,25040,DEC-2010,5,Good
CA,Cormorant,25040,JAN-2011,2,Good
CA,Cormorant,25040,FEB-2011,6,Good
CA,Cormorant,25040,MAR-2011,3,Good
CA,Cormorant,25040,OCT-2011,5,Good
CA,Cormorant,25040,DEC-2011,11,Good
CA,Cormorant,25040,JAN-2012,9,Good
CA,Cormorant,25040,FEB-2012,6,Good
CA,Cormorant,25040,OCT-2012,2,Good
CA,Cormorant,25040,DEC-2012,4,Good
CA,Cormorant,25040,JAN-2013,3,Good
CA,Cormorant,25040,FEB-2013,1,Good
CA,Cormorant,25040,OCT-2013,1,Good
CA,Cormorant,25040,DEC-2013,0,Good
CA,Cormorant,25040,JAN-2014,3,Good
CA,Cormorant,25040,FEB-2014,4,Good
CA,Cormorant,25040,OCT-2014,1,Poor
CA,Cormorant,25040,DEC-2014,0,Poor
CA,Cormorant,25040,JAN-2015,9,Good
CA,Cormorant,25040,FEB-2015,4,Poor
CA,Cormorant,25040,OCT-2015,6,Good
CA,Cormorant,25040,DEC-2015,7,Good
CA,Cormorant,25040,JAN-2016,7,Good
CA,Cormorant,25040,FEB-2016,5,Good
CA,Cormorant,25040,DEC-2016,0,Good
CA,Cormorant,25040,JAN-2017,5,Good
CA,Cormorant,25040,FEB-2017,3,Good
CA,Cormorant,25040,OCT-2017,0,Good
CA,Cormorant,25040,DEC-2017,13,Good
OC,Oystercatcher,39840,OCT-2007,0,Good
OC,Oystercatcher,39840,DEC-2007,1,Poor
OC,Oystercatcher,39840,JAN-2008,2,Good
OC,Oystercatcher,39840,FEB-2008,0,Good
OC,Oystercatcher,39840,OCT-2008,0,Poor
OC,Oystercatcher,39840,DEC-2008,4,Good
OC,Oystercatcher,39840,OCT-2009,0,Good
OC,Oystercatcher,39840,NOV-2009,1,Good
OC,Oystercatcher,39840,JAN-2010,2,Good
OC,Oystercatcher,39840,FEB-2010,10,Good
OC,Oystercatcher,39840,MAR-2010,0,Good
OC,Oystercatcher,39840,OCT-2010,0,Good
OC,Oystercatcher,39840,NOV-2010,5,Good
OC,Oystercatcher,39840,DEC-2010,7,Good
OC,Oystercatcher,39840,JAN-2011,0,Good
OC,Oystercatcher,39840,FEB-2011,34,Good
OC,Oystercatcher,39840,MAR-2011,0,Good
OC,Oystercatcher,39840,OCT-2011,0,Good
OC,Oystercatcher,39840,DEC-2011,0,Good
OC,Oystercatcher,39840,JAN-2012,6,Good
OC,Oystercatcher,39840,FEB-2012,2,Good
OC,Oystercatcher,39840,OCT-2012,0,Good
OC,Oystercatcher,39840,DEC-2012,10,Good
OC,Oystercatcher,39840,JAN-2013,1,Good
OC,Oystercatcher,39840,FEB-2013,15,Good
OC,Oystercatcher,39840,OCT-2013,40,Good
OC,Oystercatcher,39840,DEC-2013,9,Good
OC,Oystercatcher,39840,JAN-2014,2,Good
OC,Oystercatcher,39840,FEB-2014,3,Good
OC,Oystercatcher,39840,OCT-2014,0,Poor
OC,Oystercatcher,39840,DEC-2014,7,Poor
OC,Oystercatcher,39840,JAN-2015,0,Good
OC,Oystercatcher,39840,FEB-2015,10,Poor
OC,Oystercatcher,39840,OCT-2015,0,Good
OC,Oystercatcher,39840,DEC-2015,0,Good
OC,Oystercatcher,39840,JAN-2016,0,Good
OC,Oystercatcher,39840,FEB-2016,0,Good
OC,Oystercatcher,39840,DEC-2016,0,Good
OC,Oystercatcher,39840,JAN-2017,2,Good
OC,Oystercatcher,39840,FEB-2017,0,Good
OC,Oystercatcher,39840,OCT-2017,0,Good
OC,Oystercatcher,39840,DEC-2017,0,Good
RP,Ringed Plover,40830,OCT-2007,0,Good
RP,Ringed Plover,40830,DEC-2007,0,Poor
RP,Ringed Plover,40830,JAN-2008,0,Good
RP,Ringed Plover,40830,FEB-2008,0,Good
RP,Ringed Plover,40830,OCT-2008,0,Poor
RP,Ringed Plover,40830,DEC-2008,0,Good
RP,Ringed Plover,40830,OCT-2009,0,Good
RP,Ringed Plover,40830,NOV-2009,0,Good
RP,Ringed Plover,40830,JAN-2010,0,Good
RP,Ringed Plover,40830,FEB-2010,0,Good
RP,Ringed Plover,40830,MAR-2010,0,Good
RP,Ringed Plover,40830,OCT-2010,0,Good
RP,Ringed Plover,40830,NOV-2010,25,Good
RP,Ringed Plover,40830,DEC-2010,2,Good
RP,Ringed Plover,40830,JAN-2011,0,Good
RP,Ringed Plover,40830,FEB-2011,0,Good
RP,Ringed Plover,40830,MAR-2011,5,Good
RP,Ringed Plover,40830,OCT-2011,0,Good
RP,Ringed Plover,40830,DEC-2011,0,Good
RP,Ringed Plover,40830,JAN-2012,0,Good
RP,Ringed Plover,40830,FEB-2012,0,Good
RP,Ringed Plover,40830,OCT-2012,0,Good
RP,Ringed Plover,40830,DEC-2012,0,Good
RP,Ringed Plover,40830,JAN-2013,0,Good
RP,Ringed Plover,40830,FEB-2013,0,Good
RP,Ringed Plover,40830,OCT-2013,0,Good
RP,Ringed Plover,40830,DEC-2013,0,Good
RP,Ringed Plover,40830,JAN-2014,0,Good
RP,Ringed Plover,40830,FEB-2014,0,Good
RP,Ringed Plover,40830,OCT-2014,0,Poor
RP,Ringed Plover,40830,DEC-2014,0,Poor
RP,Ringed Plover,40830,JAN-2015,0,Good
RP,Ringed Plover,40830,FEB-2015,0,Poor
RP,Ringed Plover,40830,OCT-2015,0,Good
RP,Ringed Plover,40830,DEC-2015,0,Good
RP,Ringed Plover,40830,JAN-2016,0,Good
RP,Ringed Plover,40830,FEB-2016,0,Good
RP,Ringed Plover,40830,DEC-2016,0,Good
RP,Ringed Plover,40830,JAN-2017,0,Good
RP,Ringed Plover,40830,FEB-2017,0,Good
RP,Ringed Plover,40830,OCT-2017,0,Good
RP,Ringed Plover,40830,DEC-2017,0,Good
BA,Bar-tailed Godwit,42370,OCT-2007,0,Good
BA,Bar-tailed Godwit,42370,DEC-2007,0,Poor
BA,Bar-tailed Godwit,42370,JAN-2008,0,Good
BA,Bar-tailed Godwit,42370,FEB-2008,0,Good
BA,Bar-tailed Godwit,42370,OCT-2008,0,Poor
BA,Bar-tailed Godwit,42370,DEC-2008,0,Good
BA,Bar-tailed Godwit,42370,OCT-2009,0,Good
BA,Bar-tailed Godwit,42370,NOV-2009,0,Good
BA,Bar-tailed Godwit,42370,JAN-2010,0,Good
BA,Bar-tailed Godwit,42370,FEB-2010,0,Good
BA,Bar-tailed Godwit,42370,MAR-2010,0,Good
BA,Bar-tailed Godwit,42370,OCT-2010,0,Good
BA,Bar-tailed Godwit,42370,NOV-2010,0,Good
BA,Bar-tailed Godwit,42370,DEC-2010,0,Good
BA,Bar-tailed Godwit,42370,JAN-2011,0,Good
BA,Bar-tailed Godwit,42370,FEB-2011,0,Good
BA,Bar-tailed Godwit,42370,MAR-2011,0,Good
BA,Bar-tailed Godwit,42370,OCT-2011,2,Good
BA,Bar-tailed Godwit,42370,DEC-2011,0,Good
BA,Bar-tailed Godwit,42370,JAN-2012,0,Good
BA,Bar-tailed Godwit,42370,FEB-2012,0,Good
BA,Bar-tailed Godwit,42370,OCT-2012,0,Good
BA,Bar-tailed Godwit,42370,DEC-2012,0,Good
BA,Bar-tailed Godwit,42370,JAN-2013,0,Good
BA,Bar-tailed Godwit,42370,FEB-2013,0,Good
BA,Bar-tailed Godwit,42370,OCT-2013,10,Good
BA,Bar-tailed Godwit,42370,DEC-2013,0,Good
BA,Bar-tailed Godwit,42370,JAN-2014,0,Good
BA,Bar-tailed Godwit,42370,FEB-2014,0,Good
BA,Bar-tailed Godwit,42370,OCT-2014,0,Poor
BA,Bar-tailed Godwit,42370,DEC-2014,0,Poor
BA,Bar-tailed Godwit,42370,JAN-2015,0,Good
BA,Bar-tailed Godwit,42370,FEB-2015,0,Poor
BA,Bar-tailed Godwit,42370,OCT-2015,0,Good
BA,Bar-tailed Godwit,42370,DEC-2015,0,Good
BA,Bar-tailed Godwit,42370,JAN-2016,0,Good
BA,Bar-tailed Godwit,42370,FEB-2016,0,Good
BA,Bar-tailed Godwit,42370,DEC-2016,0,Good
BA,Bar-tailed Godwit,42370,JAN-2017,0,Good
BA,Bar-tailed Godwit,42370,FEB-2017,0,Good
BA,Bar-tailed Godwit,42370,OCT-2017,0,Good
BA,Bar-tailed Godwit,42370,DEC-2017,0,Good
TT,Turnstone,42510,OCT-2007,0,Good
TT,Turnstone,42510,DEC-2007,0,Poor
TT,Turnstone,42510,JAN-2008,5,Good
TT,Turnstone,42510,FEB-2008,11,Good
TT,Turnstone,42510,OCT-2008,0,Poor
TT,Turnstone,42510,DEC-2008,0,Good
TT,Turnstone,42510,OCT-2009,20,Good
TT,Turnstone,42510,NOV-2009,15,Good
TT,Turnstone,42510,JAN-2010,42,Good
TT,Turnstone,42510,FEB-2010,33,Good
TT,Turnstone,42510,MAR-2010,0,Good
TT,Turnstone,42510,OCT-2010,0,Good
TT,Turnstone,42510,NOV-2010,24,Good
TT,Turnstone,42510,DEC-2010,18,Good
TT,Turnstone,42510,JAN-2011,6,Good
TT,Turnstone,42510,FEB-2011,30,Good
TT,Turnstone,42510,MAR-2011,4,Good
TT,Turnstone,42510,OCT-2011,18,Good
TT,Turnstone,42510,DEC-2011,13,Good
TT,Turnstone,42510,JAN-2012,66,Good
TT,Turnstone,42510,FEB-2012,55,Good
TT,Turnstone,42510,OCT-2012,29,Good
TT,Turnstone,42510,DEC-2012,18,Good
TT,Turnstone,42510,JAN-2013,15,Good
TT,Turnstone,42510,FEB-2013,10,Good
TT,Turnstone,42510,OCT-2013,0,Good
TT,Turnstone,42510,DEC-2013,0,Good
TT,Turnstone,42510,JAN-2014,12,Good
TT,Turnstone,42510,FEB-2014,37,Good
TT,Turnstone,42510,OCT-2014,0,Poor
TT,Turnstone,42510,DEC-2014,0,Poor
TT,Turnstone,42510,JAN-2015,1,Good
TT,Turnstone,42510,FEB-2015,60,Poor
TT,Turnstone,42510,OCT-2015,12,Good
TT,Turnstone,42510,DEC-2015,93,Good
TT,Turnstone,42510,JAN-2016,5,Good
TT,Turnstone,42510,FEB-2016,0,Good
TT,Turnstone,42510,DEC-2016,45,Good
TT,Turnstone,42510,JAN-2017,39,Good
TT,Turnstone,42510,FEB-2017,25,Good
TT,Turnstone,42510,OCT-2017,0,Good
TT,Turnstone,42510,DEC-2017,15,Good
KN,Knot,42620,OCT-2007,0,Good
KN,Knot,42620,DEC-2007,0,Poor
KN,Knot,42620,JAN-2008,0,Good
KN,Knot,42620,FEB-2008,0,Good
KN,Knot,42620,OCT-2008,0,Poor
KN,Knot,42620,DEC-2008,0,Good
KN,Knot,42620,OCT-2009,0,Good
KN,Knot,42620,NOV-2009,0,Good
KN,Knot,42620,JAN-2010,0,Good
KN,Knot,42620,FEB-2010,0,Good
KN,Knot,42620,MAR-2010,0,Good
KN,Knot,42620,OCT-2010,0,Good
KN,Knot,42620,NOV-2010,0,Good
KN,Knot,42620,DEC-2010,0,Good
KN,Knot,42620,JAN-2011,0,Good
KN,Knot,42620,FEB-2011,0,Good
KN,Knot,42620,MAR-2011,0,Good
KN,Knot,42620,OCT-2011,0,Good
KN,Knot,42620,DEC-2011,0,Good
KN,Knot,42620,JAN-2012,0,Good
KN,Knot,42620,FEB-2012,0,Good
KN,Knot,42620,OCT-2012,0,Good
KN,Knot,42620,DEC-2012,0,Good
KN,Knot,42620,JAN-2013,0,Good
KN,Knot,42620,FEB-2013,0,Good
KN,Knot,42620,OCT-2013,58,Good
KN,Knot,42620,DEC-2013,0,Good
KN,Knot,42620,JAN-2014,0,Good
KN,Knot,42620,FEB-2014,0,Good
KN,Knot,42620,OCT-2014,0,Poor
KN,Knot,42620,DEC-2014,0,Poor
KN,Knot,42620,JAN-2015,0,Good
KN,Knot,42620,FEB-2015,0,Poor
KN,Knot,42620,OCT-2015,0,Good
KN,Knot,42620,DEC-2015,0,Good
KN,Knot,42620,JAN-2016,0,Good
KN,Knot,42620,FEB-2016,0,Good
KN,Knot,42620,DEC-2016,0,Good
KN,Knot,42620,JAN-2017,0,Good
KN,Knot,42620,FEB-2017,0,Good
KN,Knot,42620,OCT-2017,0,Good
KN,Knot,42620,DEC-2017,0,Good
SS,Sanderling,42810,OCT-2007,0,Good
SS,Sanderling,42810,DEC-2007,0,Poor
SS,Sanderling,42810,JAN-2008,0,Good
SS,Sanderling,42810,FEB-2008,0,Good
SS,Sanderling,42810,OCT-2008,0,Poor
SS,Sanderling,42810,DEC-2008,0,Good
SS,Sanderling,42810,OCT-2009,0,Good
SS,Sanderling,42810,NOV-2009,0,Good
SS,Sanderling,42810,JAN-2010,0,Good
SS,Sanderling,42810,FEB-2010,0,Good
SS,Sanderling,42810,MAR-2010,0,Good
SS,Sanderling,42810,OCT-2010,0,Good
SS,Sanderling,42810,NOV-2010,0,Good
SS,Sanderling,42810,DEC-2010,0,Good
SS,Sanderling,42810,JAN-2011,0,Good
SS,Sanderling,42810,FEB-2011,0,Good
SS,Sanderling,42810,MAR-2011,4,Good
SS,Sanderling,42810,OCT-2011,0,Good
SS,Sanderling,42810,DEC-2011,0,Good
SS,Sanderling,42810,JAN-2012,0,Good
SS,Sanderling,42810,FEB-2012,0,Good
SS,Sanderling,42810,OCT-2012,0,Good
SS,Sanderling,42810,DEC-2012,1,Good
SS,Sanderling,42810,JAN-2013,0,Good
SS,Sanderling,42810,FEB-2013,0,Good
SS,Sanderling,42810,OCT-2013,0,Good
SS,Sanderling,42810,DEC-2013,0,Good
SS,Sanderling,42810,JAN-2014,0,Good
SS,Sanderling,42810,FEB-2014,0,Good
SS,Sanderling,42810,OCT-2014,0,Poor
SS,Sanderling,42810,DEC-2014,0,Poor
SS,Sanderling,42810,JAN-2015,0,Good
SS,Sanderling,42810,FEB-2015,0,Poor
SS,Sanderling,42810,OCT-2015,0,Good
SS,Sanderling,42810,DEC-2015,0,Good
SS,Sanderling,42810,JAN-2016,0,Good
SS,Sanderling,42810,FEB-2016,0,Good
SS,Sanderling,42810,DEC-2016,0,Good
SS,Sanderling,42810,JAN-2017,0,Good
SS,Sanderling,42810,FEB-2017,0,Good
SS,Sanderling,42810,OCT-2017,0,Good
SS,Sanderling,42810,DEC-2017,0,Good
DN,Dunlin,42840,OCT-2007,0,Good
DN,Dunlin,42840,DEC-2007,0,Poor
DN,Dunlin,42840,JAN-2008,0,Good
DN,Dunlin,42840,FEB-2008,0,Good
DN,Dunlin,42840,OCT-2008,24,Poor
DN,Dunlin,42840,DEC-2008,0,Good
DN,Dunlin,42840,OCT-2009,0,Good
DN,Dunlin,42840,NOV-2009,0,Good
DN,Dunlin,42840,JAN-2010,0,Good
DN,Dunlin,42840,FEB-2010,0,Good
DN,Dunlin,42840,MAR-2010,0,Good
DN,Dunlin,42840,OCT-2010,0,Good
DN,Dunlin,42840,NOV-2010,0,Good
DN,Dunlin,42840,DEC-2010,0,Good
DN,Dunlin,42840,JAN-2011,0,Good
DN,Dunlin,42840,FEB-2011,0,Good
DN,Dunlin,42840,MAR-2011,0,Good
DN,Dunlin,42840,OCT-2011,1,Good
DN,Dunlin,42840,DEC-2011,0,Good
DN,Dunlin,42840,JAN-2012,0,Good
DN,Dunlin,42840,FEB-2012,0,Good
DN,Dunlin,42840,OCT-2012,0,Good
DN,Dunlin,42840,DEC-2012,0,Good
DN,Dunlin,42840,JAN-2013,0,Good
DN,Dunlin,42840,FEB-2013,0,Good
DN,Dunlin,42840,OCT-2013,0,Good
DN,Dunlin,42840,DEC-2013,0,Good
DN,Dunlin,42840,JAN-2014,0,Good
DN,Dunlin,42840,FEB-2014,0,Good
DN,Dunlin,42840,OCT-2014,0,Poor
DN,Dunlin,42840,DEC-2014,0,Poor
DN,Dunlin,42840,JAN-2015,0,Good
DN,Dunlin,42840,FEB-2015,0,Poor
DN,Dunlin,42840,OCT-2015,0,Good
DN,Dunlin,42840,DEC-2015,0,Good
DN,Dunlin,42840,JAN-2016,0,Good
DN,Dunlin,42840,FEB-2016,0,Good
DN,Dunlin,42840,DEC-2016,0,Good
DN,Dunlin,42840,JAN-2017,0,Good
DN,Dunlin,42840,FEB-2017,0,Good
DN,Dunlin,42840,OCT-2017,0,Good
DN,Dunlin,42840,DEC-2017,0,Good
PS,Purple Sandpiper,43010,OCT-2007,0,Good
PS,Purple Sandpiper,43010,DEC-2007,0,Poor
PS,Purple Sandpiper,43010,JAN-2008,0,Good
PS,Purple Sandpiper,43010,FEB-2008,2,Good
PS,Purple Sandpiper,43010,OCT-2008,0,Poor
PS,Purple Sandpiper,43010,DEC-2008,0,Good
PS,Purple Sandpiper,43010,OCT-2009,0,Good
PS,Purple Sandpiper,43010,NOV-2009,0,Good
PS,Purple Sandpiper,43010,JAN-2010,2,Good
PS,Purple Sandpiper,43010,FEB-2010,2,Good
PS,Purple Sandpiper,43010,MAR-2010,0,Good
PS,Purple Sandpiper,43010,OCT-2010,0,Good
PS,Purple Sandpiper,43010,NOV-2010,0,Good
PS,Purple Sandpiper,43010,DEC-2010,0,Good
PS,Purple Sandpiper,43010,JAN-2011,0,Good
PS,Purple Sandpiper,43010,FEB-2011,0,Good
PS,Purple Sandpiper,43010,MAR-2011,16,Good
PS,Purple Sandpiper,43010,OCT-2011,0,Good
PS,Purple Sandpiper,43010,DEC-2011,0,Good
PS,Purple Sandpiper,43010,JAN-2012,0,Good
PS,Purple Sandpiper,43010,FEB-2012,0,Good
PS,Purple Sandpiper,43010,OCT-2012,0,Good
PS,Purple Sandpiper,43010,DEC-2012,0,Good
PS,Purple Sandpiper,43010,JAN-2013,0,Good
PS,Purple Sandpiper,43010,FEB-2013,0,Good
PS,Purple Sandpiper,43010,OCT-2013,0,Good
PS,Purple Sandpiper,43010,DEC-2013,0,Good
PS,Purple Sandpiper,43010,JAN-2014,6,Good
PS,Purple Sandpiper,43010,FEB-2014,0,Good
PS,Purple Sandpiper,43010,OCT-2014,0,Poor
PS,Purple Sandpiper,43010,DEC-2014,0,Poor
PS,Purple Sandpiper,43010,JAN-2015,0,Good
PS,Purple Sandpiper,43010,FEB-2015,0,Poor
PS,Purple Sandpiper,43010,OCT-2015,0,Good
PS,Purple Sandpiper,43010,DEC-2015,1,Good
PS,Purple Sandpiper,43010,JAN-2016,0,Good
PS,Purple Sandpiper,43010,FEB-2016,0,Good
PS,Purple Sandpiper,43010,DEC-2016,0,Good
PS,Purple Sandpiper,43010,JAN-2017,0,Good
PS,Purple Sandpiper,43010,FEB-2017,0,Good
PS,Purple Sandpiper,43010,OCT-2017,0,Good
PS,Purple Sandpiper,43010,DEC-2017,0,Good
RK,Redshank,43920,OCT-2007,0,Good
RK,Redshank,43920,DEC-2007,0,Poor
RK,Redshank,43920,JAN-2008,7,Good
RK,Redshank,43920,FEB-2008,32,Good
RK,Redshank,43920,OCT-2008,0,Poor
RK,Redshank,43920,DEC-2008,0,Good
RK,Redshank,43920,OCT-2009,44,Good
RK,Redshank,43920,NOV-2009,5,Good
RK,Redshank,43920,JAN-2010,3,Good
RK,Redshank,43920,FEB-2010,0,Good
RK,Redshank,43920,MAR-2010,0,Good
RK,Redshank,43920,OCT-2010,0,Good
RK,Redshank,43920,NOV-2010,4,Good
RK,Redshank,43920,DEC-2010,27,Good
RK,Redshank,43920,JAN-2011,33,Good
RK,Redshank,43920,FEB-2011,26,Good
RK,Redshank,43920,MAR-2011,0,Good
RK,Redshank,43920,OCT-2011,1,Good
RK,Redshank,43920,DEC-2011,54,Good
RK,Redshank,43920,JAN-2012,2,Good
RK,Redshank,43920,FEB-2012,23,Good
RK,Redshank,43920,OCT-2012,24,Good
RK,Redshank,43920,DEC-2012,24,Good
RK,Redshank,43920,JAN-2013,0,Good
RK,Redshank,43920,FEB-2013,0,Good
RK,Redshank,43920,OCT-2013,0,Good
RK,Redshank,43920,DEC-2013,0,Good
RK,Redshank,43920,JAN-2014,12,Good
RK,Redshank,43920,FEB-2014,12,Good
RK,Redshank,43920,OCT-2014,0,Poor
RK,Redshank,43920,DEC-2014,2,Poor
RK,Redshank,43920,JAN-2015,17,Good
RK,Redshank,43920,FEB-2015,13,Poor
RK,Redshank,43920,OCT-2015,20,Good
RK,Redshank,43920,DEC-2015,2,Good
RK,Redshank,43920,JAN-2016,0,Good
RK,Redshank,43920,FEB-2016,0,Good
RK,Redshank,43920,DEC-2016,3,Good
RK,Redshank,43920,JAN-2017,6,Good
RK,Redshank,43920,FEB-2017,24,Good
RK,Redshank,43920,OCT-2017,10,Good
RK,Redshank,43920,DEC-2017,10,Good
BH,Black-headed Gull,45190,NOV-2010,2,Good
BH,Black-headed Gull,45190,OCT-2011,0,Good
BH,Black-headed Gull,45190,JAN-2012,0,Good
BH,Black-headed Gull,45190,OCT-2014,6,Poor
BH,Black-headed Gull,45190,JAN-2016,0,Good
CM,Common Gull,45530,NOV-2010,1,Good
CM,Common Gull,45530,OCT-2011,3,Good
CM,Common Gull,45530,JAN-2012,0,Good
CM,Common Gull,45530,OCT-2014,5,Poor
CM,Common Gull,45530,JAN-2016,48,Good
GB,Great Black-backed Gull,45620,NOV-2010,0,Good
GB,Great Black-backed Gull,45620,OCT-2011,32,Good
GB,Great Black-backed Gull,45620,JAN-2012,7,Good
GB,Great Black-backed Gull,45620,OCT-2014,5,Poor
GB,Great Black-backed Gull,45620,JAN-2016,2,Good
GZ,Glaucous Gull,45740,NOV-2010,0,Good
GZ,Glaucous Gull,45740,OCT-2011,0,Good
GZ,Glaucous Gull,45740,JAN-2012,1,Good
GZ,Glaucous Gull,45740,OCT-2014,0,Poor
GZ,Glaucous Gull,45740,JAN-2016,0,Good
HG,Herring Gull,45830,NOV-2010,16,Good
HG,Herring Gull,45830,OCT-2011,55,Good
HG,Herring Gull,45830,JAN-2012,48,Good
HG,Herring Gull,45830,OCT-2014,83,Poor
HG,Herring Gull,45830,JAN-2016,400,Good
TE,Sandwich Tern,46400,DEC-2007,0,Poor
TE,Sandwich Tern,46400,DEC-2008,0,Good
TE,Sandwich Tern,46400,OCT-2009,0,Good
TE,Sandwich Tern,46400,OCT-2011,1,Good
AE,Arctic Tern,46990,DEC-2007,0,Poor
AE,Arctic Tern,46990,DEC-2008,0,Good
AE,Arctic Tern,46990,OCT-2009,1,Good
AE,Arctic Tern,46990,OCT-2011,0,Good
UT,Unidentified tern,47280,DEC-2007,0,Poor
UT,Unidentified tern,47280,DEC-2008,0,Good
UT,Unidentified tern,47280,OCT-2009,0,Good
UT,Unidentified tern,47280,OCT-2011,2,Good
