SpeciesCode,Species,TaxonSort,Visit,Count,SpeciesCover
JI,Greylag Goose (Icelandic),3100,OCT-1999,0,Good
JI,Greylag Goose (Icelandic),3100,DEC-1999,0,Good
JI,Greylag Goose (Icelandic),3100,JAN-2000,0,Good
JI,Greylag Goose (Icelandic),3100,FEB-2000,0,Good
JI,Greylag Goose (Icelandic),3100,OCT-2000,0,Good
JI,Greylag Goose (Icelandic),3100,DEC-2000,0,Good
JI,Greylag Goose (Icelandic),3100,JAN-2001,0,Good
JI,Greylag Goose (Icelandic),3100,DEC-2001,0,Good
JI,Greylag Goose (Icelandic),3100,JAN-2002,0,Good
JI,Greylag Goose (Icelandic),3100,FEB-2002,0,Good
JI,Greylag Goose (Icelandic),3100,JAN-2003,0,Good
JI,Greylag Goose (Icelandic),3100,FEB-2003,0,Good
JI,Greylag Goose (Icelandic),3100,OCT-2003,0,Good
JI,Greylag Goose (Icelandic),3100,DEC-2003,0,Good
JI,Greylag Goose (Icelandic),3100,JAN-2004,0,Good
JI,Greylag Goose (Icelandic),3100,FEB-2004,0,Good
JI,Greylag Goose (Icelandic),3100,OCT-2004,0,Good
JI,Greylag Goose (Icelandic),3100,DEC-2004,0,Good
JI,Greylag Goose (Icelandic),3100,JAN-2005,0,Good
JI,Greylag Goose (Icelandic),3100,FEB-2005,0,Good
JI,Greylag Goose (Icelandic),3100,OCT-2005,0,Good
JI,Greylag Goose (Icelandic),3100,DEC-2005,0,Good
JI,Greylag Goose (Icelandic),3100,JAN-2006,0,Good
JI,Greylag Goose (Icelandic),3100,FEB-2006,0,Good
JI,Greylag Goose (Icelandic),3100,OCT-2006,0,Good
JI,Greylag Goose (Icelandic),3100,DEC-2006,0,Good
JI,Greylag Goose (Icelandic),3100,JAN-2007,0,Good
JI,Greylag Goose (Icelandic),3100,FEB-2007,0,Good
JI,Greylag Goose (Icelandic),3100,OCT-2007,0,Good
JI,Greylag Goose (Icelandic),3100,DEC-2007,0,Poor
JI,Greylag Goose (Icelandic),3100,JAN-2008,0,Good
JI,Greylag Goose (Icelandic),3100,FEB-2008,0,Good
JI,Greylag Goose (Icelandic),3100,OCT-2008,0,Good
JI,Greylag Goose (Icelandic),3100,DEC-2008,0,Good
JI,Greylag Goose (Icelandic),3100,JAN-2009,0,Good
JI,Greylag Goose (Icelandic),3100,FEB-2009,0,Good
JI,Greylag Goose (Icelandic),3100,OCT-2009,0,Good
JI,Greylag Goose (Icelandic),3100,JAN-2010,0,Good
JI,Greylag Goose (Icelandic),3100,FEB-2010,0,Good
JI,Greylag Goose (Icelandic),3100,OCT-2010,0,Poor
JI,Greylag Goose (Icelandic),3100,DEC-2010,0,Good
JI,Greylag Goose (Icelandic),3100,JAN-2011,0,Good
JI,Greylag Goose (Icelandic),3100,FEB-2011,0,Good
JI,Greylag Goose (Icelandic),3100,OCT-2011,0,Good
JI,Greylag Goose (Icelandic),3100,DEC-2011,0,Good
JI,Greylag Goose (Icelandic),3100,JAN-2012,38,Good
JI,Greylag Goose (Icelandic),3100,FEB-2012,0,Good
JI,Greylag Goose (Icelandic),3100,OCT-2012,0,Good
JI,Greylag Goose (Icelandic),3100,DEC-2012,0,Good
JI,Greylag Goose (Icelandic),3100,JAN-2013,0,Good
JI,Greylag Goose (Icelandic),3100,FEB-2013,0,Good
JI,Greylag Goose (Icelandic),3100,OCT-2013,0,Good
JI,Greylag Goose (Icelandic),3100,DEC-2013,0,Good
JI,Greylag Goose (Icelandic),3100,JAN-2014,0,Good
JI,Greylag Goose (Icelandic),3100,FEB-2014,0,Good
JI,Greylag Goose (Icelandic),3100,OCT-2014,0,Good
JI,Greylag Goose (Icelandic),3100,DEC-2014,0,Good
JI,Greylag Goose (Icelandic),3100,JAN-2015,0,Good
JI,Greylag Goose (Icelandic),3100,FEB-2015,0,Good
JI,Greylag Goose (Icelandic),3100,OCT-2015,0,Good
JI,Greylag Goose (Icelandic),3100,DEC-2015,0,Good
JI,Greylag Goose (Icelandic),3100,JAN-2016,0,Good
JI,Greylag Goose (Icelandic),3100,FEB-2016,0,Good
JI,Greylag Goose (Icelandic),3100,OCT-2016,0,Good
JI,Greylag Goose (Icelandic),3100,DEC-2016,0,Good
JI,Greylag Goose (Icelandic),3100,JAN-2017,0,Good
JI,Greylag Goose (Icelandic),3100,FEB-2017,0,Good
JI,Greylag Goose (Icelandic),3100,OCT-2017,0,Good
JI,Greylag Goose (Icelandic),3100,DEC-2017,0,Good
JI,Greylag Goose (Icelandic),3100,JAN-2018,0,Good
JI,Greylag Goose (Icelandic),3100,OCT-2018,0,Good
JI,Greylag Goose (Icelandic),3100,DEC-2018,0,Good
JI,Greylag Goose (Icelandic),3100,JAN-2019,0,Good
JI,Greylag Goose (Icelandic),3100,FEB-2019,0,Good
WN,Wigeon,4620,OCT-1999,0,Good
WN,Wigeon,4620,DEC-1999,0,Good
WN,Wigeon,4620,JAN-2000,0,Good
WN,Wigeon,4620,FEB-2000,0,Good
WN,Wigeon,4620,OCT-2000,0,Good
WN,Wigeon,4620,DEC-2000,0,Good
WN,Wigeon,4620,JAN-2001,0,Good
WN,Wigeon,4620,DEC-2001,0,Good
WN,Wigeon,4620,JAN-2002,0,Good
WN,Wigeon,4620,FEB-2002,0,Good
WN,Wigeon,4620,JAN-2003,0,Good
WN,Wigeon,4620,FEB-2003,0,Good
WN,Wigeon,4620,OCT-2003,0,Good
WN,Wigeon,4620,DEC-2003,0,Good
WN,Wigeon,4620,JAN-2004,0,Good
WN,Wigeon,4620,FEB-2004,0,Good
WN,Wigeon,4620,OCT-2004,0,Good
WN,Wigeon,4620,DEC-2004,0,Good
WN,Wigeon,4620,JAN-2005,0,Good
WN,Wigeon,4620,FEB-2005,0,Good
WN,Wigeon,4620,OCT-2005,0,Good
WN,Wigeon,4620,DEC-2005,0,Good
WN,Wigeon,4620,JAN-2006,0,Good
WN,Wigeon,4620,FEB-2006,0,Good
WN,Wigeon,4620,OCT-2006,0,Good
WN,Wigeon,4620,DEC-2006,0,Good
WN,Wigeon,4620,JAN-2007,0,Good
WN,Wigeon,4620,FEB-2007,0,Good
WN,Wigeon,4620,OCT-2007,0,Good
WN,Wigeon,4620,DEC-2007,0,Poor
WN,Wigeon,4620,JAN-2008,0,Good
WN,Wigeon,4620,FEB-2008,0,Good
WN,Wigeon,4620,OCT-2008,0,Good
WN,Wigeon,4620,DEC-2008,0,Good
WN,Wigeon,4620,JAN-2009,0,Good
WN,Wigeon,4620,FEB-2009,0,Good
WN,Wigeon,4620,OCT-2009,0,Good
WN,Wigeon,4620,JAN-2010,0,Good
WN,Wigeon,4620,FEB-2010,0,Good
WN,Wigeon,4620,OCT-2010,0,Poor
WN,Wigeon,4620,DEC-2010,0,Good
WN,Wigeon,4620,JAN-2011,0,Good
WN,Wigeon,4620,FEB-2011,0,Good
WN,Wigeon,4620,OCT-2011,0,Good
WN,Wigeon,4620,DEC-2011,0,Good
WN,Wigeon,4620,JAN-2012,0,Good
WN,Wigeon,4620,FEB-2012,0,Good
WN,Wigeon,4620,OCT-2012,0,Good
WN,Wigeon,4620,DEC-2012,0,Good
WN,Wigeon,4620,JAN-2013,0,Good
WN,Wigeon,4620,FEB-2013,0,Good
WN,Wigeon,4620,OCT-2013,0,Good
WN,Wigeon,4620,DEC-2013,0,Good
WN,Wigeon,4620,JAN-2014,0,Good
WN,Wigeon,4620,FEB-2014,0,Good
WN,Wigeon,4620,OCT-2014,0,Good
WN,Wigeon,4620,DEC-2014,0,Good
WN,Wigeon,4620,JAN-2015,1,Good
WN,Wigeon,4620,FEB-2015,0,Good
WN,Wigeon,4620,OCT-2015,0,Good
WN,Wigeon,4620,DEC-2015,0,Good
WN,Wigeon,4620,JAN-2016,0,Good
WN,Wigeon,4620,FEB-2016,0,Good
WN,Wigeon,4620,OCT-2016,0,Good
WN,Wigeon,4620,DEC-2016,0,Good
WN,Wigeon,4620,JAN-2017,0,Good
WN,Wigeon,4620,FEB-2017,0,Good
WN,Wigeon,4620,OCT-2017,0,Good
WN,Wigeon,4620,DEC-2017,0,Good
WN,Wigeon,4620,JAN-2018,0,Good
WN,Wigeon,4620,OCT-2018,0,Good
WN,Wigeon,4620,DEC-2018,0,Good
WN,Wigeon,4620,JAN-2019,0,Good
WN,Wigeon,4620,FEB-2019,0,Good
MA,Mallard,4840,OCT-1999,2,Good
MA,Mallard,4840,DEC-1999,0,Good
MA,Mallard,4840,JAN-2000,25,Good
MA,Mallard,4840,FEB-2000,3,Good
MA,Mallard,4840,OCT-2000,9,Good
MA,Mallard,4840,DEC-2000,6,Good
MA,Mallard,4840,JAN-2001,31,Good
MA,Mallard,4840,DEC-2001,20,Good
MA,Mallard,4840,JAN-2002,31,Good
MA,Mallard,4840,FEB-2002,0,Good
MA,Mallard,4840,JAN-2003,38,Good
MA,Mallard,4840,FEB-2003,33,Good
MA,Mallard,4840,OCT-2003,10,Good
MA,Mallard,4840,DEC-2003,14,Good
MA,Mallard,4840,JAN-2004,32,Good
MA,Mallard,4840,FEB-2004,23,Good
MA,Mallard,4840,OCT-2004,0,Good
MA,Mallard,4840,DEC-2004,24,Good
MA,Mallard,4840,JAN-2005,34,Good
MA,Mallard,4840,FEB-2005,17,Good
MA,Mallard,4840,OCT-2005,7,Good
MA,Mallard,4840,DEC-2005,55,Good
MA,Mallard,4840,JAN-2006,45,Good
MA,Mallard,4840,FEB-2006,51,Good
MA,Mallard,4840,OCT-2006,29,Good
MA,Mallard,4840,DEC-2006,18,Good
MA,Mallard,4840,JAN-2007,18,Good
MA,Mallard,4840,FEB-2007,26,Good
MA,Mallard,4840,OCT-2007,20,Good
MA,Mallard,4840,DEC-2007,13,Poor
MA,Mallard,4840,JAN-2008,31,Good
MA,Mallard,4840,FEB-2008,28,Good
MA,Mallard,4840,OCT-2008,16,Good
MA,Mallard,4840,DEC-2008,26,Good
MA,Mallard,4840,JAN-2009,11,Good
MA,Mallard,4840,FEB-2009,17,Good
MA,Mallard,4840,OCT-2009,11,Good
MA,Mallard,4840,JAN-2010,47,Good
MA,Mallard,4840,FEB-2010,39,Good
MA,Mallard,4840,OCT-2010,16,Poor
MA,Mallard,4840,DEC-2010,35,Good
MA,Mallard,4840,JAN-2011,44,Good
MA,Mallard,4840,FEB-2011,33,Good
MA,Mallard,4840,OCT-2011,20,Good
MA,Mallard,4840,DEC-2011,48,Good
MA,Mallard,4840,JAN-2012,12,Good
MA,Mallard,4840,FEB-2012,41,Good
MA,Mallard,4840,OCT-2012,15,Good
MA,Mallard,4840,DEC-2012,26,Good
MA,Mallard,4840,JAN-2013,27,Good
MA,Mallard,4840,FEB-2013,30,Good
MA,Mallard,4840,OCT-2013,20,Good
MA,Mallard,4840,DEC-2013,30,Good
MA,Mallard,4840,JAN-2014,26,Good
MA,Mallard,4840,FEB-2014,30,Good
MA,Mallard,4840,OCT-2014,30,Good
MA,Mallard,4840,DEC-2014,37,Good
MA,Mallard,4840,JAN-2015,20,Good
MA,Mallard,4840,FEB-2015,30,Good
MA,Mallard,4840,OCT-2015,20,Good
MA,Mallard,4840,DEC-2015,25,Good
MA,Mallard,4840,JAN-2016,0,Good
MA,Mallard,4840,FEB-2016,15,Good
MA,Mallard,4840,OCT-2016,0,Good
MA,Mallard,4840,DEC-2016,16,Good
MA,Mallard,4840,JAN-2017,22,Good
MA,Mallard,4840,FEB-2017,16,Good
MA,Mallard,4840,OCT-2017,0,Good
MA,Mallard,4840,DEC-2017,14,Good
MA,Mallard,4840,JAN-2018,37,Good
MA,Mallard,4840,OCT-2018,10,Good
MA,Mallard,4840,DEC-2018,16,Good
MA,Mallard,4840,JAN-2019,19,Good
MA,Mallard,4840,FEB-2019,22,Good
T.,Teal,5080,OCT-1999,0,Good
T.,Teal,5080,DEC-1999,0,Good
T.,Teal,5080,JAN-2000,0,Good
T.,Teal,5080,FEB-2000,0,Good
T.,Teal,5080,OCT-2000,0,Good
T.,Teal,5080,DEC-2000,0,Good
T.,Teal,5080,JAN-2001,0,Good
T.,Teal,5080,DEC-2001,0,Good
T.,Teal,5080,JAN-2002,0,Good
T.,Teal,5080,FEB-2002,0,Good
T.,Teal,5080,JAN-2003,0,Good
T.,Teal,5080,FEB-2003,0,Good
T.,Teal,5080,OCT-2003,0,Good
T.,Teal,5080,DEC-2003,0,Good
T.,Teal,5080,JAN-2004,0,Good
T.,Teal,5080,FEB-2004,0,Good
T.,Teal,5080,OCT-2004,0,Good
T.,Teal,5080,DEC-2004,0,Good
T.,Teal,5080,JAN-2005,0,Good
T.,Teal,5080,FEB-2005,0,Good
T.,Teal,5080,OCT-2005,0,Good
T.,Teal,5080,DEC-2005,0,Good
T.,Teal,5080,JAN-2006,0,Good
T.,Teal,5080,FEB-2006,0,Good
T.,Teal,5080,OCT-2006,0,Good
T.,Teal,5080,DEC-2006,0,Good
T.,Teal,5080,JAN-2007,0,Good
T.,Teal,5080,FEB-2007,0,Good
T.,Teal,5080,OCT-2007,0,Good
T.,Teal,5080,DEC-2007,0,Poor
T.,Teal,5080,JAN-2008,0,Good
T.,Teal,5080,FEB-2008,0,Good
T.,Teal,5080,OCT-2008,0,Good
T.,Teal,5080,DEC-2008,0,Good
T.,Teal,5080,JAN-2009,0,Good
T.,Teal,5080,FEB-2009,0,Good
T.,Teal,5080,OCT-2009,0,Good
T.,Teal,5080,JAN-2010,0,Good
T.,Teal,5080,FEB-2010,0,Good
T.,Teal,5080,OCT-2010,0,Poor
T.,Teal,5080,DEC-2010,0,Good
T.,Teal,5080,JAN-2011,0,Good
T.,Teal,5080,FEB-2011,0,Good
T.,Teal,5080,OCT-2011,0,Good
T.,Teal,5080,DEC-2011,0,Good
T.,Teal,5080,JAN-2012,0,Good
T.,Teal,5080,FEB-2012,0,Good
T.,Teal,5080,OCT-2012,0,Good
T.,Teal,5080,DEC-2012,0,Good
T.,Teal,5080,JAN-2013,0,Good
T.,Teal,5080,FEB-2013,0,Good
T.,Teal,5080,OCT-2013,0,Good
T.,Teal,5080,DEC-2013,0,Good
T.,Teal,5080,JAN-2014,0,Good
T.,Teal,5080,FEB-2014,0,Good
T.,Teal,5080,OCT-2014,0,Good
T.,Teal,5080,DEC-2014,0,Good
T.,Teal,5080,JAN-2015,0,Good
T.,Teal,5080,FEB-2015,0,Good
T.,Teal,5080,OCT-2015,0,Good
T.,Teal,5080,DEC-2015,0,Good
T.,Teal,5080,JAN-2016,0,Good
T.,Teal,5080,FEB-2016,0,Good
T.,Teal,5080,OCT-2016,0,Good
T.,Teal,5080,DEC-2016,0,Good
T.,Teal,5080,JAN-2017,0,Good
T.,Teal,5080,FEB-2017,0,Good
T.,Teal,5080,OCT-2017,0,Good
T.,Teal,5080,DEC-2017,0,Good
T.,Teal,5080,JAN-2018,0,Good
T.,Teal,5080,OCT-2018,0,Good
T.,Teal,5080,DEC-2018,0,Good
T.,Teal,5080,JAN-2019,0,Good
T.,Teal,5080,FEB-2019,0,Good
SP,Scaup,5520,OCT-1999,0,Good
SP,Scaup,5520,DEC-1999,0,Good
SP,Scaup,5520,JAN-2000,0,Good
SP,Scaup,5520,FEB-2000,0,Good
SP,Scaup,5520,OCT-2000,0,Good
SP,Scaup,5520,DEC-2000,0,Good
SP,Scaup,5520,JAN-2001,0,Good
SP,Scaup,5520,DEC-2001,0,Good
SP,Scaup,5520,JAN-2002,0,Good
SP,Scaup,5520,FEB-2002,0,Good
SP,Scaup,5520,JAN-2003,0,Good
SP,Scaup,5520,FEB-2003,0,Good
SP,Scaup,5520,OCT-2003,0,Good
SP,Scaup,5520,DEC-2003,0,Good
SP,Scaup,5520,JAN-2004,0,Good
SP,Scaup,5520,FEB-2004,0,Good
SP,Scaup,5520,OCT-2004,0,Good
SP,Scaup,5520,DEC-2004,0,Good
SP,Scaup,5520,JAN-2005,0,Good
SP,Scaup,5520,FEB-2005,0,Good
SP,Scaup,5520,OCT-2005,0,Good
SP,Scaup,5520,DEC-2005,0,Good
SP,Scaup,5520,JAN-2006,0,Good
SP,Scaup,5520,FEB-2006,0,Good
SP,Scaup,5520,OCT-2006,0,Good
SP,Scaup,5520,DEC-2006,0,Good
SP,Scaup,5520,JAN-2007,0,Good
SP,Scaup,5520,FEB-2007,0,Good
SP,Scaup,5520,OCT-2007,0,Good
SP,Scaup,5520,DEC-2007,10,Poor
SP,Scaup,5520,JAN-2008,0,Good
SP,Scaup,5520,FEB-2008,10,Good
SP,Scaup,5520,OCT-2008,0,Good
SP,Scaup,5520,DEC-2008,0,Good
SP,Scaup,5520,JAN-2009,0,Good
SP,Scaup,5520,FEB-2009,0,Good
SP,Scaup,5520,OCT-2009,0,Good
SP,Scaup,5520,JAN-2010,0,Good
SP,Scaup,5520,FEB-2010,0,Good
SP,Scaup,5520,OCT-2010,0,Poor
SP,Scaup,5520,DEC-2010,0,Good
SP,Scaup,5520,JAN-2011,0,Good
SP,Scaup,5520,FEB-2011,0,Good
SP,Scaup,5520,OCT-2011,0,Good
SP,Scaup,5520,DEC-2011,0,Good
SP,Scaup,5520,JAN-2012,0,Good
SP,Scaup,5520,FEB-2012,0,Good
SP,Scaup,5520,OCT-2012,0,Good
SP,Scaup,5520,DEC-2012,0,Good
SP,Scaup,5520,JAN-2013,0,Good
SP,Scaup,5520,FEB-2013,0,Good
SP,Scaup,5520,OCT-2013,0,Good
SP,Scaup,5520,DEC-2013,0,Good
SP,Scaup,5520,JAN-2014,0,Good
SP,Scaup,5520,FEB-2014,0,Good
SP,Scaup,5520,OCT-2014,0,Good
SP,Scaup,5520,DEC-2014,0,Good
SP,Scaup,5520,JAN-2015,0,Good
SP,Scaup,5520,FEB-2015,0,Good
SP,Scaup,5520,OCT-2015,0,Good
SP,Scaup,5520,DEC-2015,0,Good
SP,Scaup,5520,JAN-2016,0,Good
SP,Scaup,5520,FEB-2016,0,Good
SP,Scaup,5520,OCT-2016,0,Good
SP,Scaup,5520,DEC-2016,0,Good
SP,Scaup,5520,JAN-2017,0,Good
SP,Scaup,5520,FEB-2017,0,Good
SP,Scaup,5520,OCT-2017,0,Good
SP,Scaup,5520,DEC-2017,0,Good
SP,Scaup,5520,JAN-2018,0,Good
SP,Scaup,5520,OCT-2018,0,Good
SP,Scaup,5520,DEC-2018,0,Good
SP,Scaup,5520,JAN-2019,0,Good
SP,Scaup,5520,FEB-2019,0,Good
EE,Eider (except Shetland),5690,OCT-1999,0,Good
EE,Eider (except Shetland),5690,DEC-1999,0,Good
EE,Eider (except Shetland),5690,JAN-2000,0,Good
EE,Eider (except Shetland),5690,FEB-2000,0,Good
EE,Eider (except Shetland),5690,OCT-2000,0,Good
EE,Eider (except Shetland),5690,DEC-2000,0,Good
EE,Eider (except Shetland),5690,JAN-2001,0,Good
EE,Eider (except Shetland),5690,DEC-2001,0,Good
EE,Eider (except Shetland),5690,JAN-2002,0,Good
EE,Eider (except Shetland),5690,FEB-2002,0,Good
EE,Eider (except Shetland),5690,JAN-2003,0,Good
EE,Eider (except Shetland),5690,FEB-2003,0,Good
EE,Eider (except Shetland),5690,OCT-2003,1,Good
EE,Eider (except Shetland),5690,DEC-2003,0,Good
EE,Eider (except Shetland),5690,JAN-2004,0,Good
EE,Eider (except Shetland),5690,FEB-2004,0,Good
EE,Eider (except Shetland),5690,OCT-2004,0,Good
EE,Eider (except Shetland),5690,DEC-2004,0,Good
EE,Eider (except Shetland),5690,JAN-2005,0,Good
EE,Eider (except Shetland),5690,FEB-2005,0,Good
EE,Eider (except Shetland),5690,OCT-2005,0,Good
EE,Eider (except Shetland),5690,DEC-2005,0,Good
EE,Eider (except Shetland),5690,JAN-2006,0,Good
EE,Eider (except Shetland),5690,FEB-2006,0,Good
EE,Eider (except Shetland),5690,OCT-2006,0,Good
EE,Eider (except Shetland),5690,DEC-2006,0,Good
EE,Eider (except Shetland),5690,JAN-2007,0,Good
EE,Eider (except Shetland),5690,FEB-2007,0,Good
EE,Eider (except Shetland),5690,OCT-2007,0,Good
EE,Eider (except Shetland),5690,DEC-2007,0,Poor
EE,Eider (except Shetland),5690,JAN-2008,0,Good
EE,Eider (except Shetland),5690,FEB-2008,0,Good
EE,Eider (except Shetland),5690,OCT-2008,1,Good
EE,Eider (except Shetland),5690,DEC-2008,0,Good
EE,Eider (except Shetland),5690,JAN-2009,4,Good
EE,Eider (except Shetland),5690,FEB-2009,0,Good
EE,Eider (except Shetland),5690,OCT-2009,1,Good
EE,Eider (except Shetland),5690,JAN-2010,0,Good
EE,Eider (except Shetland),5690,FEB-2010,2,Good
EE,Eider (except Shetland),5690,OCT-2010,0,Poor
EE,Eider (except Shetland),5690,DEC-2010,0,Good
EE,Eider (except Shetland),5690,JAN-2011,0,Good
EE,Eider (except Shetland),5690,FEB-2011,0,Good
EE,Eider (except Shetland),5690,OCT-2011,0,Good
EE,Eider (except Shetland),5690,DEC-2011,0,Good
EE,Eider (except Shetland),5690,JAN-2012,40,Good
EE,Eider (except Shetland),5690,FEB-2012,408,Good
EE,Eider (except Shetland),5690,OCT-2012,0,Good
EE,Eider (except Shetland),5690,DEC-2012,48,Good
EE,Eider (except Shetland),5690,JAN-2013,40,Good
EE,Eider (except Shetland),5690,FEB-2013,0,Good
EE,Eider (except Shetland),5690,OCT-2013,3,Good
EE,Eider (except Shetland),5690,DEC-2013,0,Good
EE,Eider (except Shetland),5690,JAN-2014,15,Good
EE,Eider (except Shetland),5690,FEB-2014,20,Good
EE,Eider (except Shetland),5690,OCT-2014,0,Good
EE,Eider (except Shetland),5690,DEC-2014,0,Good
EE,Eider (except Shetland),5690,JAN-2015,14,Good
EE,Eider (except Shetland),5690,FEB-2015,11,Good
EE,Eider (except Shetland),5690,OCT-2015,0,Good
EE,Eider (except Shetland),5690,DEC-2015,0,Good
EE,Eider (except Shetland),5690,JAN-2016,0,Good
EE,Eider (except Shetland),5690,FEB-2016,1,Good
EE,Eider (except Shetland),5690,OCT-2016,0,Good
EE,Eider (except Shetland),5690,DEC-2016,0,Good
EE,Eider (except Shetland),5690,JAN-2017,2,Good
EE,Eider (except Shetland),5690,FEB-2017,20,Good
EE,Eider (except Shetland),5690,OCT-2017,2,Good
EE,Eider (except Shetland),5690,DEC-2017,0,Good
EE,Eider (except Shetland),5690,JAN-2018,0,Good
EE,Eider (except Shetland),5690,OCT-2018,0,Good
EE,Eider (except Shetland),5690,DEC-2018,2,Good
EE,Eider (except Shetland),5690,JAN-2019,12,Good
EE,Eider (except Shetland),5690,FEB-2019,4,Good
CX,Common Scoter,5810,OCT-1999,0,Good
CX,Common Scoter,5810,DEC-1999,0,Good
CX,Common Scoter,5810,JAN-2000,0,Good
CX,Common Scoter,5810,FEB-2000,0,Good
CX,Common Scoter,5810,OCT-2000,0,Good
CX,Common Scoter,5810,DEC-2000,0,Good
CX,Common Scoter,5810,JAN-2001,0,Good
CX,Common Scoter,5810,DEC-2001,0,Good
CX,Common Scoter,5810,JAN-2002,0,Good
CX,Common Scoter,5810,FEB-2002,0,Good
CX,Common Scoter,5810,JAN-2003,0,Good
CX,Common Scoter,5810,FEB-2003,0,Good
CX,Common Scoter,5810,OCT-2003,200,Good
CX,Common Scoter,5810,DEC-2003,0,Good
CX,Common Scoter,5810,JAN-2004,0,Good
CX,Common Scoter,5810,FEB-2004,0,Good
CX,Common Scoter,5810,OCT-2004,0,Good
CX,Common Scoter,5810,DEC-2004,0,Good
CX,Common Scoter,5810,JAN-2005,0,Good
CX,Common Scoter,5810,FEB-2005,0,Good
CX,Common Scoter,5810,OCT-2005,0,Good
CX,Common Scoter,5810,DEC-2005,0,Good
CX,Common Scoter,5810,JAN-2006,0,Good
CX,Common Scoter,5810,FEB-2006,0,Good
CX,Common Scoter,5810,OCT-2006,0,Good
CX,Common Scoter,5810,DEC-2006,0,Good
CX,Common Scoter,5810,JAN-2007,0,Good
CX,Common Scoter,5810,FEB-2007,0,Good
CX,Common Scoter,5810,OCT-2007,0,Good
CX,Common Scoter,5810,DEC-2007,0,Poor
CX,Common Scoter,5810,JAN-2008,0,Good
CX,Common Scoter,5810,FEB-2008,0,Good
CX,Common Scoter,5810,OCT-2008,0,Good
CX,Common Scoter,5810,DEC-2008,0,Good
CX,Common Scoter,5810,JAN-2009,0,Good
CX,Common Scoter,5810,FEB-2009,0,Good
CX,Common Scoter,5810,OCT-2009,0,Good
CX,Common Scoter,5810,JAN-2010,0,Good
CX,Common Scoter,5810,FEB-2010,0,Good
CX,Common Scoter,5810,OCT-2010,0,Poor
CX,Common Scoter,5810,DEC-2010,0,Good
CX,Common Scoter,5810,JAN-2011,0,Good
CX,Common Scoter,5810,FEB-2011,0,Good
CX,Common Scoter,5810,OCT-2011,0,Good
CX,Common Scoter,5810,DEC-2011,0,Good
CX,Common Scoter,5810,JAN-2012,0,Good
CX,Common Scoter,5810,FEB-2012,60,Good
CX,Common Scoter,5810,OCT-2012,0,Good
CX,Common Scoter,5810,DEC-2012,0,Good
CX,Common Scoter,5810,JAN-2013,0,Good
CX,Common Scoter,5810,FEB-2013,0,Good
CX,Common Scoter,5810,OCT-2013,0,Good
CX,Common Scoter,5810,DEC-2013,0,Good
CX,Common Scoter,5810,JAN-2014,0,Good
CX,Common Scoter,5810,FEB-2014,0,Good
CX,Common Scoter,5810,OCT-2014,0,Good
CX,Common Scoter,5810,DEC-2014,0,Good
CX,Common Scoter,5810,JAN-2015,0,Good
CX,Common Scoter,5810,FEB-2015,0,Good
CX,Common Scoter,5810,OCT-2015,0,Good
CX,Common Scoter,5810,DEC-2015,0,Good
CX,Common Scoter,5810,JAN-2016,0,Good
CX,Common Scoter,5810,FEB-2016,0,Good
CX,Common Scoter,5810,OCT-2016,0,Good
CX,Common Scoter,5810,DEC-2016,0,Good
CX,Common Scoter,5810,JAN-2017,0,Good
CX,Common Scoter,5810,FEB-2017,0,Good
CX,Common Scoter,5810,OCT-2017,0,Good
CX,Common Scoter,5810,DEC-2017,0,Good
CX,Common Scoter,5810,JAN-2018,0,Good
CX,Common Scoter,5810,OCT-2018,0,Good
CX,Common Scoter,5810,DEC-2018,0,Good
CX,Common Scoter,5810,JAN-2019,0,Good
CX,Common Scoter,5810,FEB-2019,0,Good
LN,Long-tailed Duck,5850,OCT-1999,0,Good
LN,Long-tailed Duck,5850,DEC-1999,0,Good
LN,Long-tailed Duck,5850,JAN-2000,0,Good
LN,Long-tailed Duck,5850,FEB-2000,0,Good
LN,Long-tailed Duck,5850,OCT-2000,0,Good
LN,Long-tailed Duck,5850,DEC-2000,0,Good
LN,Long-tailed Duck,5850,JAN-2001,0,Good
LN,Long-tailed Duck,5850,DEC-2001,0,Good
LN,Long-tailed Duck,5850,JAN-2002,0,Good
LN,Long-tailed Duck,5850,FEB-2002,0,Good
LN,Long-tailed Duck,5850,JAN-2003,0,Good
LN,Long-tailed Duck,5850,FEB-2003,0,Good
LN,Long-tailed Duck,5850,OCT-2003,0,Good
LN,Long-tailed Duck,5850,DEC-2003,0,Good
LN,Long-tailed Duck,5850,JAN-2004,0,Good
LN,Long-tailed Duck,5850,FEB-2004,0,Good
LN,Long-tailed Duck,5850,OCT-2004,0,Good
LN,Long-tailed Duck,5850,DEC-2004,1,Good
LN,Long-tailed Duck,5850,JAN-2005,0,Good
LN,Long-tailed Duck,5850,FEB-2005,0,Good
LN,Long-tailed Duck,5850,OCT-2005,0,Good
LN,Long-tailed Duck,5850,DEC-2005,0,Good
LN,Long-tailed Duck,5850,JAN-2006,0,Good
LN,Long-tailed Duck,5850,FEB-2006,0,Good
LN,Long-tailed Duck,5850,OCT-2006,0,Good
LN,Long-tailed Duck,5850,DEC-2006,0,Good
LN,Long-tailed Duck,5850,JAN-2007,0,Good
LN,Long-tailed Duck,5850,FEB-2007,0,Good
LN,Long-tailed Duck,5850,OCT-2007,0,Good
LN,Long-tailed Duck,5850,DEC-2007,0,Poor
LN,Long-tailed Duck,5850,JAN-2008,0,Good
LN,Long-tailed Duck,5850,FEB-2008,0,Good
LN,Long-tailed Duck,5850,OCT-2008,0,Good
LN,Long-tailed Duck,5850,DEC-2008,0,Good
LN,Long-tailed Duck,5850,JAN-2009,0,Good
LN,Long-tailed Duck,5850,FEB-2009,40,Good
LN,Long-tailed Duck,5850,OCT-2009,0,Good
LN,Long-tailed Duck,5850,JAN-2010,0,Good
LN,Long-tailed Duck,5850,FEB-2010,4,Good
LN,Long-tailed Duck,5850,OCT-2010,0,Poor
LN,Long-tailed Duck,5850,DEC-2010,0,Good
LN,Long-tailed Duck,5850,JAN-2011,0,Good
LN,Long-tailed Duck,5850,FEB-2011,0,Good
LN,Long-tailed Duck,5850,OCT-2011,0,Good
LN,Long-tailed Duck,5850,DEC-2011,0,Good
LN,Long-tailed Duck,5850,JAN-2012,5,Good
LN,Long-tailed Duck,5850,FEB-2012,39,Good
LN,Long-tailed Duck,5850,OCT-2012,0,Good
LN,Long-tailed Duck,5850,DEC-2012,0,Good
LN,Long-tailed Duck,5850,JAN-2013,13,Good
LN,Long-tailed Duck,5850,FEB-2013,0,Good
LN,Long-tailed Duck,5850,OCT-2013,0,Good
LN,Long-tailed Duck,5850,DEC-2013,0,Good
LN,Long-tailed Duck,5850,JAN-2014,0,Good
LN,Long-tailed Duck,5850,FEB-2014,0,Good
LN,Long-tailed Duck,5850,OCT-2014,0,Good
LN,Long-tailed Duck,5850,DEC-2014,0,Good
LN,Long-tailed Duck,5850,JAN-2015,0,Good
LN,Long-tailed Duck,5850,FEB-2015,0,Good
LN,Long-tailed Duck,5850,OCT-2015,0,Good
LN,Long-tailed Duck,5850,DEC-2015,0,Good
LN,Long-tailed Duck,5850,JAN-2016,0,Good
LN,Long-tailed Duck,5850,FEB-2016,2,Good
LN,Long-tailed Duck,5850,OCT-2016,0,Good
LN,Long-tailed Duck,5850,DEC-2016,0,Good
LN,Long-tailed Duck,5850,JAN-2017,19,Good
LN,Long-tailed Duck,5850,FEB-2017,0,Good
LN,Long-tailed Duck,5850,OCT-2017,0,Good
LN,Long-tailed Duck,5850,DEC-2017,0,Good
LN,Long-tailed Duck,5850,JAN-2018,0,Good
LN,Long-tailed Duck,5850,OCT-2018,0,Good
LN,Long-tailed Duck,5850,DEC-2018,0,Good
LN,Long-tailed Duck,5850,JAN-2019,0,Good
LN,Long-tailed Duck,5850,FEB-2019,2,Good
GN,Goldeneye,5880,OCT-1999,0,Good
GN,Goldeneye,5880,DEC-1999,4,Good
GN,Goldeneye,5880,JAN-2000,1,Good
GN,Goldeneye,5880,FEB-2000,4,Good
GN,Goldeneye,5880,OCT-2000,0,Good
GN,Goldeneye,5880,DEC-2000,8,Good
GN,Goldeneye,5880,JAN-2001,7,Good
GN,Goldeneye,5880,DEC-2001,5,Good
GN,Goldeneye,5880,JAN-2002,1,Good
GN,Goldeneye,5880,FEB-2002,12,Good
GN,Goldeneye,5880,JAN-2003,3,Good
GN,Goldeneye,5880,FEB-2003,1,Good
GN,Goldeneye,5880,OCT-2003,0,Good
GN,Goldeneye,5880,DEC-2003,4,Good
GN,Goldeneye,5880,JAN-2004,5,Good
GN,Goldeneye,5880,FEB-2004,9,Good
GN,Goldeneye,5880,OCT-2004,0,Good
GN,Goldeneye,5880,DEC-2004,4,Good
GN,Goldeneye,5880,JAN-2005,7,Good
GN,Goldeneye,5880,FEB-2005,3,Good
GN,Goldeneye,5880,OCT-2005,0,Good
GN,Goldeneye,5880,DEC-2005,5,Good
GN,Goldeneye,5880,JAN-2006,0,Good
GN,Goldeneye,5880,FEB-2006,20,Good
GN,Goldeneye,5880,OCT-2006,0,Good
GN,Goldeneye,5880,DEC-2006,1,Good
GN,Goldeneye,5880,JAN-2007,5,Good
GN,Goldeneye,5880,FEB-2007,5,Good
GN,Goldeneye,5880,OCT-2007,0,Good
GN,Goldeneye,5880,DEC-2007,14,Poor
GN,Goldeneye,5880,JAN-2008,26,Good
GN,Goldeneye,5880,FEB-2008,5,Good
GN,Goldeneye,5880,OCT-2008,0,Good
GN,Goldeneye,5880,DEC-2008,2,Good
GN,Goldeneye,5880,JAN-2009,0,Good
GN,Goldeneye,5880,FEB-2009,4,Good
GN,Goldeneye,5880,OCT-2009,0,Good
GN,Goldeneye,5880,JAN-2010,11,Good
GN,Goldeneye,5880,FEB-2010,5,Good
GN,Goldeneye,5880,OCT-2010,0,Poor
GN,Goldeneye,5880,DEC-2010,3,Good
GN,Goldeneye,5880,JAN-2011,4,Good
GN,Goldeneye,5880,FEB-2011,10,Good
GN,Goldeneye,5880,OCT-2011,0,Good
GN,Goldeneye,5880,DEC-2011,2,Good
GN,Goldeneye,5880,JAN-2012,8,Good
GN,Goldeneye,5880,FEB-2012,12,Good
GN,Goldeneye,5880,OCT-2012,0,Good
GN,Goldeneye,5880,DEC-2012,8,Good
GN,Goldeneye,5880,JAN-2013,6,Good
GN,Goldeneye,5880,FEB-2013,4,Good
GN,Goldeneye,5880,OCT-2013,0,Good
GN,Goldeneye,5880,DEC-2013,0,Good
GN,Goldeneye,5880,JAN-2014,4,Good
GN,Goldeneye,5880,FEB-2014,0,Good
GN,Goldeneye,5880,OCT-2014,0,Good
GN,Goldeneye,5880,DEC-2014,2,Good
GN,Goldeneye,5880,JAN-2015,3,Good
GN,Goldeneye,5880,FEB-2015,3,Good
GN,Goldeneye,5880,OCT-2015,0,Good
GN,Goldeneye,5880,DEC-2015,3,Good
GN,Goldeneye,5880,JAN-2016,4,Good
GN,Goldeneye,5880,FEB-2016,1,Good
GN,Goldeneye,5880,OCT-2016,0,Good
GN,Goldeneye,5880,DEC-2016,3,Good
GN,Goldeneye,5880,JAN-2017,1,Good
GN,Goldeneye,5880,FEB-2017,0,Good
GN,Goldeneye,5880,OCT-2017,0,Good
GN,Goldeneye,5880,DEC-2017,0,Good
GN,Goldeneye,5880,JAN-2018,2,Good
GN,Goldeneye,5880,OCT-2018,0,Good
GN,Goldeneye,5880,DEC-2018,5,Good
GN,Goldeneye,5880,JAN-2019,5,Good
GN,Goldeneye,5880,FEB-2019,8,Good
GD,Goosander,5990,OCT-1999,0,Good
GD,Goosander,5990,DEC-1999,0,Good
GD,Goosander,5990,JAN-2000,0,Good
GD,Goosander,5990,FEB-2000,0,Good
GD,Goosander,5990,OCT-2000,0,Good
GD,Goosander,5990,DEC-2000,0,Good
GD,Goosander,5990,JAN-2001,0,Good
GD,Goosander,5990,DEC-2001,0,Good
GD,Goosander,5990,JAN-2002,0,Good
GD,Goosander,5990,FEB-2002,0,Good
GD,Goosander,5990,JAN-2003,0,Good
GD,Goosander,5990,FEB-2003,0,Good
GD,Goosander,5990,OCT-2003,0,Good
GD,Goosander,5990,DEC-2003,0,Good
GD,Goosander,5990,JAN-2004,0,Good
GD,Goosander,5990,FEB-2004,0,Good
GD,Goosander,5990,OCT-2004,0,Good
GD,Goosander,5990,DEC-2004,0,Good
GD,Goosander,5990,JAN-2005,0,Good
GD,Goosander,5990,FEB-2005,0,Good
GD,Goosander,5990,OCT-2005,0,Good
GD,Goosander,5990,DEC-2005,0,Good
GD,Goosander,5990,JAN-2006,0,Good
GD,Goosander,5990,FEB-2006,0,Good
GD,Goosander,5990,OCT-2006,0,Good
GD,Goosander,5990,DEC-2006,0,Good
GD,Goosander,5990,JAN-2007,0,Good
GD,Goosander,5990,FEB-2007,0,Good
GD,Goosander,5990,OCT-2007,0,Good
GD,Goosander,5990,DEC-2007,0,Poor
GD,Goosander,5990,JAN-2008,0,Good
GD,Goosander,5990,FEB-2008,0,Good
GD,Goosander,5990,OCT-2008,0,Good
GD,Goosander,5990,DEC-2008,0,Good
GD,Goosander,5990,JAN-2009,0,Good
GD,Goosander,5990,FEB-2009,0,Good
GD,Goosander,5990,OCT-2009,0,Good
GD,Goosander,5990,JAN-2010,0,Good
GD,Goosander,5990,FEB-2010,0,Good
GD,Goosander,5990,OCT-2010,0,Poor
GD,Goosander,5990,DEC-2010,0,Good
GD,Goosander,5990,JAN-2011,0,Good
GD,Goosander,5990,FEB-2011,0,Good
GD,Goosander,5990,OCT-2011,0,Good
GD,Goosander,5990,DEC-2011,0,Good
GD,Goosander,5990,JAN-2012,0,Good
GD,Goosander,5990,FEB-2012,0,Good
GD,Goosander,5990,OCT-2012,0,Good
GD,Goosander,5990,DEC-2012,0,Good
GD,Goosander,5990,JAN-2013,0,Good
GD,Goosander,5990,FEB-2013,0,Good
GD,Goosander,5990,OCT-2013,0,Good
GD,Goosander,5990,DEC-2013,0,Good
GD,Goosander,5990,JAN-2014,0,Good
GD,Goosander,5990,FEB-2014,0,Good
GD,Goosander,5990,OCT-2014,0,Good
GD,Goosander,5990,DEC-2014,0,Good
GD,Goosander,5990,JAN-2015,0,Good
GD,Goosander,5990,FEB-2015,0,Good
GD,Goosander,5990,OCT-2015,0,Good
GD,Goosander,5990,DEC-2015,0,Good
GD,Goosander,5990,JAN-2016,0,Good
GD,Goosander,5990,FEB-2016,0,Good
GD,Goosander,5990,OCT-2016,0,Good
GD,Goosander,5990,DEC-2016,0,Good
GD,Goosander,5990,JAN-2017,0,Good
GD,Goosander,5990,FEB-2017,0,Good
GD,Goosander,5990,OCT-2017,0,Good
GD,Goosander,5990,DEC-2017,0,Good
GD,Goosander,5990,JAN-2018,0,Good
GD,Goosander,5990,OCT-2018,0,Good
GD,Goosander,5990,DEC-2018,0,Good
GD,Goosander,5990,JAN-2019,0,Good
GD,Goosander,5990,FEB-2019,2,Good
RM,Red-breasted Merganser,6030,OCT-1999,0,Good
RM,Red-breasted Merganser,6030,DEC-1999,0,Good
RM,Red-breasted Merganser,6030,JAN-2000,0,Good
RM,Red-breasted Merganser,6030,FEB-2000,0,Good
RM,Red-breasted Merganser,6030,OCT-2000,0,Good
RM,Red-breasted Merganser,6030,DEC-2000,0,Good
RM,Red-breasted Merganser,6030,JAN-2001,0,Good
RM,Red-breasted Merganser,6030,DEC-2001,0,Good
RM,Red-breasted Merganser,6030,JAN-2002,0,Good
RM,Red-breasted Merganser,6030,FEB-2002,0,Good
RM,Red-breasted Merganser,6030,JAN-2003,0,Good
RM,Red-breasted Merganser,6030,FEB-2003,0,Good
RM,Red-breasted Merganser,6030,OCT-2003,0,Good
RM,Red-breasted Merganser,6030,DEC-2003,0,Good
RM,Red-breasted Merganser,6030,JAN-2004,0,Good
RM,Red-breasted Merganser,6030,FEB-2004,0,Good
RM,Red-breasted Merganser,6030,OCT-2004,0,Good
RM,Red-breasted Merganser,6030,DEC-2004,0,Good
RM,Red-breasted Merganser,6030,JAN-2005,0,Good
RM,Red-breasted Merganser,6030,FEB-2005,1,Good
RM,Red-breasted Merganser,6030,OCT-2005,0,Good
RM,Red-breasted Merganser,6030,DEC-2005,0,Good
RM,Red-breasted Merganser,6030,JAN-2006,0,Good
RM,Red-breasted Merganser,6030,FEB-2006,0,Good
RM,Red-breasted Merganser,6030,OCT-2006,0,Good
RM,Red-breasted Merganser,6030,DEC-2006,0,Good
RM,Red-breasted Merganser,6030,JAN-2007,0,Good
RM,Red-breasted Merganser,6030,FEB-2007,0,Good
RM,Red-breasted Merganser,6030,OCT-2007,0,Good
RM,Red-breasted Merganser,6030,DEC-2007,0,Poor
RM,Red-breasted Merganser,6030,JAN-2008,0,Good
RM,Red-breasted Merganser,6030,FEB-2008,6,Good
RM,Red-breasted Merganser,6030,OCT-2008,0,Good
RM,Red-breasted Merganser,6030,DEC-2008,0,Good
RM,Red-breasted Merganser,6030,JAN-2009,0,Good
RM,Red-breasted Merganser,6030,FEB-2009,7,Good
RM,Red-breasted Merganser,6030,OCT-2009,0,Good
RM,Red-breasted Merganser,6030,JAN-2010,0,Good
RM,Red-breasted Merganser,6030,FEB-2010,0,Good
RM,Red-breasted Merganser,6030,OCT-2010,0,Poor
RM,Red-breasted Merganser,6030,DEC-2010,0,Good
RM,Red-breasted Merganser,6030,JAN-2011,0,Good
RM,Red-breasted Merganser,6030,FEB-2011,1,Good
RM,Red-breasted Merganser,6030,OCT-2011,0,Good
RM,Red-breasted Merganser,6030,DEC-2011,0,Good
RM,Red-breasted Merganser,6030,JAN-2012,2,Good
RM,Red-breasted Merganser,6030,FEB-2012,19,Good
RM,Red-breasted Merganser,6030,OCT-2012,1,Good
RM,Red-breasted Merganser,6030,DEC-2012,5,Good
RM,Red-breasted Merganser,6030,JAN-2013,2,Good
RM,Red-breasted Merganser,6030,FEB-2013,0,Good
RM,Red-breasted Merganser,6030,OCT-2013,0,Good
RM,Red-breasted Merganser,6030,DEC-2013,0,Good
RM,Red-breasted Merganser,6030,JAN-2014,0,Good
RM,Red-breasted Merganser,6030,FEB-2014,0,Good
RM,Red-breasted Merganser,6030,OCT-2014,2,Good
RM,Red-breasted Merganser,6030,DEC-2014,0,Good
RM,Red-breasted Merganser,6030,JAN-2015,0,Good
RM,Red-breasted Merganser,6030,FEB-2015,0,Good
RM,Red-breasted Merganser,6030,OCT-2015,2,Good
RM,Red-breasted Merganser,6030,DEC-2015,42,Good
RM,Red-breasted Merganser,6030,JAN-2016,2,Good
RM,Red-breasted Merganser,6030,FEB-2016,0,Good
RM,Red-breasted Merganser,6030,OCT-2016,0,Good
RM,Red-breasted Merganser,6030,DEC-2016,0,Good
RM,Red-breasted Merganser,6030,JAN-2017,2,Good
RM,Red-breasted Merganser,6030,FEB-2017,0,Good
RM,Red-breasted Merganser,6030,OCT-2017,0,Good
RM,Red-breasted Merganser,6030,DEC-2017,0,Good
RM,Red-breasted Merganser,6030,JAN-2018,0,Good
RM,Red-breasted Merganser,6030,OCT-2018,0,Good
RM,Red-breasted Merganser,6030,DEC-2018,1,Good
RM,Red-breasted Merganser,6030,JAN-2019,7,Good
RM,Red-breasted Merganser,6030,FEB-2019,5,Good
RH,Red-throated Diver,16760,OCT-1999,0,Good
RH,Red-throated Diver,16760,DEC-1999,0,Good
RH,Red-throated Diver,16760,JAN-2000,0,Good
RH,Red-throated Diver,16760,FEB-2000,0,Good
RH,Red-throated Diver,16760,OCT-2000,0,Good
RH,Red-throated Diver,16760,DEC-2000,0,Good
RH,Red-throated Diver,16760,JAN-2001,0,Good
RH,Red-throated Diver,16760,DEC-2001,0,Good
RH,Red-throated Diver,16760,JAN-2002,0,Good
RH,Red-throated Diver,16760,FEB-2002,0,Good
RH,Red-throated Diver,16760,JAN-2003,0,Good
RH,Red-throated Diver,16760,FEB-2003,0,Good
RH,Red-throated Diver,16760,OCT-2003,4,Good
RH,Red-throated Diver,16760,DEC-2003,0,Good
RH,Red-throated Diver,16760,JAN-2004,0,Good
RH,Red-throated Diver,16760,FEB-2004,0,Good
RH,Red-throated Diver,16760,OCT-2004,0,Good
RH,Red-throated Diver,16760,DEC-2004,0,Good
RH,Red-throated Diver,16760,JAN-2005,0,Good
RH,Red-throated Diver,16760,FEB-2005,0,Good
RH,Red-throated Diver,16760,OCT-2005,0,Good
RH,Red-throated Diver,16760,DEC-2005,0,Good
RH,Red-throated Diver,16760,JAN-2006,0,Good
RH,Red-throated Diver,16760,FEB-2006,0,Good
RH,Red-throated Diver,16760,OCT-2006,0,Good
RH,Red-throated Diver,16760,DEC-2006,0,Good
RH,Red-throated Diver,16760,JAN-2007,0,Good
RH,Red-throated Diver,16760,FEB-2007,0,Good
RH,Red-throated Diver,16760,OCT-2007,0,Good
RH,Red-throated Diver,16760,DEC-2007,0,Poor
RH,Red-throated Diver,16760,JAN-2008,0,Good
RH,Red-throated Diver,16760,FEB-2008,0,Good
RH,Red-throated Diver,16760,OCT-2008,0,Good
RH,Red-throated Diver,16760,DEC-2008,0,Good
RH,Red-throated Diver,16760,JAN-2009,0,Good
RH,Red-throated Diver,16760,FEB-2009,0,Good
RH,Red-throated Diver,16760,OCT-2009,0,Good
RH,Red-throated Diver,16760,JAN-2010,1,Good
RH,Red-throated Diver,16760,FEB-2010,0,Good
RH,Red-throated Diver,16760,OCT-2010,0,Poor
RH,Red-throated Diver,16760,DEC-2010,0,Good
RH,Red-throated Diver,16760,JAN-2011,0,Good
RH,Red-throated Diver,16760,FEB-2011,0,Good
RH,Red-throated Diver,16760,OCT-2011,0,Good
RH,Red-throated Diver,16760,DEC-2011,0,Good
RH,Red-throated Diver,16760,JAN-2012,0,Good
RH,Red-throated Diver,16760,FEB-2012,5,Good
RH,Red-throated Diver,16760,OCT-2012,0,Good
RH,Red-throated Diver,16760,DEC-2012,0,Good
RH,Red-throated Diver,16760,JAN-2013,0,Good
RH,Red-throated Diver,16760,FEB-2013,0,Good
RH,Red-throated Diver,16760,OCT-2013,0,Good
RH,Red-throated Diver,16760,DEC-2013,0,Good
RH,Red-throated Diver,16760,JAN-2014,0,Good
RH,Red-throated Diver,16760,FEB-2014,0,Good
RH,Red-throated Diver,16760,OCT-2014,0,Good
RH,Red-throated Diver,16760,DEC-2014,0,Good
RH,Red-throated Diver,16760,JAN-2015,0,Good
RH,Red-throated Diver,16760,FEB-2015,0,Good
RH,Red-throated Diver,16760,OCT-2015,0,Good
RH,Red-throated Diver,16760,DEC-2015,0,Good
RH,Red-throated Diver,16760,JAN-2016,0,Good
RH,Red-throated Diver,16760,FEB-2016,0,Good
RH,Red-throated Diver,16760,OCT-2016,0,Good
RH,Red-throated Diver,16760,DEC-2016,0,Good
RH,Red-throated Diver,16760,JAN-2017,0,Good
RH,Red-throated Diver,16760,FEB-2017,0,Good
RH,Red-throated Diver,16760,OCT-2017,0,Good
RH,Red-throated Diver,16760,DEC-2017,0,Good
RH,Red-throated Diver,16760,JAN-2018,0,Good
RH,Red-throated Diver,16760,OCT-2018,0,Good
RH,Red-throated Diver,16760,DEC-2018,0,Good
RH,Red-throated Diver,16760,JAN-2019,0,Good
RH,Red-throated Diver,16760,FEB-2019,0,Good
BV,Black-throated Diver,16770,OCT-1999,0,Good
BV,Black-throated Diver,16770,DEC-1999,0,Good
BV,Black-throated Diver,16770,JAN-2000,0,Good
BV,Black-throated Diver,16770,FEB-2000,0,Good
BV,Black-throated Diver,16770,OCT-2000,0,Good
BV,Black-throated Diver,16770,DEC-2000,0,Good
BV,Black-throated Diver,16770,JAN-2001,0,Good
BV,Black-throated Diver,16770,DEC-2001,0,Good
BV,Black-throated Diver,16770,JAN-2002,0,Good
BV,Black-throated Diver,16770,FEB-2002,0,Good
BV,Black-throated Diver,16770,JAN-2003,0,Good
BV,Black-throated Diver,16770,FEB-2003,0,Good
BV,Black-throated Diver,16770,OCT-2003,0,Good
BV,Black-throated Diver,16770,DEC-2003,0,Good
BV,Black-throated Diver,16770,JAN-2004,0,Good
BV,Black-throated Diver,16770,FEB-2004,0,Good
BV,Black-throated Diver,16770,OCT-2004,0,Good
BV,Black-throated Diver,16770,DEC-2004,0,Good
BV,Black-throated Diver,16770,JAN-2005,0,Good
BV,Black-throated Diver,16770,FEB-2005,0,Good
BV,Black-throated Diver,16770,OCT-2005,0,Good
BV,Black-throated Diver,16770,DEC-2005,0,Good
BV,Black-throated Diver,16770,JAN-2006,0,Good
BV,Black-throated Diver,16770,FEB-2006,0,Good
BV,Black-throated Diver,16770,OCT-2006,0,Good
BV,Black-throated Diver,16770,DEC-2006,0,Good
BV,Black-throated Diver,16770,JAN-2007,0,Good
BV,Black-throated Diver,16770,FEB-2007,0,Good
BV,Black-throated Diver,16770,OCT-2007,0,Good
BV,Black-throated Diver,16770,DEC-2007,0,Poor
BV,Black-throated Diver,16770,JAN-2008,0,Good
BV,Black-throated Diver,16770,FEB-2008,0,Good
BV,Black-throated Diver,16770,OCT-2008,0,Good
BV,Black-throated Diver,16770,DEC-2008,0,Good
BV,Black-throated Diver,16770,JAN-2009,0,Good
BV,Black-throated Diver,16770,FEB-2009,0,Good
BV,Black-throated Diver,16770,OCT-2009,0,Good
BV,Black-throated Diver,16770,JAN-2010,0,Good
BV,Black-throated Diver,16770,FEB-2010,0,Good
BV,Black-throated Diver,16770,OCT-2010,0,Poor
BV,Black-throated Diver,16770,DEC-2010,0,Good
BV,Black-throated Diver,16770,JAN-2011,0,Good
BV,Black-throated Diver,16770,FEB-2011,0,Good
BV,Black-throated Diver,16770,OCT-2011,0,Good
BV,Black-throated Diver,16770,DEC-2011,0,Good
BV,Black-throated Diver,16770,JAN-2012,0,Good
BV,Black-throated Diver,16770,FEB-2012,1,Good
BV,Black-throated Diver,16770,OCT-2012,0,Good
BV,Black-throated Diver,16770,DEC-2012,0,Good
BV,Black-throated Diver,16770,JAN-2013,0,Good
BV,Black-throated Diver,16770,FEB-2013,0,Good
BV,Black-throated Diver,16770,OCT-2013,0,Good
BV,Black-throated Diver,16770,DEC-2013,0,Good
BV,Black-throated Diver,16770,JAN-2014,0,Good
BV,Black-throated Diver,16770,FEB-2014,0,Good
BV,Black-throated Diver,16770,OCT-2014,0,Good
BV,Black-throated Diver,16770,DEC-2014,0,Good
BV,Black-throated Diver,16770,JAN-2015,0,Good
BV,Black-throated Diver,16770,FEB-2015,0,Good
BV,Black-throated Diver,16770,OCT-2015,0,Good
BV,Black-throated Diver,16770,DEC-2015,0,Good
BV,Black-throated Diver,16770,JAN-2016,0,Good
BV,Black-throated Diver,16770,FEB-2016,0,Good
BV,Black-throated Diver,16770,OCT-2016,0,Good
BV,Black-throated Diver,16770,DEC-2016,0,Good
BV,Black-throated Diver,16770,JAN-2017,0,Good
BV,Black-throated Diver,16770,FEB-2017,0,Good
BV,Black-throated Diver,16770,OCT-2017,0,Good
BV,Black-throated Diver,16770,DEC-2017,0,Good
BV,Black-throated Diver,16770,JAN-2018,0,Good
BV,Black-throated Diver,16770,OCT-2018,0,Good
BV,Black-throated Diver,16770,DEC-2018,0,Good
BV,Black-throated Diver,16770,JAN-2019,0,Good
BV,Black-throated Diver,16770,FEB-2019,0,Good
ND,Great Northern Diver,16810,OCT-1999,0,Good
ND,Great Northern Diver,16810,DEC-1999,0,Good
ND,Great Northern Diver,16810,JAN-2000,0,Good
ND,Great Northern Diver,16810,FEB-2000,0,Good
ND,Great Northern Diver,16810,OCT-2000,0,Good
ND,Great Northern Diver,16810,DEC-2000,0,Good
ND,Great Northern Diver,16810,JAN-2001,0,Good
ND,Great Northern Diver,16810,DEC-2001,0,Good
ND,Great Northern Diver,16810,JAN-2002,0,Good
ND,Great Northern Diver,16810,FEB-2002,1,Good
ND,Great Northern Diver,16810,JAN-2003,0,Good
ND,Great Northern Diver,16810,FEB-2003,0,Good
ND,Great Northern Diver,16810,OCT-2003,0,Good
ND,Great Northern Diver,16810,DEC-2003,0,Good
ND,Great Northern Diver,16810,JAN-2004,0,Good
ND,Great Northern Diver,16810,FEB-2004,0,Good
ND,Great Northern Diver,16810,OCT-2004,0,Good
ND,Great Northern Diver,16810,DEC-2004,3,Good
ND,Great Northern Diver,16810,JAN-2005,0,Good
ND,Great Northern Diver,16810,FEB-2005,0,Good
ND,Great Northern Diver,16810,OCT-2005,0,Good
ND,Great Northern Diver,16810,DEC-2005,0,Good
ND,Great Northern Diver,16810,JAN-2006,0,Good
ND,Great Northern Diver,16810,FEB-2006,0,Good
ND,Great Northern Diver,16810,OCT-2006,0,Good
ND,Great Northern Diver,16810,DEC-2006,0,Good
ND,Great Northern Diver,16810,JAN-2007,0,Good
ND,Great Northern Diver,16810,FEB-2007,0,Good
ND,Great Northern Diver,16810,OCT-2007,0,Good
ND,Great Northern Diver,16810,DEC-2007,0,Poor
ND,Great Northern Diver,16810,JAN-2008,0,Good
ND,Great Northern Diver,16810,FEB-2008,0,Good
ND,Great Northern Diver,16810,OCT-2008,0,Good
ND,Great Northern Diver,16810,DEC-2008,0,Good
ND,Great Northern Diver,16810,JAN-2009,0,Good
ND,Great Northern Diver,16810,FEB-2009,0,Good
ND,Great Northern Diver,16810,OCT-2009,0,Good
ND,Great Northern Diver,16810,JAN-2010,0,Good
ND,Great Northern Diver,16810,FEB-2010,0,Good
ND,Great Northern Diver,16810,OCT-2010,0,Poor
ND,Great Northern Diver,16810,DEC-2010,0,Good
ND,Great Northern Diver,16810,JAN-2011,0,Good
ND,Great Northern Diver,16810,FEB-2011,0,Good
ND,Great Northern Diver,16810,OCT-2011,0,Good
ND,Great Northern Diver,16810,DEC-2011,0,Good
ND,Great Northern Diver,16810,JAN-2012,0,Good
ND,Great Northern Diver,16810,FEB-2012,1,Good
ND,Great Northern Diver,16810,OCT-2012,0,Good
ND,Great Northern Diver,16810,DEC-2012,0,Good
ND,Great Northern Diver,16810,JAN-2013,0,Good
ND,Great Northern Diver,16810,FEB-2013,0,Good
ND,Great Northern Diver,16810,OCT-2013,0,Good
ND,Great Northern Diver,16810,DEC-2013,0,Good
ND,Great Northern Diver,16810,JAN-2014,0,Good
ND,Great Northern Diver,16810,FEB-2014,0,Good
ND,Great Northern Diver,16810,OCT-2014,0,Good
ND,Great Northern Diver,16810,DEC-2014,0,Good
ND,Great Northern Diver,16810,JAN-2015,0,Good
ND,Great Northern Diver,16810,FEB-2015,0,Good
ND,Great Northern Diver,16810,OCT-2015,0,Good
ND,Great Northern Diver,16810,DEC-2015,0,Good
ND,Great Northern Diver,16810,JAN-2016,0,Good
ND,Great Northern Diver,16810,FEB-2016,0,Good
ND,Great Northern Diver,16810,OCT-2016,0,Good
ND,Great Northern Diver,16810,DEC-2016,0,Good
ND,Great Northern Diver,16810,JAN-2017,0,Good
ND,Great Northern Diver,16810,FEB-2017,0,Good
ND,Great Northern Diver,16810,OCT-2017,0,Good
ND,Great Northern Diver,16810,DEC-2017,0,Good
ND,Great Northern Diver,16810,JAN-2018,0,Good
ND,Great Northern Diver,16810,OCT-2018,0,Good
ND,Great Northern Diver,16810,DEC-2018,0,Good
ND,Great Northern Diver,16810,JAN-2019,0,Good
ND,Great Northern Diver,16810,FEB-2019,0,Good
UL,Unidentified diver,16830,OCT-1999,0,Good
UL,Unidentified diver,16830,DEC-1999,0,Good
UL,Unidentified diver,16830,JAN-2000,0,Good
UL,Unidentified diver,16830,FEB-2000,0,Good
UL,Unidentified diver,16830,OCT-2000,0,Good
UL,Unidentified diver,16830,DEC-2000,0,Good
UL,Unidentified diver,16830,JAN-2001,0,Good
UL,Unidentified diver,16830,DEC-2001,0,Good
UL,Unidentified diver,16830,JAN-2002,0,Good
UL,Unidentified diver,16830,FEB-2002,0,Good
UL,Unidentified diver,16830,JAN-2003,0,Good
UL,Unidentified diver,16830,FEB-2003,0,Good
UL,Unidentified diver,16830,OCT-2003,0,Good
UL,Unidentified diver,16830,DEC-2003,0,Good
UL,Unidentified diver,16830,JAN-2004,0,Good
UL,Unidentified diver,16830,FEB-2004,0,Good
UL,Unidentified diver,16830,OCT-2004,0,Good
UL,Unidentified diver,16830,DEC-2004,0,Good
UL,Unidentified diver,16830,JAN-2005,0,Good
UL,Unidentified diver,16830,FEB-2005,0,Good
UL,Unidentified diver,16830,OCT-2005,0,Good
UL,Unidentified diver,16830,DEC-2005,0,Good
UL,Unidentified diver,16830,JAN-2006,0,Good
UL,Unidentified diver,16830,FEB-2006,0,Good
UL,Unidentified diver,16830,OCT-2006,0,Good
UL,Unidentified diver,16830,DEC-2006,0,Good
UL,Unidentified diver,16830,JAN-2007,0,Good
UL,Unidentified diver,16830,FEB-2007,0,Good
UL,Unidentified diver,16830,OCT-2007,0,Good
UL,Unidentified diver,16830,DEC-2007,0,Poor
UL,Unidentified diver,16830,JAN-2008,0,Good
UL,Unidentified diver,16830,FEB-2008,0,Good
UL,Unidentified diver,16830,OCT-2008,0,Good
UL,Unidentified diver,16830,DEC-2008,0,Good
UL,Unidentified diver,16830,JAN-2009,0,Good
UL,Unidentified diver,16830,FEB-2009,0,Good
UL,Unidentified diver,16830,OCT-2009,0,Good
UL,Unidentified diver,16830,JAN-2010,0,Good
UL,Unidentified diver,16830,FEB-2010,0,Good
UL,Unidentified diver,16830,OCT-2010,0,Poor
UL,Unidentified diver,16830,DEC-2010,0,Good
UL,Unidentified diver,16830,JAN-2011,0,Good
UL,Unidentified diver,16830,FEB-2011,0,Good
UL,Unidentified diver,16830,OCT-2011,0,Good
UL,Unidentified diver,16830,DEC-2011,0,Good
UL,Unidentified diver,16830,JAN-2012,0,Good
UL,Unidentified diver,16830,FEB-2012,0,Good
UL,Unidentified diver,16830,OCT-2012,0,Good
UL,Unidentified diver,16830,DEC-2012,0,Good
UL,Unidentified diver,16830,JAN-2013,0,Good
UL,Unidentified diver,16830,FEB-2013,0,Good
UL,Unidentified diver,16830,OCT-2013,0,Good
UL,Unidentified diver,16830,DEC-2013,0,Good
UL,Unidentified diver,16830,JAN-2014,0,Good
UL,Unidentified diver,16830,FEB-2014,0,Good
UL,Unidentified diver,16830,OCT-2014,0,Good
UL,Unidentified diver,16830,DEC-2014,0,Good
UL,Unidentified diver,16830,JAN-2015,0,Good
UL,Unidentified diver,16830,FEB-2015,0,Good
UL,Unidentified diver,16830,OCT-2015,0,Good
UL,Unidentified diver,16830,DEC-2015,0,Good
UL,Unidentified diver,16830,JAN-2016,0,Good
UL,Unidentified diver,16830,FEB-2016,0,Good
UL,Unidentified diver,16830,OCT-2016,0,Good
UL,Unidentified diver,16830,DEC-2016,0,Good
UL,Unidentified diver,16830,JAN-2017,0,Good
UL,Unidentified diver,16830,FEB-2017,0,Good
UL,Unidentified diver,16830,OCT-2017,0,Good
UL,Unidentified diver,16830,DEC-2017,0,Good
UL,Unidentified diver,16830,JAN-2018,0,Good
UL,Unidentified diver,16830,OCT-2018,0,Good
UL,Unidentified diver,16830,DEC-2018,0,Good
UL,Unidentified diver,16830,JAN-2019,0,Good
UL,Unidentified diver,16830,FEB-2019,2,Good
SZ,Slavonian Grebe,20350,OCT-1999,0,Good
SZ,Slavonian Grebe,20350,DEC-1999,0,Good
SZ,Slavonian Grebe,20350,JAN-2000,0,Good
SZ,Slavonian Grebe,20350,FEB-2000,0,Good
SZ,Slavonian Grebe,20350,OCT-2000,0,Good
SZ,Slavonian Grebe,20350,DEC-2000,0,Good
SZ,Slavonian Grebe,20350,JAN-2001,0,Good
SZ,Slavonian Grebe,20350,DEC-2001,0,Good
SZ,Slavonian Grebe,20350,JAN-2002,0,Good
SZ,Slavonian Grebe,20350,FEB-2002,0,Good
SZ,Slavonian Grebe,20350,JAN-2003,0,Good
SZ,Slavonian Grebe,20350,FEB-2003,0,Good
SZ,Slavonian Grebe,20350,OCT-2003,0,Good
SZ,Slavonian Grebe,20350,DEC-2003,0,Good
SZ,Slavonian Grebe,20350,JAN-2004,0,Good
SZ,Slavonian Grebe,20350,FEB-2004,0,Good
SZ,Slavonian Grebe,20350,OCT-2004,0,Good
SZ,Slavonian Grebe,20350,DEC-2004,0,Good
SZ,Slavonian Grebe,20350,JAN-2005,0,Good
SZ,Slavonian Grebe,20350,FEB-2005,0,Good
SZ,Slavonian Grebe,20350,OCT-2005,0,Good
SZ,Slavonian Grebe,20350,DEC-2005,0,Good
SZ,Slavonian Grebe,20350,JAN-2006,0,Good
SZ,Slavonian Grebe,20350,FEB-2006,0,Good
SZ,Slavonian Grebe,20350,OCT-2006,0,Good
SZ,Slavonian Grebe,20350,DEC-2006,0,Good
SZ,Slavonian Grebe,20350,JAN-2007,0,Good
SZ,Slavonian Grebe,20350,FEB-2007,1,Good
SZ,Slavonian Grebe,20350,OCT-2007,0,Good
SZ,Slavonian Grebe,20350,DEC-2007,0,Poor
SZ,Slavonian Grebe,20350,JAN-2008,0,Good
SZ,Slavonian Grebe,20350,FEB-2008,0,Good
SZ,Slavonian Grebe,20350,OCT-2008,0,Good
SZ,Slavonian Grebe,20350,DEC-2008,0,Good
SZ,Slavonian Grebe,20350,JAN-2009,0,Good
SZ,Slavonian Grebe,20350,FEB-2009,0,Good
SZ,Slavonian Grebe,20350,OCT-2009,0,Good
SZ,Slavonian Grebe,20350,JAN-2010,0,Good
SZ,Slavonian Grebe,20350,FEB-2010,2,Good
SZ,Slavonian Grebe,20350,OCT-2010,0,Poor
SZ,Slavonian Grebe,20350,DEC-2010,0,Good
SZ,Slavonian Grebe,20350,JAN-2011,0,Good
SZ,Slavonian Grebe,20350,FEB-2011,0,Good
SZ,Slavonian Grebe,20350,OCT-2011,0,Good
SZ,Slavonian Grebe,20350,DEC-2011,0,Good
SZ,Slavonian Grebe,20350,JAN-2012,0,Good
SZ,Slavonian Grebe,20350,FEB-2012,1,Good
SZ,Slavonian Grebe,20350,OCT-2012,0,Good
SZ,Slavonian Grebe,20350,DEC-2012,0,Good
SZ,Slavonian Grebe,20350,JAN-2013,0,Good
SZ,Slavonian Grebe,20350,FEB-2013,0,Good
SZ,Slavonian Grebe,20350,OCT-2013,0,Good
SZ,Slavonian Grebe,20350,DEC-2013,0,Good
SZ,Slavonian Grebe,20350,JAN-2014,0,Good
SZ,Slavonian Grebe,20350,FEB-2014,0,Good
SZ,Slavonian Grebe,20350,OCT-2014,0,Good
SZ,Slavonian Grebe,20350,DEC-2014,0,Good
SZ,Slavonian Grebe,20350,JAN-2015,0,Good
SZ,Slavonian Grebe,20350,FEB-2015,0,Good
SZ,Slavonian Grebe,20350,OCT-2015,0,Good
SZ,Slavonian Grebe,20350,DEC-2015,0,Good
SZ,Slavonian Grebe,20350,JAN-2016,0,Good
SZ,Slavonian Grebe,20350,FEB-2016,0,Good
SZ,Slavonian Grebe,20350,OCT-2016,0,Good
SZ,Slavonian Grebe,20350,DEC-2016,0,Good
SZ,Slavonian Grebe,20350,JAN-2017,0,Good
SZ,Slavonian Grebe,20350,FEB-2017,0,Good
SZ,Slavonian Grebe,20350,OCT-2017,0,Good
SZ,Slavonian Grebe,20350,DEC-2017,0,Good
SZ,Slavonian Grebe,20350,JAN-2018,0,Good
SZ,Slavonian Grebe,20350,OCT-2018,0,Good
SZ,Slavonian Grebe,20350,DEC-2018,0,Good
SZ,Slavonian Grebe,20350,JAN-2019,0,Good
SZ,Slavonian Grebe,20350,FEB-2019,0,Good
H.,Grey Heron,23270,OCT-1999,0,Good
H.,Grey Heron,23270,DEC-1999,0,Good
H.,Grey Heron,23270,JAN-2000,0,Good
H.,Grey Heron,23270,FEB-2000,0,Good
H.,Grey Heron,23270,OCT-2000,0,Good
H.,Grey Heron,23270,DEC-2000,0,Good
H.,Grey Heron,23270,JAN-2001,0,Good
H.,Grey Heron,23270,DEC-2001,0,Good
H.,Grey Heron,23270,JAN-2002,0,Good
H.,Grey Heron,23270,FEB-2002,1,Good
H.,Grey Heron,23270,JAN-2003,0,Good
H.,Grey Heron,23270,FEB-2003,0,Good
H.,Grey Heron,23270,OCT-2003,7,Good
H.,Grey Heron,23270,DEC-2003,0,Good
H.,Grey Heron,23270,JAN-2004,0,Good
H.,Grey Heron,23270,FEB-2004,0,Good
H.,Grey Heron,23270,OCT-2004,0,Good
H.,Grey Heron,23270,DEC-2004,0,Good
H.,Grey Heron,23270,JAN-2005,0,Good
H.,Grey Heron,23270,FEB-2005,0,Good
H.,Grey Heron,23270,OCT-2005,0,Good
H.,Grey Heron,23270,DEC-2005,0,Good
H.,Grey Heron,23270,JAN-2006,0,Good
H.,Grey Heron,23270,FEB-2006,0,Good
H.,Grey Heron,23270,OCT-2006,0,Good
H.,Grey Heron,23270,DEC-2006,5,Good
H.,Grey Heron,23270,JAN-2007,4,Good
H.,Grey Heron,23270,FEB-2007,0,Good
H.,Grey Heron,23270,OCT-2007,7,Good
H.,Grey Heron,23270,DEC-2007,0,Poor
H.,Grey Heron,23270,JAN-2008,0,Good
H.,Grey Heron,23270,FEB-2008,0,Good
H.,Grey Heron,23270,OCT-2008,0,Good
H.,Grey Heron,23270,DEC-2008,2,Good
H.,Grey Heron,23270,JAN-2009,0,Good
H.,Grey Heron,23270,FEB-2009,0,Good
H.,Grey Heron,23270,OCT-2009,7,Good
H.,Grey Heron,23270,JAN-2010,0,Good
H.,Grey Heron,23270,FEB-2010,0,Good
H.,Grey Heron,23270,OCT-2010,0,Poor
H.,Grey Heron,23270,DEC-2010,7,Good
H.,Grey Heron,23270,JAN-2011,0,Good
H.,Grey Heron,23270,FEB-2011,0,Good
H.,Grey Heron,23270,OCT-2011,0,Good
H.,Grey Heron,23270,DEC-2011,0,Good
H.,Grey Heron,23270,JAN-2012,4,Good
H.,Grey Heron,23270,FEB-2012,0,Good
H.,Grey Heron,23270,OCT-2012,0,Good
H.,Grey Heron,23270,DEC-2012,0,Good
H.,Grey Heron,23270,JAN-2013,0,Good
H.,Grey Heron,23270,FEB-2013,0,Good
H.,Grey Heron,23270,OCT-2013,0,Good
H.,Grey Heron,23270,DEC-2013,0,Good
H.,Grey Heron,23270,JAN-2014,0,Good
H.,Grey Heron,23270,FEB-2014,0,Good
H.,Grey Heron,23270,OCT-2014,0,Good
H.,Grey Heron,23270,DEC-2014,0,Good
H.,Grey Heron,23270,JAN-2015,1,Good
H.,Grey Heron,23270,FEB-2015,0,Good
H.,Grey Heron,23270,OCT-2015,0,Good
H.,Grey Heron,23270,DEC-2015,0,Good
H.,Grey Heron,23270,JAN-2016,0,Good
H.,Grey Heron,23270,FEB-2016,0,Good
H.,Grey Heron,23270,OCT-2016,0,Good
H.,Grey Heron,23270,DEC-2016,0,Good
H.,Grey Heron,23270,JAN-2017,0,Good
H.,Grey Heron,23270,FEB-2017,0,Good
H.,Grey Heron,23270,OCT-2017,3,Good
H.,Grey Heron,23270,DEC-2017,0,Good
H.,Grey Heron,23270,JAN-2018,0,Good
H.,Grey Heron,23270,OCT-2018,0,Good
H.,Grey Heron,23270,DEC-2018,1,Good
H.,Grey Heron,23270,JAN-2019,0,Good
H.,Grey Heron,23270,FEB-2019,1,Good
SA,Shag,24940,OCT-1999,0,Good
SA,Shag,24940,DEC-1999,0,Good
SA,Shag,24940,JAN-2000,0,Good
SA,Shag,24940,FEB-2000,0,Good
SA,Shag,24940,OCT-2000,0,Good
SA,Shag,24940,DEC-2000,0,Good
SA,Shag,24940,JAN-2001,0,Good
SA,Shag,24940,DEC-2001,0,Good
SA,Shag,24940,JAN-2002,0,Good
SA,Shag,24940,FEB-2002,0,Good
SA,Shag,24940,JAN-2003,0,Good
SA,Shag,24940,FEB-2003,0,Good
SA,Shag,24940,OCT-2003,25,Good
SA,Shag,24940,DEC-2003,0,Good
SA,Shag,24940,JAN-2004,0,Good
SA,Shag,24940,FEB-2004,0,Good
SA,Shag,24940,OCT-2004,0,Good
SA,Shag,24940,DEC-2004,0,Good
SA,Shag,24940,JAN-2005,2,Good
SA,Shag,24940,FEB-2005,0,Good
SA,Shag,24940,OCT-2005,0,Good
SA,Shag,24940,DEC-2005,8,Good
SA,Shag,24940,JAN-2006,0,Good
SA,Shag,24940,FEB-2006,3,Good
SA,Shag,24940,OCT-2006,0,Good
SA,Shag,24940,DEC-2006,3,Good
SA,Shag,24940,JAN-2007,0,Good
SA,Shag,24940,FEB-2007,0,Good
SA,Shag,24940,OCT-2007,7,Good
SA,Shag,24940,DEC-2007,14,Poor
SA,Shag,24940,JAN-2008,0,Good
SA,Shag,24940,FEB-2008,1,Good
SA,Shag,24940,OCT-2008,5,Good
SA,Shag,24940,DEC-2008,0,Good
SA,Shag,24940,JAN-2009,0,Good
SA,Shag,24940,FEB-2009,0,Good
SA,Shag,24940,OCT-2009,1,Good
SA,Shag,24940,JAN-2010,0,Good
SA,Shag,24940,FEB-2010,0,Good
SA,Shag,24940,OCT-2010,0,Poor
SA,Shag,24940,DEC-2010,0,Good
SA,Shag,24940,JAN-2011,0,Good
SA,Shag,24940,FEB-2011,1,Good
SA,Shag,24940,OCT-2011,14,Good
SA,Shag,24940,DEC-2011,3,Good
SA,Shag,24940,JAN-2012,4,Good
SA,Shag,24940,FEB-2012,2,Good
SA,Shag,24940,OCT-2012,0,Good
SA,Shag,24940,DEC-2012,0,Good
SA,Shag,24940,JAN-2013,0,Good
SA,Shag,24940,FEB-2013,0,Good
SA,Shag,24940,OCT-2013,1,Good
SA,Shag,24940,DEC-2013,0,Good
SA,Shag,24940,JAN-2014,2,Good
SA,Shag,24940,FEB-2014,0,Good
SA,Shag,24940,OCT-2014,0,Good
SA,Shag,24940,DEC-2014,0,Good
SA,Shag,24940,JAN-2015,0,Good
SA,Shag,24940,FEB-2015,0,Good
SA,Shag,24940,OCT-2015,0,Good
SA,Shag,24940,DEC-2015,0,Good
SA,Shag,24940,JAN-2016,0,Good
SA,Shag,24940,FEB-2016,0,Good
SA,Shag,24940,OCT-2016,0,Good
SA,Shag,24940,DEC-2016,2,Good
SA,Shag,24940,JAN-2017,0,Good
SA,Shag,24940,FEB-2017,0,Good
SA,Shag,24940,OCT-2017,0,Good
SA,Shag,24940,DEC-2017,0,Good
SA,Shag,24940,JAN-2018,0,Good
SA,Shag,24940,OCT-2018,1,Good
SA,Shag,24940,DEC-2018,1,Good
SA,Shag,24940,JAN-2019,0,Good
SA,Shag,24940,FEB-2019,4,Good
CA,Cormorant,25040,OCT-1999,0,Good
CA,Cormorant,25040,DEC-1999,1,Good
CA,Cormorant,25040,JAN-2000,0,Good
CA,Cormorant,25040,FEB-2000,0,Good
CA,Cormorant,25040,OCT-2000,6,Good
CA,Cormorant,25040,DEC-2000,0,Good
CA,Cormorant,25040,JAN-2001,0,Good
CA,Cormorant,25040,DEC-2001,0,Good
CA,Cormorant,25040,JAN-2002,0,Good
CA,Cormorant,25040,FEB-2002,5,Good
CA,Cormorant,25040,JAN-2003,0,Good
CA,Cormorant,25040,FEB-2003,0,Good
CA,Cormorant,25040,OCT-2003,0,Good
CA,Cormorant,25040,DEC-2003,0,Good
CA,Cormorant,25040,JAN-2004,0,Good
CA,Cormorant,25040,FEB-2004,3,Good
CA,Cormorant,25040,OCT-2004,0,Good
CA,Cormorant,25040,DEC-2004,3,Good
CA,Cormorant,25040,JAN-2005,9,Good
CA,Cormorant,25040,FEB-2005,1,Good
CA,Cormorant,25040,OCT-2005,0,Good
CA,Cormorant,25040,DEC-2005,0,Good
CA,Cormorant,25040,JAN-2006,0,Good
CA,Cormorant,25040,FEB-2006,2,Good
CA,Cormorant,25040,OCT-2006,0,Good
CA,Cormorant,25040,DEC-2006,6,Good
CA,Cormorant,25040,JAN-2007,0,Good
CA,Cormorant,25040,FEB-2007,2,Good
CA,Cormorant,25040,OCT-2007,9,Good
CA,Cormorant,25040,DEC-2007,1,Poor
CA,Cormorant,25040,JAN-2008,0,Good
CA,Cormorant,25040,FEB-2008,3,Good
CA,Cormorant,25040,OCT-2008,3,Good
CA,Cormorant,25040,DEC-2008,2,Good
CA,Cormorant,25040,JAN-2009,2,Good
CA,Cormorant,25040,FEB-2009,4,Good
CA,Cormorant,25040,OCT-2009,1,Good
CA,Cormorant,25040,JAN-2010,1,Good
CA,Cormorant,25040,FEB-2010,1,Good
CA,Cormorant,25040,OCT-2010,0,Poor
CA,Cormorant,25040,DEC-2010,2,Good
CA,Cormorant,25040,JAN-2011,0,Good
CA,Cormorant,25040,FEB-2011,1,Good
CA,Cormorant,25040,OCT-2011,0,Good
CA,Cormorant,25040,DEC-2011,0,Good
CA,Cormorant,25040,JAN-2012,3,Good
CA,Cormorant,25040,FEB-2012,4,Good
CA,Cormorant,25040,OCT-2012,2,Good
CA,Cormorant,25040,DEC-2012,2,Good
CA,Cormorant,25040,JAN-2013,0,Good
CA,Cormorant,25040,FEB-2013,1,Good
CA,Cormorant,25040,OCT-2013,1,Good
CA,Cormorant,25040,DEC-2013,0,Good
CA,Cormorant,25040,JAN-2014,1,Good
CA,Cormorant,25040,FEB-2014,0,Good
CA,Cormorant,25040,OCT-2014,0,Good
CA,Cormorant,25040,DEC-2014,0,Good
CA,Cormorant,25040,JAN-2015,7,Good
CA,Cormorant,25040,FEB-2015,4,Good
CA,Cormorant,25040,OCT-2015,1,Good
CA,Cormorant,25040,DEC-2015,0,Good
CA,Cormorant,25040,JAN-2016,0,Good
CA,Cormorant,25040,FEB-2016,0,Good
CA,Cormorant,25040,OCT-2016,2,Good
CA,Cormorant,25040,DEC-2016,1,Good
CA,Cormorant,25040,JAN-2017,2,Good
CA,Cormorant,25040,FEB-2017,0,Good
CA,Cormorant,25040,OCT-2017,7,Good
CA,Cormorant,25040,DEC-2017,3,Good
CA,Cormorant,25040,JAN-2018,9,Good
CA,Cormorant,25040,OCT-2018,2,Good
CA,Cormorant,25040,DEC-2018,3,Good
CA,Cormorant,25040,JAN-2019,2,Good
CA,Cormorant,25040,FEB-2019,3,Good
OC,Oystercatcher,39840,OCT-1999,10,Good
OC,Oystercatcher,39840,DEC-1999,24,Good
OC,Oystercatcher,39840,JAN-2000,0,Good
OC,Oystercatcher,39840,FEB-2000,21,Good
OC,Oystercatcher,39840,OCT-2000,38,Good
OC,Oystercatcher,39840,DEC-2000,22,Good
OC,Oystercatcher,39840,JAN-2001,51,Good
OC,Oystercatcher,39840,FEB-2001,85,Good
OC,Oystercatcher,39840,OCT-2001,3,Good
OC,Oystercatcher,39840,DEC-2001,29,Good
OC,Oystercatcher,39840,JAN-2002,30,Good
OC,Oystercatcher,39840,FEB-2002,33,Good
OC,Oystercatcher,39840,OCT-2002,5,Good
OC,Oystercatcher,39840,DEC-2002,0,Good
OC,Oystercatcher,39840,JAN-2003,26,Good
OC,Oystercatcher,39840,FEB-2003,65,Good
OC,Oystercatcher,39840,OCT-2003,0,Good
OC,Oystercatcher,39840,DEC-2003,5,Good
OC,Oystercatcher,39840,JAN-2004,17,Good
OC,Oystercatcher,39840,FEB-2004,49,Good
OC,Oystercatcher,39840,OCT-2004,0,Good
OC,Oystercatcher,39840,DEC-2004,16,Good
OC,Oystercatcher,39840,JAN-2005,25,Good
OC,Oystercatcher,39840,FEB-2005,6,Good
OC,Oystercatcher,39840,OCT-2005,10,Good
OC,Oystercatcher,39840,DEC-2005,21,Good
OC,Oystercatcher,39840,JAN-2006,30,Good
OC,Oystercatcher,39840,FEB-2006,47,Good
OC,Oystercatcher,39840,OCT-2006,13,Good
OC,Oystercatcher,39840,DEC-2006,13,Good
OC,Oystercatcher,39840,JAN-2007,20,Good
OC,Oystercatcher,39840,FEB-2007,56,Good
OC,Oystercatcher,39840,OCT-2007,14,Good
OC,Oystercatcher,39840,DEC-2007,20,Poor
OC,Oystercatcher,39840,JAN-2008,36,Good
OC,Oystercatcher,39840,FEB-2008,56,Good
OC,Oystercatcher,39840,OCT-2008,17,Good
OC,Oystercatcher,39840,DEC-2008,23,Good
OC,Oystercatcher,39840,JAN-2009,15,Good
OC,Oystercatcher,39840,FEB-2009,35,Good
OC,Oystercatcher,39840,OCT-2009,18,Good
OC,Oystercatcher,39840,JAN-2010,50,Good
OC,Oystercatcher,39840,FEB-2010,38,Good
OC,Oystercatcher,39840,OCT-2010,2,Poor
OC,Oystercatcher,39840,DEC-2010,23,Good
OC,Oystercatcher,39840,JAN-2011,20,Good
OC,Oystercatcher,39840,FEB-2011,11,Good
OC,Oystercatcher,39840,OCT-2011,0,Good
OC,Oystercatcher,39840,DEC-2011,27,Good
OC,Oystercatcher,39840,JAN-2012,23,Good
OC,Oystercatcher,39840,FEB-2012,14,Good
OC,Oystercatcher,39840,OCT-2012,22,Good
OC,Oystercatcher,39840,DEC-2012,0,Good
OC,Oystercatcher,39840,JAN-2013,0,Good
OC,Oystercatcher,39840,FEB-2013,47,Good
OC,Oystercatcher,39840,OCT-2013,0,Good
OC,Oystercatcher,39840,DEC-2013,27,Good
OC,Oystercatcher,39840,JAN-2014,0,Good
OC,Oystercatcher,39840,FEB-2014,31,Good
OC,Oystercatcher,39840,OCT-2014,1,Good
OC,Oystercatcher,39840,DEC-2014,16,Good
OC,Oystercatcher,39840,JAN-2015,23,Good
OC,Oystercatcher,39840,FEB-2015,27,Good
OC,Oystercatcher,39840,OCT-2015,4,Good
OC,Oystercatcher,39840,DEC-2015,0,Good
OC,Oystercatcher,39840,JAN-2016,16,Good
OC,Oystercatcher,39840,FEB-2016,26,Good
OC,Oystercatcher,39840,OCT-2016,0,Good
OC,Oystercatcher,39840,DEC-2016,0,Good
OC,Oystercatcher,39840,JAN-2017,18,Good
OC,Oystercatcher,39840,FEB-2017,35,Good
OC,Oystercatcher,39840,OCT-2017,6,Good
OC,Oystercatcher,39840,DEC-2017,3,Good
OC,Oystercatcher,39840,JAN-2018,29,Good
OC,Oystercatcher,39840,OCT-2018,2,Good
OC,Oystercatcher,39840,DEC-2018,0,Good
OC,Oystercatcher,39840,JAN-2019,0,Good
OC,Oystercatcher,39840,FEB-2019,23,Good
L.,Lapwing,40200,OCT-1999,0,Good
L.,Lapwing,40200,DEC-1999,0,Good
L.,Lapwing,40200,JAN-2000,0,Good
L.,Lapwing,40200,FEB-2000,0,Good
L.,Lapwing,40200,OCT-2000,0,Good
L.,Lapwing,40200,DEC-2000,0,Good
L.,Lapwing,40200,JAN-2001,0,Good
L.,Lapwing,40200,FEB-2001,0,Good
L.,Lapwing,40200,OCT-2001,0,Good
L.,Lapwing,40200,DEC-2001,0,Good
L.,Lapwing,40200,JAN-2002,0,Good
L.,Lapwing,40200,FEB-2002,0,Good
L.,Lapwing,40200,OCT-2002,0,Good
L.,Lapwing,40200,DEC-2002,0,Good
L.,Lapwing,40200,JAN-2003,0,Good
L.,Lapwing,40200,FEB-2003,0,Good
L.,Lapwing,40200,OCT-2003,0,Good
L.,Lapwing,40200,DEC-2003,0,Good
L.,Lapwing,40200,JAN-2004,0,Good
L.,Lapwing,40200,FEB-2004,0,Good
L.,Lapwing,40200,OCT-2004,0,Good
L.,Lapwing,40200,DEC-2004,0,Good
L.,Lapwing,40200,JAN-2005,0,Good
L.,Lapwing,40200,FEB-2005,0,Good
L.,Lapwing,40200,OCT-2005,0,Good
L.,Lapwing,40200,DEC-2005,0,Good
L.,Lapwing,40200,JAN-2006,0,Good
L.,Lapwing,40200,FEB-2006,0,Good
L.,Lapwing,40200,OCT-2006,0,Good
L.,Lapwing,40200,DEC-2006,0,Good
L.,Lapwing,40200,JAN-2007,0,Good
L.,Lapwing,40200,FEB-2007,0,Good
L.,Lapwing,40200,OCT-2007,0,Good
L.,Lapwing,40200,DEC-2007,0,Poor
L.,Lapwing,40200,JAN-2008,0,Good
L.,Lapwing,40200,FEB-2008,0,Good
L.,Lapwing,40200,OCT-2008,0,Good
L.,Lapwing,40200,DEC-2008,0,Good
L.,Lapwing,40200,JAN-2009,0,Good
L.,Lapwing,40200,FEB-2009,0,Good
L.,Lapwing,40200,OCT-2009,0,Good
L.,Lapwing,40200,JAN-2010,0,Good
L.,Lapwing,40200,FEB-2010,0,Good
L.,Lapwing,40200,OCT-2010,0,Poor
L.,Lapwing,40200,DEC-2010,4,Good
L.,Lapwing,40200,JAN-2011,0,Good
L.,Lapwing,40200,FEB-2011,0,Good
L.,Lapwing,40200,OCT-2011,0,Good
L.,Lapwing,40200,DEC-2011,0,Good
L.,Lapwing,40200,JAN-2012,0,Good
L.,Lapwing,40200,FEB-2012,0,Good
L.,Lapwing,40200,OCT-2012,0,Good
L.,Lapwing,40200,DEC-2012,0,Good
L.,Lapwing,40200,JAN-2013,0,Good
L.,Lapwing,40200,FEB-2013,0,Good
L.,Lapwing,40200,OCT-2013,0,Good
L.,Lapwing,40200,DEC-2013,0,Good
L.,Lapwing,40200,JAN-2014,0,Good
L.,Lapwing,40200,FEB-2014,0,Good
L.,Lapwing,40200,OCT-2014,0,Good
L.,Lapwing,40200,DEC-2014,0,Good
L.,Lapwing,40200,JAN-2015,0,Good
L.,Lapwing,40200,FEB-2015,0,Good
L.,Lapwing,40200,OCT-2015,0,Good
L.,Lapwing,40200,DEC-2015,0,Good
L.,Lapwing,40200,JAN-2016,0,Good
L.,Lapwing,40200,FEB-2016,0,Good
L.,Lapwing,40200,OCT-2016,0,Good
L.,Lapwing,40200,DEC-2016,0,Good
L.,Lapwing,40200,JAN-2017,0,Good
L.,Lapwing,40200,FEB-2017,0,Good
L.,Lapwing,40200,OCT-2017,0,Good
L.,Lapwing,40200,DEC-2017,0,Good
L.,Lapwing,40200,JAN-2018,0,Good
L.,Lapwing,40200,OCT-2018,0,Good
L.,Lapwing,40200,DEC-2018,0,Good
L.,Lapwing,40200,JAN-2019,0,Good
L.,Lapwing,40200,FEB-2019,0,Good
GP,Golden Plover,40710,OCT-1999,7,Good
GP,Golden Plover,40710,DEC-1999,0,Good
GP,Golden Plover,40710,JAN-2000,0,Good
GP,Golden Plover,40710,FEB-2000,0,Good
GP,Golden Plover,40710,OCT-2000,0,Good
GP,Golden Plover,40710,DEC-2000,0,Good
GP,Golden Plover,40710,JAN-2001,0,Good
GP,Golden Plover,40710,FEB-2001,0,Good
GP,Golden Plover,40710,OCT-2001,0,Good
GP,Golden Plover,40710,DEC-2001,0,Good
GP,Golden Plover,40710,JAN-2002,0,Good
GP,Golden Plover,40710,FEB-2002,0,Good
GP,Golden Plover,40710,OCT-2002,0,Good
GP,Golden Plover,40710,DEC-2002,0,Good
GP,Golden Plover,40710,JAN-2003,0,Good
GP,Golden Plover,40710,FEB-2003,0,Good
GP,Golden Plover,40710,OCT-2003,0,Good
GP,Golden Plover,40710,DEC-2003,0,Good
GP,Golden Plover,40710,JAN-2004,0,Good
GP,Golden Plover,40710,FEB-2004,0,Good
GP,Golden Plover,40710,OCT-2004,0,Good
GP,Golden Plover,40710,DEC-2004,0,Good
GP,Golden Plover,40710,JAN-2005,0,Good
GP,Golden Plover,40710,FEB-2005,0,Good
GP,Golden Plover,40710,OCT-2005,0,Good
GP,Golden Plover,40710,DEC-2005,0,Good
GP,Golden Plover,40710,JAN-2006,0,Good
GP,Golden Plover,40710,FEB-2006,0,Good
GP,Golden Plover,40710,OCT-2006,0,Good
GP,Golden Plover,40710,DEC-2006,0,Good
GP,Golden Plover,40710,JAN-2007,0,Good
GP,Golden Plover,40710,FEB-2007,0,Good
GP,Golden Plover,40710,OCT-2007,0,Good
GP,Golden Plover,40710,DEC-2007,0,Poor
GP,Golden Plover,40710,JAN-2008,0,Good
GP,Golden Plover,40710,FEB-2008,0,Good
GP,Golden Plover,40710,OCT-2008,0,Good
GP,Golden Plover,40710,DEC-2008,0,Good
GP,Golden Plover,40710,JAN-2009,0,Good
GP,Golden Plover,40710,FEB-2009,0,Good
GP,Golden Plover,40710,OCT-2009,0,Good
GP,Golden Plover,40710,JAN-2010,0,Good
GP,Golden Plover,40710,FEB-2010,0,Good
GP,Golden Plover,40710,OCT-2010,0,Poor
GP,Golden Plover,40710,DEC-2010,0,Good
GP,Golden Plover,40710,JAN-2011,0,Good
GP,Golden Plover,40710,FEB-2011,0,Good
GP,Golden Plover,40710,OCT-2011,0,Good
GP,Golden Plover,40710,DEC-2011,0,Good
GP,Golden Plover,40710,JAN-2012,0,Good
GP,Golden Plover,40710,FEB-2012,0,Good
GP,Golden Plover,40710,OCT-2012,0,Good
GP,Golden Plover,40710,DEC-2012,0,Good
GP,Golden Plover,40710,JAN-2013,0,Good
GP,Golden Plover,40710,FEB-2013,0,Good
GP,Golden Plover,40710,OCT-2013,0,Good
GP,Golden Plover,40710,DEC-2013,0,Good
GP,Golden Plover,40710,JAN-2014,0,Good
GP,Golden Plover,40710,FEB-2014,0,Good
GP,Golden Plover,40710,OCT-2014,0,Good
GP,Golden Plover,40710,DEC-2014,0,Good
GP,Golden Plover,40710,JAN-2015,0,Good
GP,Golden Plover,40710,FEB-2015,0,Good
GP,Golden Plover,40710,OCT-2015,0,Good
GP,Golden Plover,40710,DEC-2015,0,Good
GP,Golden Plover,40710,JAN-2016,0,Good
GP,Golden Plover,40710,FEB-2016,0,Good
GP,Golden Plover,40710,OCT-2016,0,Good
GP,Golden Plover,40710,DEC-2016,0,Good
GP,Golden Plover,40710,JAN-2017,0,Good
GP,Golden Plover,40710,FEB-2017,0,Good
GP,Golden Plover,40710,OCT-2017,0,Good
GP,Golden Plover,40710,DEC-2017,0,Good
GP,Golden Plover,40710,JAN-2018,0,Good
GP,Golden Plover,40710,OCT-2018,0,Good
GP,Golden Plover,40710,DEC-2018,0,Good
GP,Golden Plover,40710,JAN-2019,0,Good
GP,Golden Plover,40710,FEB-2019,0,Good
GV,Grey Plover,40750,OCT-1999,0,Good
GV,Grey Plover,40750,DEC-1999,0,Good
GV,Grey Plover,40750,JAN-2000,0,Good
GV,Grey Plover,40750,FEB-2000,0,Good
GV,Grey Plover,40750,OCT-2000,0,Good
GV,Grey Plover,40750,DEC-2000,0,Good
GV,Grey Plover,40750,JAN-2001,0,Good
GV,Grey Plover,40750,FEB-2001,0,Good
GV,Grey Plover,40750,OCT-2001,0,Good
GV,Grey Plover,40750,DEC-2001,0,Good
GV,Grey Plover,40750,JAN-2002,0,Good
GV,Grey Plover,40750,FEB-2002,0,Good
GV,Grey Plover,40750,OCT-2002,0,Good
GV,Grey Plover,40750,DEC-2002,0,Good
GV,Grey Plover,40750,JAN-2003,0,Good
GV,Grey Plover,40750,FEB-2003,0,Good
GV,Grey Plover,40750,OCT-2003,0,Good
GV,Grey Plover,40750,DEC-2003,0,Good
GV,Grey Plover,40750,JAN-2004,0,Good
GV,Grey Plover,40750,FEB-2004,0,Good
GV,Grey Plover,40750,OCT-2004,0,Good
GV,Grey Plover,40750,DEC-2004,0,Good
GV,Grey Plover,40750,JAN-2005,0,Good
GV,Grey Plover,40750,FEB-2005,0,Good
GV,Grey Plover,40750,OCT-2005,0,Good
GV,Grey Plover,40750,DEC-2005,0,Good
GV,Grey Plover,40750,JAN-2006,0,Good
GV,Grey Plover,40750,FEB-2006,0,Good
GV,Grey Plover,40750,OCT-2006,0,Good
GV,Grey Plover,40750,DEC-2006,0,Good
GV,Grey Plover,40750,JAN-2007,0,Good
GV,Grey Plover,40750,FEB-2007,0,Good
GV,Grey Plover,40750,OCT-2007,0,Good
GV,Grey Plover,40750,DEC-2007,0,Poor
GV,Grey Plover,40750,JAN-2008,0,Good
GV,Grey Plover,40750,FEB-2008,0,Good
GV,Grey Plover,40750,OCT-2008,0,Good
GV,Grey Plover,40750,DEC-2008,0,Good
GV,Grey Plover,40750,JAN-2009,0,Good
GV,Grey Plover,40750,FEB-2009,0,Good
GV,Grey Plover,40750,OCT-2009,0,Good
GV,Grey Plover,40750,JAN-2010,0,Good
GV,Grey Plover,40750,FEB-2010,0,Good
GV,Grey Plover,40750,OCT-2010,0,Poor
GV,Grey Plover,40750,DEC-2010,0,Good
GV,Grey Plover,40750,JAN-2011,0,Good
GV,Grey Plover,40750,FEB-2011,0,Good
GV,Grey Plover,40750,OCT-2011,0,Good
GV,Grey Plover,40750,DEC-2011,0,Good
GV,Grey Plover,40750,JAN-2012,0,Good
GV,Grey Plover,40750,FEB-2012,0,Good
GV,Grey Plover,40750,OCT-2012,0,Good
GV,Grey Plover,40750,DEC-2012,0,Good
GV,Grey Plover,40750,JAN-2013,0,Good
GV,Grey Plover,40750,FEB-2013,0,Good
GV,Grey Plover,40750,OCT-2013,0,Good
GV,Grey Plover,40750,DEC-2013,0,Good
GV,Grey Plover,40750,JAN-2014,0,Good
GV,Grey Plover,40750,FEB-2014,0,Good
GV,Grey Plover,40750,OCT-2014,0,Good
GV,Grey Plover,40750,DEC-2014,0,Good
GV,Grey Plover,40750,JAN-2015,0,Good
GV,Grey Plover,40750,FEB-2015,0,Good
GV,Grey Plover,40750,OCT-2015,0,Good
GV,Grey Plover,40750,DEC-2015,0,Good
GV,Grey Plover,40750,JAN-2016,0,Good
GV,Grey Plover,40750,FEB-2016,0,Good
GV,Grey Plover,40750,OCT-2016,0,Good
GV,Grey Plover,40750,DEC-2016,0,Good
GV,Grey Plover,40750,JAN-2017,0,Good
GV,Grey Plover,40750,FEB-2017,0,Good
GV,Grey Plover,40750,OCT-2017,0,Good
GV,Grey Plover,40750,DEC-2017,0,Good
GV,Grey Plover,40750,JAN-2018,0,Good
GV,Grey Plover,40750,OCT-2018,0,Good
GV,Grey Plover,40750,DEC-2018,0,Good
GV,Grey Plover,40750,JAN-2019,0,Good
GV,Grey Plover,40750,FEB-2019,0,Good
RP,Ringed Plover,40830,OCT-1999,8,Good
RP,Ringed Plover,40830,DEC-1999,59,Good
RP,Ringed Plover,40830,JAN-2000,32,Good
RP,Ringed Plover,40830,FEB-2000,1,Good
RP,Ringed Plover,40830,OCT-2000,52,Good
RP,Ringed Plover,40830,DEC-2000,0,Good
RP,Ringed Plover,40830,JAN-2001,67,Good
RP,Ringed Plover,40830,FEB-2001,26,Good
RP,Ringed Plover,40830,OCT-2001,0,Good
RP,Ringed Plover,40830,DEC-2001,65,Good
RP,Ringed Plover,40830,JAN-2002,38,Good
RP,Ringed Plover,40830,FEB-2002,49,Good
RP,Ringed Plover,40830,OCT-2002,18,Good
RP,Ringed Plover,40830,DEC-2002,5,Good
RP,Ringed Plover,40830,JAN-2003,50,Good
RP,Ringed Plover,40830,FEB-2003,51,Good
RP,Ringed Plover,40830,OCT-2003,3,Good
RP,Ringed Plover,40830,DEC-2003,13,Good
RP,Ringed Plover,40830,JAN-2004,19,Good
RP,Ringed Plover,40830,FEB-2004,22,Good
RP,Ringed Plover,40830,OCT-2004,0,Good
RP,Ringed Plover,40830,DEC-2004,26,Good
RP,Ringed Plover,40830,JAN-2005,36,Good
RP,Ringed Plover,40830,FEB-2005,32,Good
RP,Ringed Plover,40830,OCT-2005,0,Good
RP,Ringed Plover,40830,DEC-2005,33,Good
RP,Ringed Plover,40830,JAN-2006,26,Good
RP,Ringed Plover,40830,FEB-2006,35,Good
RP,Ringed Plover,40830,OCT-2006,11,Good
RP,Ringed Plover,40830,DEC-2006,20,Good
RP,Ringed Plover,40830,JAN-2007,29,Good
RP,Ringed Plover,40830,FEB-2007,16,Good
RP,Ringed Plover,40830,OCT-2007,18,Good
RP,Ringed Plover,40830,DEC-2007,25,Poor
RP,Ringed Plover,40830,JAN-2008,34,Good
RP,Ringed Plover,40830,FEB-2008,18,Good
RP,Ringed Plover,40830,OCT-2008,50,Good
RP,Ringed Plover,40830,DEC-2008,20,Good
RP,Ringed Plover,40830,JAN-2009,5,Good
RP,Ringed Plover,40830,FEB-2009,2,Good
RP,Ringed Plover,40830,OCT-2009,0,Good
RP,Ringed Plover,40830,JAN-2010,0,Good
RP,Ringed Plover,40830,FEB-2010,26,Good
RP,Ringed Plover,40830,OCT-2010,40,Poor
RP,Ringed Plover,40830,DEC-2010,11,Good
RP,Ringed Plover,40830,JAN-2011,2,Good
RP,Ringed Plover,40830,FEB-2011,3,Good
RP,Ringed Plover,40830,OCT-2011,6,Good
RP,Ringed Plover,40830,DEC-2011,0,Good
RP,Ringed Plover,40830,JAN-2012,2,Good
RP,Ringed Plover,40830,FEB-2012,0,Good
RP,Ringed Plover,40830,OCT-2012,0,Good
RP,Ringed Plover,40830,DEC-2012,0,Good
RP,Ringed Plover,40830,JAN-2013,0,Good
RP,Ringed Plover,40830,FEB-2013,0,Good
RP,Ringed Plover,40830,OCT-2013,0,Good
RP,Ringed Plover,40830,DEC-2013,4,Good
RP,Ringed Plover,40830,JAN-2014,0,Good
RP,Ringed Plover,40830,FEB-2014,0,Good
RP,Ringed Plover,40830,OCT-2014,0,Good
RP,Ringed Plover,40830,DEC-2014,0,Good
RP,Ringed Plover,40830,JAN-2015,1,Good
RP,Ringed Plover,40830,FEB-2015,0,Good
RP,Ringed Plover,40830,OCT-2015,0,Good
RP,Ringed Plover,40830,DEC-2015,17,Good
RP,Ringed Plover,40830,JAN-2016,0,Good
RP,Ringed Plover,40830,FEB-2016,5,Good
RP,Ringed Plover,40830,OCT-2016,1,Good
RP,Ringed Plover,40830,DEC-2016,36,Good
RP,Ringed Plover,40830,JAN-2017,15,Good
RP,Ringed Plover,40830,FEB-2017,6,Good
RP,Ringed Plover,40830,OCT-2017,2,Good
RP,Ringed Plover,40830,DEC-2017,0,Good
RP,Ringed Plover,40830,JAN-2018,6,Good
RP,Ringed Plover,40830,OCT-2018,1,Good
RP,Ringed Plover,40830,DEC-2018,7,Good
RP,Ringed Plover,40830,JAN-2019,23,Good
RP,Ringed Plover,40830,FEB-2019,0,Good
CU,Curlew,42320,OCT-1999,8,Good
CU,Curlew,42320,DEC-1999,12,Good
CU,Curlew,42320,JAN-2000,0,Good
CU,Curlew,42320,FEB-2000,1,Good
CU,Curlew,42320,OCT-2000,1,Good
CU,Curlew,42320,DEC-2000,0,Good
CU,Curlew,42320,JAN-2001,30,Good
CU,Curlew,42320,FEB-2001,17,Good
CU,Curlew,42320,OCT-2001,0,Good
CU,Curlew,42320,DEC-2001,4,Good
CU,Curlew,42320,JAN-2002,5,Good
CU,Curlew,42320,FEB-2002,0,Good
CU,Curlew,42320,OCT-2002,23,Good
CU,Curlew,42320,DEC-2002,0,Good
CU,Curlew,42320,JAN-2003,7,Good
CU,Curlew,42320,FEB-2003,15,Good
CU,Curlew,42320,OCT-2003,2,Good
CU,Curlew,42320,DEC-2003,5,Good
CU,Curlew,42320,JAN-2004,0,Good
CU,Curlew,42320,FEB-2004,11,Good
CU,Curlew,42320,OCT-2004,2,Good
CU,Curlew,42320,DEC-2004,11,Good
CU,Curlew,42320,JAN-2005,18,Good
CU,Curlew,42320,FEB-2005,13,Good
CU,Curlew,42320,OCT-2005,2,Good
CU,Curlew,42320,DEC-2005,5,Good
CU,Curlew,42320,JAN-2006,18,Good
CU,Curlew,42320,FEB-2006,14,Good
CU,Curlew,42320,OCT-2006,2,Good
CU,Curlew,42320,DEC-2006,10,Good
CU,Curlew,42320,JAN-2007,8,Good
CU,Curlew,42320,FEB-2007,13,Good
CU,Curlew,42320,OCT-2007,23,Good
CU,Curlew,42320,DEC-2007,10,Poor
CU,Curlew,42320,JAN-2008,14,Good
CU,Curlew,42320,FEB-2008,24,Good
CU,Curlew,42320,OCT-2008,21,Good
CU,Curlew,42320,DEC-2008,11,Good
CU,Curlew,42320,JAN-2009,0,Good
CU,Curlew,42320,FEB-2009,15,Good
CU,Curlew,42320,OCT-2009,3,Good
CU,Curlew,42320,JAN-2010,14,Good
CU,Curlew,42320,FEB-2010,14,Good
CU,Curlew,42320,OCT-2010,0,Poor
CU,Curlew,42320,DEC-2010,21,Good
CU,Curlew,42320,JAN-2011,4,Good
CU,Curlew,42320,FEB-2011,0,Good
CU,Curlew,42320,OCT-2011,0,Good
CU,Curlew,42320,DEC-2011,0,Good
CU,Curlew,42320,JAN-2012,0,Good
CU,Curlew,42320,FEB-2012,9,Good
CU,Curlew,42320,OCT-2012,0,Good
CU,Curlew,42320,DEC-2012,0,Good
CU,Curlew,42320,JAN-2013,0,Good
CU,Curlew,42320,FEB-2013,1,Good
CU,Curlew,42320,OCT-2013,0,Good
CU,Curlew,42320,DEC-2013,0,Good
CU,Curlew,42320,JAN-2014,0,Good
CU,Curlew,42320,FEB-2014,0,Good
CU,Curlew,42320,OCT-2014,0,Good
CU,Curlew,42320,DEC-2014,10,Good
CU,Curlew,42320,JAN-2015,8,Good
CU,Curlew,42320,FEB-2015,12,Good
CU,Curlew,42320,OCT-2015,9,Good
CU,Curlew,42320,DEC-2015,0,Good
CU,Curlew,42320,JAN-2016,0,Good
CU,Curlew,42320,FEB-2016,0,Good
CU,Curlew,42320,OCT-2016,0,Good
CU,Curlew,42320,DEC-2016,0,Good
CU,Curlew,42320,JAN-2017,8,Good
CU,Curlew,42320,FEB-2017,0,Good
CU,Curlew,42320,OCT-2017,8,Good
CU,Curlew,42320,DEC-2017,0,Good
CU,Curlew,42320,JAN-2018,18,Good
CU,Curlew,42320,OCT-2018,0,Good
CU,Curlew,42320,DEC-2018,0,Good
CU,Curlew,42320,JAN-2019,0,Good
CU,Curlew,42320,FEB-2019,5,Good
BA,Bar-tailed Godwit,42370,OCT-1999,1,Good
BA,Bar-tailed Godwit,42370,DEC-1999,0,Good
BA,Bar-tailed Godwit,42370,JAN-2000,0,Good
BA,Bar-tailed Godwit,42370,FEB-2000,0,Good
BA,Bar-tailed Godwit,42370,OCT-2000,0,Good
BA,Bar-tailed Godwit,42370,DEC-2000,0,Good
BA,Bar-tailed Godwit,42370,JAN-2001,9,Good
BA,Bar-tailed Godwit,42370,FEB-2001,0,Good
BA,Bar-tailed Godwit,42370,OCT-2001,0,Good
BA,Bar-tailed Godwit,42370,DEC-2001,3,Good
BA,Bar-tailed Godwit,42370,JAN-2002,0,Good
BA,Bar-tailed Godwit,42370,FEB-2002,2,Good
BA,Bar-tailed Godwit,42370,OCT-2002,0,Good
BA,Bar-tailed Godwit,42370,DEC-2002,0,Good
BA,Bar-tailed Godwit,42370,JAN-2003,3,Good
BA,Bar-tailed Godwit,42370,FEB-2003,1,Good
BA,Bar-tailed Godwit,42370,OCT-2003,0,Good
BA,Bar-tailed Godwit,42370,DEC-2003,0,Good
BA,Bar-tailed Godwit,42370,JAN-2004,0,Good
BA,Bar-tailed Godwit,42370,FEB-2004,5,Good
BA,Bar-tailed Godwit,42370,OCT-2004,0,Good
BA,Bar-tailed Godwit,42370,DEC-2004,1,Good
BA,Bar-tailed Godwit,42370,JAN-2005,5,Good
BA,Bar-tailed Godwit,42370,FEB-2005,8,Good
BA,Bar-tailed Godwit,42370,OCT-2005,0,Good
BA,Bar-tailed Godwit,42370,DEC-2005,10,Good
BA,Bar-tailed Godwit,42370,JAN-2006,0,Good
BA,Bar-tailed Godwit,42370,FEB-2006,3,Good
BA,Bar-tailed Godwit,42370,OCT-2006,0,Good
BA,Bar-tailed Godwit,42370,DEC-2006,1,Good
BA,Bar-tailed Godwit,42370,JAN-2007,1,Good
BA,Bar-tailed Godwit,42370,FEB-2007,6,Good
BA,Bar-tailed Godwit,42370,OCT-2007,0,Good
BA,Bar-tailed Godwit,42370,DEC-2007,2,Poor
BA,Bar-tailed Godwit,42370,JAN-2008,2,Good
BA,Bar-tailed Godwit,42370,FEB-2008,0,Good
BA,Bar-tailed Godwit,42370,OCT-2008,0,Good
BA,Bar-tailed Godwit,42370,DEC-2008,0,Good
BA,Bar-tailed Godwit,42370,JAN-2009,0,Good
BA,Bar-tailed Godwit,42370,FEB-2009,4,Good
BA,Bar-tailed Godwit,42370,OCT-2009,0,Good
BA,Bar-tailed Godwit,42370,JAN-2010,2,Good
BA,Bar-tailed Godwit,42370,FEB-2010,3,Good
BA,Bar-tailed Godwit,42370,OCT-2010,0,Poor
BA,Bar-tailed Godwit,42370,DEC-2010,4,Good
BA,Bar-tailed Godwit,42370,JAN-2011,2,Good
BA,Bar-tailed Godwit,42370,FEB-2011,2,Good
BA,Bar-tailed Godwit,42370,OCT-2011,0,Good
BA,Bar-tailed Godwit,42370,DEC-2011,0,Good
BA,Bar-tailed Godwit,42370,JAN-2012,0,Good
BA,Bar-tailed Godwit,42370,FEB-2012,2,Good
BA,Bar-tailed Godwit,42370,OCT-2012,1,Good
BA,Bar-tailed Godwit,42370,DEC-2012,0,Good
BA,Bar-tailed Godwit,42370,JAN-2013,0,Good
BA,Bar-tailed Godwit,42370,FEB-2013,0,Good
BA,Bar-tailed Godwit,42370,OCT-2013,0,Good
BA,Bar-tailed Godwit,42370,DEC-2013,0,Good
BA,Bar-tailed Godwit,42370,JAN-2014,0,Good
BA,Bar-tailed Godwit,42370,FEB-2014,0,Good
BA,Bar-tailed Godwit,42370,OCT-2014,0,Good
BA,Bar-tailed Godwit,42370,DEC-2014,0,Good
BA,Bar-tailed Godwit,42370,JAN-2015,0,Good
BA,Bar-tailed Godwit,42370,FEB-2015,2,Good
BA,Bar-tailed Godwit,42370,OCT-2015,0,Good
BA,Bar-tailed Godwit,42370,DEC-2015,0,Good
BA,Bar-tailed Godwit,42370,JAN-2016,0,Good
BA,Bar-tailed Godwit,42370,FEB-2016,0,Good
BA,Bar-tailed Godwit,42370,OCT-2016,0,Good
BA,Bar-tailed Godwit,42370,DEC-2016,0,Good
BA,Bar-tailed Godwit,42370,JAN-2017,0,Good
BA,Bar-tailed Godwit,42370,FEB-2017,0,Good
BA,Bar-tailed Godwit,42370,OCT-2017,0,Good
BA,Bar-tailed Godwit,42370,DEC-2017,0,Good
BA,Bar-tailed Godwit,42370,JAN-2018,0,Good
BA,Bar-tailed Godwit,42370,OCT-2018,0,Good
BA,Bar-tailed Godwit,42370,DEC-2018,0,Good
BA,Bar-tailed Godwit,42370,JAN-2019,0,Good
BA,Bar-tailed Godwit,42370,FEB-2019,0,Good
TT,Turnstone,42510,OCT-1999,0,Good
TT,Turnstone,42510,DEC-1999,14,Good
TT,Turnstone,42510,JAN-2000,26,Good
TT,Turnstone,42510,FEB-2000,30,Good
TT,Turnstone,42510,OCT-2000,24,Good
TT,Turnstone,42510,DEC-2000,35,Good
TT,Turnstone,42510,JAN-2001,12,Good
TT,Turnstone,42510,FEB-2001,13,Good
TT,Turnstone,42510,OCT-2001,30,Good
TT,Turnstone,42510,DEC-2001,16,Good
TT,Turnstone,42510,JAN-2002,0,Good
TT,Turnstone,42510,FEB-2002,0,Good
TT,Turnstone,42510,OCT-2002,23,Good
TT,Turnstone,42510,DEC-2002,0,Good
TT,Turnstone,42510,JAN-2003,18,Good
TT,Turnstone,42510,FEB-2003,15,Good
TT,Turnstone,42510,OCT-2003,0,Good
TT,Turnstone,42510,DEC-2003,32,Good
TT,Turnstone,42510,JAN-2004,25,Good
TT,Turnstone,42510,FEB-2004,14,Good
TT,Turnstone,42510,OCT-2004,33,Good
TT,Turnstone,42510,DEC-2004,27,Good
TT,Turnstone,42510,JAN-2005,26,Good
TT,Turnstone,42510,FEB-2005,39,Good
TT,Turnstone,42510,OCT-2005,20,Good
TT,Turnstone,42510,DEC-2005,0,Good
TT,Turnstone,42510,JAN-2006,50,Good
TT,Turnstone,42510,FEB-2006,30,Good
TT,Turnstone,42510,OCT-2006,5,Good
TT,Turnstone,42510,DEC-2006,0,Good
TT,Turnstone,42510,JAN-2007,3,Good
TT,Turnstone,42510,FEB-2007,13,Good
TT,Turnstone,42510,OCT-2007,15,Good
TT,Turnstone,42510,DEC-2007,12,Poor
TT,Turnstone,42510,JAN-2008,8,Good
TT,Turnstone,42510,FEB-2008,10,Good
TT,Turnstone,42510,OCT-2008,2,Good
TT,Turnstone,42510,DEC-2008,5,Good
TT,Turnstone,42510,JAN-2009,0,Good
TT,Turnstone,42510,FEB-2009,0,Good
TT,Turnstone,42510,OCT-2009,0,Good
TT,Turnstone,42510,JAN-2010,8,Good
TT,Turnstone,42510,FEB-2010,4,Good
TT,Turnstone,42510,OCT-2010,0,Poor
TT,Turnstone,42510,DEC-2010,1,Good
TT,Turnstone,42510,JAN-2011,12,Good
TT,Turnstone,42510,FEB-2011,3,Good
TT,Turnstone,42510,OCT-2011,0,Good
TT,Turnstone,42510,DEC-2011,0,Good
TT,Turnstone,42510,JAN-2012,0,Good
TT,Turnstone,42510,FEB-2012,15,Good
TT,Turnstone,42510,OCT-2012,0,Good
TT,Turnstone,42510,DEC-2012,3,Good
TT,Turnstone,42510,JAN-2013,0,Good
TT,Turnstone,42510,FEB-2013,0,Good
TT,Turnstone,42510,OCT-2013,0,Good
TT,Turnstone,42510,DEC-2013,0,Good
TT,Turnstone,42510,JAN-2014,0,Good
TT,Turnstone,42510,FEB-2014,0,Good
TT,Turnstone,42510,OCT-2014,0,Good
TT,Turnstone,42510,DEC-2014,0,Good
TT,Turnstone,42510,JAN-2015,3,Good
TT,Turnstone,42510,FEB-2015,0,Good
TT,Turnstone,42510,OCT-2015,0,Good
TT,Turnstone,42510,DEC-2015,0,Good
TT,Turnstone,42510,JAN-2016,0,Good
TT,Turnstone,42510,FEB-2016,0,Good
TT,Turnstone,42510,OCT-2016,0,Good
TT,Turnstone,42510,DEC-2016,0,Good
TT,Turnstone,42510,JAN-2017,1,Good
TT,Turnstone,42510,FEB-2017,3,Good
TT,Turnstone,42510,OCT-2017,0,Good
TT,Turnstone,42510,DEC-2017,0,Good
TT,Turnstone,42510,JAN-2018,2,Good
TT,Turnstone,42510,OCT-2018,0,Good
TT,Turnstone,42510,DEC-2018,0,Good
TT,Turnstone,42510,JAN-2019,0,Good
TT,Turnstone,42510,FEB-2019,0,Good
KN,Knot,42620,OCT-1999,0,Good
KN,Knot,42620,DEC-1999,0,Good
KN,Knot,42620,JAN-2000,0,Good
KN,Knot,42620,FEB-2000,0,Good
KN,Knot,42620,OCT-2000,0,Good
KN,Knot,42620,DEC-2000,0,Good
KN,Knot,42620,JAN-2001,0,Good
KN,Knot,42620,FEB-2001,0,Good
KN,Knot,42620,OCT-2001,0,Good
KN,Knot,42620,DEC-2001,0,Good
KN,Knot,42620,JAN-2002,0,Good
KN,Knot,42620,FEB-2002,0,Good
KN,Knot,42620,OCT-2002,0,Good
KN,Knot,42620,DEC-2002,0,Good
KN,Knot,42620,JAN-2003,0,Good
KN,Knot,42620,FEB-2003,0,Good
KN,Knot,42620,OCT-2003,0,Good
KN,Knot,42620,DEC-2003,0,Good
KN,Knot,42620,JAN-2004,0,Good
KN,Knot,42620,FEB-2004,0,Good
KN,Knot,42620,OCT-2004,0,Good
KN,Knot,42620,DEC-2004,0,Good
KN,Knot,42620,JAN-2005,0,Good
KN,Knot,42620,FEB-2005,0,Good
KN,Knot,42620,OCT-2005,0,Good
KN,Knot,42620,DEC-2005,0,Good
KN,Knot,42620,JAN-2006,0,Good
KN,Knot,42620,FEB-2006,0,Good
KN,Knot,42620,OCT-2006,0,Good
KN,Knot,42620,DEC-2006,0,Good
KN,Knot,42620,JAN-2007,0,Good
KN,Knot,42620,FEB-2007,0,Good
KN,Knot,42620,OCT-2007,0,Good
KN,Knot,42620,DEC-2007,1,Poor
KN,Knot,42620,JAN-2008,0,Good
KN,Knot,42620,FEB-2008,0,Good
KN,Knot,42620,OCT-2008,0,Good
KN,Knot,42620,DEC-2008,0,Good
KN,Knot,42620,JAN-2009,0,Good
KN,Knot,42620,FEB-2009,0,Good
KN,Knot,42620,OCT-2009,0,Good
KN,Knot,42620,JAN-2010,0,Good
KN,Knot,42620,FEB-2010,0,Good
KN,Knot,42620,OCT-2010,0,Poor
KN,Knot,42620,DEC-2010,0,Good
KN,Knot,42620,JAN-2011,0,Good
KN,Knot,42620,FEB-2011,0,Good
KN,Knot,42620,OCT-2011,0,Good
KN,Knot,42620,DEC-2011,0,Good
KN,Knot,42620,JAN-2012,6,Good
KN,Knot,42620,FEB-2012,0,Good
KN,Knot,42620,OCT-2012,0,Good
KN,Knot,42620,DEC-2012,0,Good
KN,Knot,42620,JAN-2013,0,Good
KN,Knot,42620,FEB-2013,0,Good
KN,Knot,42620,OCT-2013,0,Good
KN,Knot,42620,DEC-2013,0,Good
KN,Knot,42620,JAN-2014,0,Good
KN,Knot,42620,FEB-2014,0,Good
KN,Knot,42620,OCT-2014,0,Good
KN,Knot,42620,DEC-2014,0,Good
KN,Knot,42620,JAN-2015,0,Good
KN,Knot,42620,FEB-2015,0,Good
KN,Knot,42620,OCT-2015,0,Good
KN,Knot,42620,DEC-2015,0,Good
KN,Knot,42620,JAN-2016,0,Good
KN,Knot,42620,FEB-2016,0,Good
KN,Knot,42620,OCT-2016,0,Good
KN,Knot,42620,DEC-2016,0,Good
KN,Knot,42620,JAN-2017,0,Good
KN,Knot,42620,FEB-2017,0,Good
KN,Knot,42620,OCT-2017,0,Good
KN,Knot,42620,DEC-2017,0,Good
KN,Knot,42620,JAN-2018,1,Good
KN,Knot,42620,OCT-2018,0,Good
KN,Knot,42620,DEC-2018,0,Good
KN,Knot,42620,JAN-2019,0,Good
KN,Knot,42620,FEB-2019,0,Good
SS,Sanderling,42810,OCT-1999,0,Good
SS,Sanderling,42810,DEC-1999,0,Good
SS,Sanderling,42810,JAN-2000,0,Good
SS,Sanderling,42810,FEB-2000,0,Good
SS,Sanderling,42810,OCT-2000,0,Good
SS,Sanderling,42810,DEC-2000,0,Good
SS,Sanderling,42810,JAN-2001,0,Good
SS,Sanderling,42810,FEB-2001,0,Good
SS,Sanderling,42810,OCT-2001,0,Good
SS,Sanderling,42810,DEC-2001,0,Good
SS,Sanderling,42810,JAN-2002,0,Good
SS,Sanderling,42810,FEB-2002,0,Good
SS,Sanderling,42810,OCT-2002,0,Good
SS,Sanderling,42810,DEC-2002,0,Good
SS,Sanderling,42810,JAN-2003,0,Good
SS,Sanderling,42810,FEB-2003,0,Good
SS,Sanderling,42810,OCT-2003,0,Good
SS,Sanderling,42810,DEC-2003,0,Good
SS,Sanderling,42810,JAN-2004,0,Good
SS,Sanderling,42810,FEB-2004,1,Good
SS,Sanderling,42810,OCT-2004,0,Good
SS,Sanderling,42810,DEC-2004,0,Good
SS,Sanderling,42810,JAN-2005,0,Good
SS,Sanderling,42810,FEB-2005,0,Good
SS,Sanderling,42810,OCT-2005,0,Good
SS,Sanderling,42810,DEC-2005,3,Good
SS,Sanderling,42810,JAN-2006,0,Good
SS,Sanderling,42810,FEB-2006,0,Good
SS,Sanderling,42810,OCT-2006,0,Good
SS,Sanderling,42810,DEC-2006,0,Good
SS,Sanderling,42810,JAN-2007,0,Good
SS,Sanderling,42810,FEB-2007,1,Good
SS,Sanderling,42810,OCT-2007,0,Good
SS,Sanderling,42810,DEC-2007,0,Poor
SS,Sanderling,42810,JAN-2008,0,Good
SS,Sanderling,42810,FEB-2008,0,Good
SS,Sanderling,42810,OCT-2008,0,Good
SS,Sanderling,42810,DEC-2008,0,Good
SS,Sanderling,42810,JAN-2009,0,Good
SS,Sanderling,42810,FEB-2009,0,Good
SS,Sanderling,42810,OCT-2009,0,Good
SS,Sanderling,42810,JAN-2010,0,Good
SS,Sanderling,42810,FEB-2010,0,Good
SS,Sanderling,42810,OCT-2010,0,Poor
SS,Sanderling,42810,DEC-2010,0,Good
SS,Sanderling,42810,JAN-2011,0,Good
SS,Sanderling,42810,FEB-2011,2,Good
SS,Sanderling,42810,OCT-2011,0,Good
SS,Sanderling,42810,DEC-2011,0,Good
SS,Sanderling,42810,JAN-2012,0,Good
SS,Sanderling,42810,FEB-2012,0,Good
SS,Sanderling,42810,OCT-2012,0,Good
SS,Sanderling,42810,DEC-2012,0,Good
SS,Sanderling,42810,JAN-2013,0,Good
SS,Sanderling,42810,FEB-2013,0,Good
SS,Sanderling,42810,OCT-2013,0,Good
SS,Sanderling,42810,DEC-2013,0,Good
SS,Sanderling,42810,JAN-2014,0,Good
SS,Sanderling,42810,FEB-2014,0,Good
SS,Sanderling,42810,OCT-2014,0,Good
SS,Sanderling,42810,DEC-2014,0,Good
SS,Sanderling,42810,JAN-2015,0,Good
SS,Sanderling,42810,FEB-2015,0,Good
SS,Sanderling,42810,OCT-2015,0,Good
SS,Sanderling,42810,DEC-2015,0,Good
SS,Sanderling,42810,JAN-2016,0,Good
SS,Sanderling,42810,FEB-2016,0,Good
SS,Sanderling,42810,OCT-2016,0,Good
SS,Sanderling,42810,DEC-2016,0,Good
SS,Sanderling,42810,JAN-2017,0,Good
SS,Sanderling,42810,FEB-2017,0,Good
SS,Sanderling,42810,OCT-2017,0,Good
SS,Sanderling,42810,DEC-2017,0,Good
SS,Sanderling,42810,JAN-2018,11,Good
SS,Sanderling,42810,OCT-2018,0,Good
SS,Sanderling,42810,DEC-2018,1,Good
SS,Sanderling,42810,JAN-2019,0,Good
SS,Sanderling,42810,FEB-2019,0,Good
DN,Dunlin,42840,OCT-1999,0,Good
DN,Dunlin,42840,DEC-1999,15,Good
DN,Dunlin,42840,JAN-2000,22,Good
DN,Dunlin,42840,FEB-2000,0,Good
DN,Dunlin,42840,OCT-2000,0,Good
DN,Dunlin,42840,DEC-2000,0,Good
DN,Dunlin,42840,JAN-2001,21,Good
DN,Dunlin,42840,FEB-2001,1,Good
DN,Dunlin,42840,OCT-2001,0,Good
DN,Dunlin,42840,DEC-2001,54,Good
DN,Dunlin,42840,JAN-2002,80,Good
DN,Dunlin,42840,FEB-2002,11,Good
DN,Dunlin,42840,OCT-2002,7,Good
DN,Dunlin,42840,DEC-2002,1,Good
DN,Dunlin,42840,JAN-2003,50,Good
DN,Dunlin,42840,FEB-2003,30,Good
DN,Dunlin,42840,OCT-2003,0,Good
DN,Dunlin,42840,DEC-2003,30,Good
DN,Dunlin,42840,JAN-2004,40,Good
DN,Dunlin,42840,FEB-2004,94,Good
DN,Dunlin,42840,OCT-2004,0,Good
DN,Dunlin,42840,DEC-2004,70,Good
DN,Dunlin,42840,JAN-2005,160,Good
DN,Dunlin,42840,FEB-2005,127,Good
DN,Dunlin,42840,OCT-2005,0,Good
DN,Dunlin,42840,DEC-2005,80,Good
DN,Dunlin,42840,JAN-2006,37,Good
DN,Dunlin,42840,FEB-2006,100,Good
DN,Dunlin,42840,OCT-2006,0,Good
DN,Dunlin,42840,DEC-2006,50,Good
DN,Dunlin,42840,JAN-2007,10,Good
DN,Dunlin,42840,FEB-2007,8,Good
DN,Dunlin,42840,OCT-2007,0,Good
DN,Dunlin,42840,DEC-2007,4,Poor
DN,Dunlin,42840,JAN-2008,0,Good
DN,Dunlin,42840,FEB-2008,40,Good
DN,Dunlin,42840,OCT-2008,0,Good
DN,Dunlin,42840,DEC-2008,80,Good
DN,Dunlin,42840,JAN-2009,0,Good
DN,Dunlin,42840,FEB-2009,6,Good
DN,Dunlin,42840,OCT-2009,0,Good
DN,Dunlin,42840,JAN-2010,0,Good
DN,Dunlin,42840,FEB-2010,35,Good
DN,Dunlin,42840,OCT-2010,0,Poor
DN,Dunlin,42840,DEC-2010,0,Good
DN,Dunlin,42840,JAN-2011,0,Good
DN,Dunlin,42840,FEB-2011,1,Good
DN,Dunlin,42840,OCT-2011,0,Good
DN,Dunlin,42840,DEC-2011,0,Good
DN,Dunlin,42840,JAN-2012,2,Good
DN,Dunlin,42840,FEB-2012,0,Good
DN,Dunlin,42840,OCT-2012,0,Good
DN,Dunlin,42840,DEC-2012,4,Good
DN,Dunlin,42840,JAN-2013,0,Good
DN,Dunlin,42840,FEB-2013,0,Good
DN,Dunlin,42840,OCT-2013,0,Good
DN,Dunlin,42840,DEC-2013,0,Good
DN,Dunlin,42840,JAN-2014,0,Good
DN,Dunlin,42840,FEB-2014,0,Good
DN,Dunlin,42840,OCT-2014,0,Good
DN,Dunlin,42840,DEC-2014,0,Good
DN,Dunlin,42840,JAN-2015,0,Good
DN,Dunlin,42840,FEB-2015,0,Good
DN,Dunlin,42840,OCT-2015,0,Good
DN,Dunlin,42840,DEC-2015,3,Good
DN,Dunlin,42840,JAN-2016,0,Good
DN,Dunlin,42840,FEB-2016,0,Good
DN,Dunlin,42840,OCT-2016,0,Good
DN,Dunlin,42840,DEC-2016,1,Good
DN,Dunlin,42840,JAN-2017,1,Good
DN,Dunlin,42840,FEB-2017,3,Good
DN,Dunlin,42840,OCT-2017,0,Good
DN,Dunlin,42840,DEC-2017,0,Good
DN,Dunlin,42840,JAN-2018,1,Good
DN,Dunlin,42840,OCT-2018,0,Good
DN,Dunlin,42840,DEC-2018,0,Good
DN,Dunlin,42840,JAN-2019,0,Good
DN,Dunlin,42840,FEB-2019,0,Good
PS,Purple Sandpiper,43010,OCT-1999,0,Good
PS,Purple Sandpiper,43010,DEC-1999,0,Good
PS,Purple Sandpiper,43010,JAN-2000,0,Good
PS,Purple Sandpiper,43010,FEB-2000,0,Good
PS,Purple Sandpiper,43010,OCT-2000,0,Good
PS,Purple Sandpiper,43010,DEC-2000,0,Good
PS,Purple Sandpiper,43010,JAN-2001,0,Good
PS,Purple Sandpiper,43010,FEB-2001,0,Good
PS,Purple Sandpiper,43010,OCT-2001,0,Good
PS,Purple Sandpiper,43010,DEC-2001,0,Good
PS,Purple Sandpiper,43010,JAN-2002,0,Good
PS,Purple Sandpiper,43010,FEB-2002,0,Good
PS,Purple Sandpiper,43010,OCT-2002,0,Good
PS,Purple Sandpiper,43010,DEC-2002,0,Good
PS,Purple Sandpiper,43010,JAN-2003,0,Good
PS,Purple Sandpiper,43010,FEB-2003,0,Good
PS,Purple Sandpiper,43010,OCT-2003,0,Good
PS,Purple Sandpiper,43010,DEC-2003,0,Good
PS,Purple Sandpiper,43010,JAN-2004,0,Good
PS,Purple Sandpiper,43010,FEB-2004,2,Good
PS,Purple Sandpiper,43010,OCT-2004,0,Good
PS,Purple Sandpiper,43010,DEC-2004,0,Good
PS,Purple Sandpiper,43010,JAN-2005,0,Good
PS,Purple Sandpiper,43010,FEB-2005,0,Good
PS,Purple Sandpiper,43010,OCT-2005,0,Good
PS,Purple Sandpiper,43010,DEC-2005,4,Good
PS,Purple Sandpiper,43010,JAN-2006,3,Good
PS,Purple Sandpiper,43010,FEB-2006,0,Good
PS,Purple Sandpiper,43010,OCT-2006,0,Good
PS,Purple Sandpiper,43010,DEC-2006,0,Good
PS,Purple Sandpiper,43010,JAN-2007,1,Good
PS,Purple Sandpiper,43010,FEB-2007,0,Good
PS,Purple Sandpiper,43010,OCT-2007,0,Good
PS,Purple Sandpiper,43010,DEC-2007,2,Poor
PS,Purple Sandpiper,43010,JAN-2008,0,Good
PS,Purple Sandpiper,43010,FEB-2008,0,Good
PS,Purple Sandpiper,43010,OCT-2008,0,Good
PS,Purple Sandpiper,43010,DEC-2008,0,Good
PS,Purple Sandpiper,43010,JAN-2009,0,Good
PS,Purple Sandpiper,43010,FEB-2009,0,Good
PS,Purple Sandpiper,43010,OCT-2009,0,Good
PS,Purple Sandpiper,43010,JAN-2010,0,Good
PS,Purple Sandpiper,43010,FEB-2010,0,Good
PS,Purple Sandpiper,43010,OCT-2010,0,Poor
PS,Purple Sandpiper,43010,DEC-2010,0,Good
PS,Purple Sandpiper,43010,JAN-2011,0,Good
PS,Purple Sandpiper,43010,FEB-2011,0,Good
PS,Purple Sandpiper,43010,OCT-2011,0,Good
PS,Purple Sandpiper,43010,DEC-2011,0,Good
PS,Purple Sandpiper,43010,JAN-2012,0,Good
PS,Purple Sandpiper,43010,FEB-2012,0,Good
PS,Purple Sandpiper,43010,OCT-2012,0,Good
PS,Purple Sandpiper,43010,DEC-2012,0,Good
PS,Purple Sandpiper,43010,JAN-2013,0,Good
PS,Purple Sandpiper,43010,FEB-2013,0,Good
PS,Purple Sandpiper,43010,OCT-2013,0,Good
PS,Purple Sandpiper,43010,DEC-2013,0,Good
PS,Purple Sandpiper,43010,JAN-2014,0,Good
PS,Purple Sandpiper,43010,FEB-2014,0,Good
PS,Purple Sandpiper,43010,OCT-2014,0,Good
PS,Purple Sandpiper,43010,DEC-2014,0,Good
PS,Purple Sandpiper,43010,JAN-2015,0,Good
PS,Purple Sandpiper,43010,FEB-2015,0,Good
PS,Purple Sandpiper,43010,OCT-2015,0,Good
PS,Purple Sandpiper,43010,DEC-2015,0,Good
PS,Purple Sandpiper,43010,JAN-2016,0,Good
PS,Purple Sandpiper,43010,FEB-2016,0,Good
PS,Purple Sandpiper,43010,OCT-2016,0,Good
PS,Purple Sandpiper,43010,DEC-2016,0,Good
PS,Purple Sandpiper,43010,JAN-2017,0,Good
PS,Purple Sandpiper,43010,FEB-2017,0,Good
PS,Purple Sandpiper,43010,OCT-2017,0,Good
PS,Purple Sandpiper,43010,DEC-2017,0,Good
PS,Purple Sandpiper,43010,JAN-2018,0,Good
PS,Purple Sandpiper,43010,OCT-2018,0,Good
PS,Purple Sandpiper,43010,DEC-2018,0,Good
PS,Purple Sandpiper,43010,JAN-2019,0,Good
PS,Purple Sandpiper,43010,FEB-2019,0,Good
SN,Snipe,43540,OCT-1999,0,Good
SN,Snipe,43540,DEC-1999,0,Good
SN,Snipe,43540,JAN-2000,0,Good
SN,Snipe,43540,FEB-2000,0,Good
SN,Snipe,43540,OCT-2000,0,Good
SN,Snipe,43540,DEC-2000,0,Good
SN,Snipe,43540,JAN-2001,0,Good
SN,Snipe,43540,FEB-2001,1,Good
SN,Snipe,43540,OCT-2001,0,Good
SN,Snipe,43540,DEC-2001,0,Good
SN,Snipe,43540,JAN-2002,0,Good
SN,Snipe,43540,FEB-2002,0,Good
SN,Snipe,43540,OCT-2002,0,Good
SN,Snipe,43540,DEC-2002,0,Good
SN,Snipe,43540,JAN-2003,0,Good
SN,Snipe,43540,FEB-2003,0,Good
SN,Snipe,43540,OCT-2003,0,Good
SN,Snipe,43540,DEC-2003,0,Good
SN,Snipe,43540,JAN-2004,0,Good
SN,Snipe,43540,FEB-2004,0,Good
SN,Snipe,43540,OCT-2004,0,Good
SN,Snipe,43540,DEC-2004,0,Good
SN,Snipe,43540,JAN-2005,0,Good
SN,Snipe,43540,FEB-2005,0,Good
SN,Snipe,43540,OCT-2005,0,Good
SN,Snipe,43540,DEC-2005,0,Good
SN,Snipe,43540,JAN-2006,0,Good
SN,Snipe,43540,FEB-2006,0,Good
SN,Snipe,43540,OCT-2006,0,Good
SN,Snipe,43540,DEC-2006,0,Good
SN,Snipe,43540,JAN-2007,0,Good
SN,Snipe,43540,FEB-2007,0,Good
SN,Snipe,43540,OCT-2007,0,Good
SN,Snipe,43540,DEC-2007,0,Poor
SN,Snipe,43540,JAN-2008,0,Good
SN,Snipe,43540,FEB-2008,0,Good
SN,Snipe,43540,OCT-2008,0,Good
SN,Snipe,43540,DEC-2008,0,Good
SN,Snipe,43540,JAN-2009,0,Good
SN,Snipe,43540,FEB-2009,0,Good
SN,Snipe,43540,OCT-2009,0,Good
SN,Snipe,43540,JAN-2010,0,Good
SN,Snipe,43540,FEB-2010,0,Good
SN,Snipe,43540,OCT-2010,0,Poor
SN,Snipe,43540,DEC-2010,0,Good
SN,Snipe,43540,JAN-2011,0,Good
SN,Snipe,43540,FEB-2011,0,Good
SN,Snipe,43540,OCT-2011,0,Good
SN,Snipe,43540,DEC-2011,0,Good
SN,Snipe,43540,JAN-2012,0,Good
SN,Snipe,43540,FEB-2012,0,Good
SN,Snipe,43540,OCT-2012,0,Good
SN,Snipe,43540,DEC-2012,0,Good
SN,Snipe,43540,JAN-2013,0,Good
SN,Snipe,43540,FEB-2013,0,Good
SN,Snipe,43540,OCT-2013,0,Good
SN,Snipe,43540,DEC-2013,0,Good
SN,Snipe,43540,JAN-2014,0,Good
SN,Snipe,43540,FEB-2014,0,Good
SN,Snipe,43540,OCT-2014,0,Good
SN,Snipe,43540,DEC-2014,0,Good
SN,Snipe,43540,JAN-2015,0,Good
SN,Snipe,43540,FEB-2015,0,Good
SN,Snipe,43540,OCT-2015,0,Good
SN,Snipe,43540,DEC-2015,0,Good
SN,Snipe,43540,JAN-2016,0,Good
SN,Snipe,43540,FEB-2016,0,Good
SN,Snipe,43540,OCT-2016,0,Good
SN,Snipe,43540,DEC-2016,0,Good
SN,Snipe,43540,JAN-2017,0,Good
SN,Snipe,43540,FEB-2017,0,Good
SN,Snipe,43540,OCT-2017,0,Good
SN,Snipe,43540,DEC-2017,0,Good
SN,Snipe,43540,JAN-2018,0,Good
SN,Snipe,43540,OCT-2018,0,Good
SN,Snipe,43540,DEC-2018,0,Good
SN,Snipe,43540,JAN-2019,0,Good
SN,Snipe,43540,FEB-2019,0,Good
RK,Redshank,43920,OCT-1999,40,Good
RK,Redshank,43920,DEC-1999,20,Good
RK,Redshank,43920,JAN-2000,48,Good
RK,Redshank,43920,FEB-2000,36,Good
RK,Redshank,43920,OCT-2000,10,Good
RK,Redshank,43920,DEC-2000,25,Good
RK,Redshank,43920,JAN-2001,17,Good
RK,Redshank,43920,FEB-2001,102,Good
RK,Redshank,43920,OCT-2001,33,Good
RK,Redshank,43920,DEC-2001,4,Good
RK,Redshank,43920,JAN-2002,0,Good
RK,Redshank,43920,FEB-2002,6,Good
RK,Redshank,43920,OCT-2002,54,Good
RK,Redshank,43920,DEC-2002,0,Good
RK,Redshank,43920,JAN-2003,14,Good
RK,Redshank,43920,FEB-2003,25,Good
RK,Redshank,43920,OCT-2003,0,Good
RK,Redshank,43920,DEC-2003,24,Good
RK,Redshank,43920,JAN-2004,25,Good
RK,Redshank,43920,FEB-2004,23,Good
RK,Redshank,43920,OCT-2004,37,Good
RK,Redshank,43920,DEC-2004,26,Good
RK,Redshank,43920,JAN-2005,28,Good
RK,Redshank,43920,FEB-2005,91,Good
RK,Redshank,43920,OCT-2005,8,Good
RK,Redshank,43920,DEC-2005,43,Good
RK,Redshank,43920,JAN-2006,73,Good
RK,Redshank,43920,FEB-2006,45,Good
RK,Redshank,43920,OCT-2006,50,Good
RK,Redshank,43920,DEC-2006,103,Good
RK,Redshank,43920,JAN-2007,16,Good
RK,Redshank,43920,FEB-2007,23,Good
RK,Redshank,43920,OCT-2007,17,Good
RK,Redshank,43920,DEC-2007,33,Poor
RK,Redshank,43920,JAN-2008,18,Good
RK,Redshank,43920,FEB-2008,64,Good
RK,Redshank,43920,OCT-2008,80,Good
RK,Redshank,43920,DEC-2008,45,Good
RK,Redshank,43920,JAN-2009,25,Good
RK,Redshank,43920,FEB-2009,49,Good
RK,Redshank,43920,OCT-2009,100,Good
RK,Redshank,43920,JAN-2010,58,Good
RK,Redshank,43920,FEB-2010,60,Good
RK,Redshank,43920,OCT-2010,9,Poor
RK,Redshank,43920,DEC-2010,31,Good
RK,Redshank,43920,JAN-2011,46,Good
RK,Redshank,43920,FEB-2011,72,Good
RK,Redshank,43920,OCT-2011,70,Good
RK,Redshank,43920,DEC-2011,21,Good
RK,Redshank,43920,JAN-2012,70,Good
RK,Redshank,43920,FEB-2012,47,Good
RK,Redshank,43920,OCT-2012,90,Good
RK,Redshank,43920,DEC-2012,80,Good
RK,Redshank,43920,JAN-2013,0,Good
RK,Redshank,43920,FEB-2013,75,Good
RK,Redshank,43920,OCT-2013,44,Good
RK,Redshank,43920,DEC-2013,40,Good
RK,Redshank,43920,JAN-2014,56,Good
RK,Redshank,43920,FEB-2014,86,Good
RK,Redshank,43920,OCT-2014,60,Good
RK,Redshank,43920,DEC-2014,33,Good
RK,Redshank,43920,JAN-2015,24,Good
RK,Redshank,43920,FEB-2015,41,Good
RK,Redshank,43920,OCT-2015,3,Good
RK,Redshank,43920,DEC-2015,17,Good
RK,Redshank,43920,JAN-2016,38,Good
RK,Redshank,43920,FEB-2016,20,Good
RK,Redshank,43920,OCT-2016,13,Good
RK,Redshank,43920,DEC-2016,27,Good
RK,Redshank,43920,JAN-2017,44,Good
RK,Redshank,43920,FEB-2017,19,Good
RK,Redshank,43920,OCT-2017,19,Good
RK,Redshank,43920,DEC-2017,16,Good
RK,Redshank,43920,JAN-2018,13,Good
RK,Redshank,43920,OCT-2018,0,Good
RK,Redshank,43920,DEC-2018,3,Good
RK,Redshank,43920,JAN-2019,11,Good
RK,Redshank,43920,FEB-2019,11,Good
BH,Black-headed Gull,45190,FEB-2008,0,Good
BH,Black-headed Gull,45190,DEC-2016,0,Good
CM,Common Gull,45530,FEB-2008,1,Good
CM,Common Gull,45530,DEC-2016,0,Good
GB,Great Black-backed Gull,45620,FEB-2008,5,Good
GB,Great Black-backed Gull,45620,DEC-2016,0,Good
HG,Herring Gull,45830,FEB-2008,2,Good
HG,Herring Gull,45830,DEC-2016,0,Good
