SpeciesCode,Species,TaxonSort,Visit,Count,SpeciesCover
JI,Greylag Goose (Icelandic),3100,OCT-2012,0,Good
JI,Greylag Goose (Icelandic),3100,DEC-2012,0,Good
JI,Greylag Goose (Icelandic),3100,JAN-2013,0,Good
JI,Greylag Goose (Icelandic),3100,FEB-2013,0,Good
JI,Greylag Goose (Icelandic),3100,OCT-2013,0,Good
JI,Greylag Goose (Icelandic),3100,DEC-2013,0,Poor
JI,Greylag Goose (Icelandic),3100,JAN-2014,0,Good
JI,Greylag Goose (Icelandic),3100,FEB-2014,0,Good
JI,Greylag Goose (Icelandic),3100,OCT-2014,0,Good
JI,Greylag Goose (Icelandic),3100,DEC-2014,0,Good
JI,Greylag Goose (Icelandic),3100,JAN-2015,0,Good
JI,Greylag Goose (Icelandic),3100,FEB-2015,0,Good
JI,Greylag Goose (Icelandic),3100,OCT-2015,0,Good
JI,Greylag Goose (Icelandic),3100,DEC-2015,0,Good
JI,Greylag Goose (Icelandic),3100,JAN-2016,0,Good
JI,Greylag Goose (Icelandic),3100,FEB-2016,0,Good
JI,Greylag Goose (Icelandic),3100,OCT-2016,0,Good
JI,Greylag Goose (Icelandic),3100,DEC-2016,0,Good
JI,Greylag Goose (Icelandic),3100,JAN-2017,0,Good
JI,Greylag Goose (Icelandic),3100,FEB-2017,0,Good
JI,Greylag Goose (Icelandic),3100,OCT-2017,0,Good
JI,Greylag Goose (Icelandic),3100,DEC-2017,0,Good
JI,Greylag Goose (Icelandic),3100,JAN-2018,0,Good
JI,Greylag Goose (Icelandic),3100,FEB-2018,0,Good
JI,Greylag Goose (Icelandic),3100,OCT-2018,0,Good
JI,Greylag Goose (Icelandic),3100,DEC-2018,7,Poor
JI,Greylag Goose (Icelandic),3100,JAN-2019,0,Good
JI,Greylag Goose (Icelandic),3100,FEB-2019,0,Good
MS,Mute Swan,3380,OCT-2012,2,Good
MS,Mute Swan,3380,DEC-2012,0,Good
MS,Mute Swan,3380,JAN-2013,0,Good
MS,Mute Swan,3380,FEB-2013,0,Good
MS,Mute Swan,3380,OCT-2013,0,Good
MS,Mute Swan,3380,DEC-2013,0,Poor
MS,Mute Swan,3380,JAN-2014,0,Good
MS,Mute Swan,3380,FEB-2014,0,Good
MS,Mute Swan,3380,OCT-2014,9,Good
MS,Mute Swan,3380,DEC-2014,12,Good
MS,Mute Swan,3380,JAN-2015,0,Good
MS,Mute Swan,3380,FEB-2015,0,Good
MS,Mute Swan,3380,OCT-2015,2,Good
MS,Mute Swan,3380,DEC-2015,2,Good
MS,Mute Swan,3380,JAN-2016,0,Good
MS,Mute Swan,3380,FEB-2016,0,Good
MS,Mute Swan,3380,OCT-2016,3,Good
MS,Mute Swan,3380,DEC-2016,5,Good
MS,Mute Swan,3380,JAN-2017,6,Good
MS,Mute Swan,3380,FEB-2017,0,Good
MS,Mute Swan,3380,OCT-2017,8,Good
MS,Mute Swan,3380,DEC-2017,11,Good
MS,Mute Swan,3380,JAN-2018,0,Good
MS,Mute Swan,3380,FEB-2018,0,Good
MS,Mute Swan,3380,OCT-2018,5,Good
MS,Mute Swan,3380,DEC-2018,0,Poor
MS,Mute Swan,3380,JAN-2019,0,Good
MS,Mute Swan,3380,FEB-2019,0,Good
SU,Shelduck,3920,OCT-2012,0,Good
SU,Shelduck,3920,DEC-2012,0,Good
SU,Shelduck,3920,JAN-2013,1,Good
SU,Shelduck,3920,FEB-2013,0,Good
SU,Shelduck,3920,OCT-2013,0,Good
SU,Shelduck,3920,DEC-2013,0,Poor
SU,Shelduck,3920,JAN-2014,0,Good
SU,Shelduck,3920,FEB-2014,26,Good
SU,Shelduck,3920,OCT-2014,0,Good
SU,Shelduck,3920,DEC-2014,3,Good
SU,Shelduck,3920,JAN-2015,7,Good
SU,Shelduck,3920,FEB-2015,24,Good
SU,Shelduck,3920,OCT-2015,0,Good
SU,Shelduck,3920,DEC-2015,2,Good
SU,Shelduck,3920,JAN-2016,11,Good
SU,Shelduck,3920,FEB-2016,81,Good
SU,Shelduck,3920,OCT-2016,0,Good
SU,Shelduck,3920,DEC-2016,40,Good
SU,Shelduck,3920,JAN-2017,53,Good
SU,Shelduck,3920,FEB-2017,82,Good
SU,Shelduck,3920,OCT-2017,0,Good
SU,Shelduck,3920,DEC-2017,1,Good
SU,Shelduck,3920,JAN-2018,85,Good
SU,Shelduck,3920,FEB-2018,11,Good
SU,Shelduck,3920,OCT-2018,0,Good
SU,Shelduck,3920,DEC-2018,3,Poor
SU,Shelduck,3920,JAN-2019,63,Good
SU,Shelduck,3920,FEB-2019,23,Good
GA,Gadwall,4580,OCT-2012,0,Good
GA,Gadwall,4580,DEC-2012,0,Good
GA,Gadwall,4580,JAN-2013,0,Good
GA,Gadwall,4580,FEB-2013,0,Good
GA,Gadwall,4580,OCT-2013,0,Good
GA,Gadwall,4580,DEC-2013,0,Poor
GA,Gadwall,4580,JAN-2014,0,Good
GA,Gadwall,4580,FEB-2014,0,Good
GA,Gadwall,4580,OCT-2014,0,Good
GA,Gadwall,4580,DEC-2014,0,Good
GA,Gadwall,4580,JAN-2015,0,Good
GA,Gadwall,4580,FEB-2015,0,Good
GA,Gadwall,4580,OCT-2015,0,Good
GA,Gadwall,4580,DEC-2015,0,Good
GA,Gadwall,4580,JAN-2016,0,Good
GA,Gadwall,4580,FEB-2016,1,Good
GA,Gadwall,4580,OCT-2016,0,Good
GA,Gadwall,4580,DEC-2016,0,Good
GA,Gadwall,4580,JAN-2017,0,Good
GA,Gadwall,4580,FEB-2017,0,Good
GA,Gadwall,4580,OCT-2017,0,Good
GA,Gadwall,4580,DEC-2017,0,Good
GA,Gadwall,4580,JAN-2018,0,Good
GA,Gadwall,4580,FEB-2018,0,Good
GA,Gadwall,4580,OCT-2018,0,Good
GA,Gadwall,4580,DEC-2018,0,Poor
GA,Gadwall,4580,JAN-2019,0,Good
GA,Gadwall,4580,FEB-2019,0,Good
WN,Wigeon,4620,OCT-2012,527,Good
WN,Wigeon,4620,DEC-2012,410,Good
WN,Wigeon,4620,JAN-2013,220,Good
WN,Wigeon,4620,FEB-2013,12,Good
WN,Wigeon,4620,OCT-2013,990,Good
WN,Wigeon,4620,DEC-2013,105,Poor
WN,Wigeon,4620,JAN-2014,168,Good
WN,Wigeon,4620,FEB-2014,104,Good
WN,Wigeon,4620,OCT-2014,860,Good
WN,Wigeon,4620,DEC-2014,880,Good
WN,Wigeon,4620,JAN-2015,233,Good
WN,Wigeon,4620,FEB-2015,190,Good
WN,Wigeon,4620,OCT-2015,1338,Good
WN,Wigeon,4620,DEC-2015,360,Good
WN,Wigeon,4620,JAN-2016,203,Good
WN,Wigeon,4620,FEB-2016,16,Good
WN,Wigeon,4620,OCT-2016,165,Good
WN,Wigeon,4620,DEC-2016,141,Good
WN,Wigeon,4620,JAN-2017,20,Good
WN,Wigeon,4620,FEB-2017,50,Good
WN,Wigeon,4620,OCT-2017,994,Good
WN,Wigeon,4620,DEC-2017,824,Good
WN,Wigeon,4620,JAN-2018,490,Good
WN,Wigeon,4620,FEB-2018,76,Good
WN,Wigeon,4620,OCT-2018,1123,Good
WN,Wigeon,4620,DEC-2018,166,Poor
WN,Wigeon,4620,JAN-2019,43,Good
WN,Wigeon,4620,FEB-2019,46,Good
MA,Mallard,4840,OCT-2012,3,Good
MA,Mallard,4840,DEC-2012,2,Good
MA,Mallard,4840,JAN-2013,16,Good
MA,Mallard,4840,FEB-2013,4,Good
MA,Mallard,4840,OCT-2013,31,Good
MA,Mallard,4840,DEC-2013,5,Poor
MA,Mallard,4840,JAN-2014,28,Good
MA,Mallard,4840,FEB-2014,2,Good
MA,Mallard,4840,OCT-2014,8,Good
MA,Mallard,4840,DEC-2014,17,Good
MA,Mallard,4840,JAN-2015,51,Good
MA,Mallard,4840,FEB-2015,49,Good
MA,Mallard,4840,OCT-2015,5,Good
MA,Mallard,4840,DEC-2015,14,Good
MA,Mallard,4840,JAN-2016,42,Good
MA,Mallard,4840,FEB-2016,23,Good
MA,Mallard,4840,OCT-2016,18,Good
MA,Mallard,4840,DEC-2016,71,Good
MA,Mallard,4840,JAN-2017,52,Good
MA,Mallard,4840,FEB-2017,42,Good
MA,Mallard,4840,OCT-2017,63,Good
MA,Mallard,4840,DEC-2017,42,Good
MA,Mallard,4840,JAN-2018,29,Good
MA,Mallard,4840,FEB-2018,12,Good
MA,Mallard,4840,OCT-2018,26,Good
MA,Mallard,4840,DEC-2018,11,Poor
MA,Mallard,4840,JAN-2019,12,Good
MA,Mallard,4840,FEB-2019,5,Good
PT,Pintail,5070,OCT-2012,0,Good
PT,Pintail,5070,DEC-2012,12,Good
PT,Pintail,5070,JAN-2013,0,Good
PT,Pintail,5070,FEB-2013,0,Good
PT,Pintail,5070,OCT-2013,0,Good
PT,Pintail,5070,DEC-2013,0,Poor
PT,Pintail,5070,JAN-2014,0,Good
PT,Pintail,5070,FEB-2014,2,Good
PT,Pintail,5070,OCT-2014,0,Good
PT,Pintail,5070,DEC-2014,1,Good
PT,Pintail,5070,JAN-2015,0,Good
PT,Pintail,5070,FEB-2015,0,Good
PT,Pintail,5070,OCT-2015,1,Good
PT,Pintail,5070,DEC-2015,2,Good
PT,Pintail,5070,JAN-2016,0,Good
PT,Pintail,5070,FEB-2016,0,Good
PT,Pintail,5070,OCT-2016,6,Good
PT,Pintail,5070,DEC-2016,17,Good
PT,Pintail,5070,JAN-2017,1,Good
PT,Pintail,5070,FEB-2017,0,Good
PT,Pintail,5070,OCT-2017,0,Good
PT,Pintail,5070,DEC-2017,2,Good
PT,Pintail,5070,JAN-2018,0,Good
PT,Pintail,5070,FEB-2018,2,Good
PT,Pintail,5070,OCT-2018,0,Good
PT,Pintail,5070,DEC-2018,0,Poor
PT,Pintail,5070,JAN-2019,0,Good
PT,Pintail,5070,FEB-2019,0,Good
T.,Teal,5080,OCT-2012,4,Good
T.,Teal,5080,DEC-2012,20,Good
T.,Teal,5080,JAN-2013,800,Good
T.,Teal,5080,FEB-2013,20,Good
T.,Teal,5080,OCT-2013,240,Good
T.,Teal,5080,DEC-2013,22,Poor
T.,Teal,5080,JAN-2014,146,Good
T.,Teal,5080,FEB-2014,186,Good
T.,Teal,5080,OCT-2014,240,Good
T.,Teal,5080,DEC-2014,91,Good
T.,Teal,5080,JAN-2015,510,Good
T.,Teal,5080,FEB-2015,95,Good
T.,Teal,5080,OCT-2015,481,Good
T.,Teal,5080,DEC-2015,520,Good
T.,Teal,5080,JAN-2016,50,Good
T.,Teal,5080,FEB-2016,66,Good
T.,Teal,5080,OCT-2016,543,Good
T.,Teal,5080,DEC-2016,462,Good
T.,Teal,5080,JAN-2017,75,Good
T.,Teal,5080,FEB-2017,348,Good
T.,Teal,5080,OCT-2017,520,Good
T.,Teal,5080,DEC-2017,393,Good
T.,Teal,5080,JAN-2018,385,Good
T.,Teal,5080,FEB-2018,139,Good
T.,Teal,5080,OCT-2018,334,Good
T.,Teal,5080,DEC-2018,39,Poor
T.,Teal,5080,JAN-2019,105,Good
T.,Teal,5080,FEB-2019,12,Good
TU,Tufted Duck,5510,OCT-2012,0,Good
TU,Tufted Duck,5510,DEC-2012,0,Good
TU,Tufted Duck,5510,JAN-2013,0,Good
TU,Tufted Duck,5510,FEB-2013,0,Good
TU,Tufted Duck,5510,OCT-2013,1,Good
TU,Tufted Duck,5510,DEC-2013,0,Poor
TU,Tufted Duck,5510,JAN-2014,0,Good
TU,Tufted Duck,5510,FEB-2014,0,Good
TU,Tufted Duck,5510,OCT-2014,0,Good
TU,Tufted Duck,5510,DEC-2014,0,Good
TU,Tufted Duck,5510,JAN-2015,0,Good
TU,Tufted Duck,5510,FEB-2015,0,Good
TU,Tufted Duck,5510,OCT-2015,0,Good
TU,Tufted Duck,5510,DEC-2015,0,Good
TU,Tufted Duck,5510,JAN-2016,0,Good
TU,Tufted Duck,5510,FEB-2016,0,Good
TU,Tufted Duck,5510,OCT-2016,0,Good
TU,Tufted Duck,5510,DEC-2016,0,Good
TU,Tufted Duck,5510,JAN-2017,0,Good
TU,Tufted Duck,5510,FEB-2017,0,Good
TU,Tufted Duck,5510,OCT-2017,0,Good
TU,Tufted Duck,5510,DEC-2017,0,Good
TU,Tufted Duck,5510,JAN-2018,0,Good
TU,Tufted Duck,5510,FEB-2018,0,Good
TU,Tufted Duck,5510,OCT-2018,0,Good
TU,Tufted Duck,5510,DEC-2018,0,Poor
TU,Tufted Duck,5510,JAN-2019,0,Good
TU,Tufted Duck,5510,FEB-2019,0,Good
SP,Scaup,5520,OCT-2012,0,Good
SP,Scaup,5520,DEC-2012,2,Good
SP,Scaup,5520,JAN-2013,0,Good
SP,Scaup,5520,FEB-2013,4,Good
SP,Scaup,5520,OCT-2013,5,Good
SP,Scaup,5520,DEC-2013,2,Poor
SP,Scaup,5520,JAN-2014,0,Good
SP,Scaup,5520,FEB-2014,19,Good
SP,Scaup,5520,OCT-2014,0,Good
SP,Scaup,5520,DEC-2014,0,Good
SP,Scaup,5520,JAN-2015,0,Good
SP,Scaup,5520,FEB-2015,0,Good
SP,Scaup,5520,OCT-2015,13,Good
SP,Scaup,5520,DEC-2015,0,Good
SP,Scaup,5520,JAN-2016,0,Good
SP,Scaup,5520,FEB-2016,0,Good
SP,Scaup,5520,OCT-2016,1,Good
SP,Scaup,5520,DEC-2016,10,Good
SP,Scaup,5520,JAN-2017,8,Good
SP,Scaup,5520,FEB-2017,6,Good
SP,Scaup,5520,OCT-2017,0,Good
SP,Scaup,5520,DEC-2017,95,Good
SP,Scaup,5520,JAN-2018,44,Good
SP,Scaup,5520,FEB-2018,30,Good
SP,Scaup,5520,OCT-2018,0,Good
SP,Scaup,5520,DEC-2018,2,Poor
SP,Scaup,5520,JAN-2019,3,Good
SP,Scaup,5520,FEB-2019,5,Good
EE,Eider (except Shetland),5690,OCT-2012,0,Good
EE,Eider (except Shetland),5690,DEC-2012,0,Good
EE,Eider (except Shetland),5690,JAN-2013,0,Good
EE,Eider (except Shetland),5690,FEB-2013,0,Good
EE,Eider (except Shetland),5690,OCT-2013,0,Good
EE,Eider (except Shetland),5690,DEC-2013,0,Poor
EE,Eider (except Shetland),5690,JAN-2014,0,Good
EE,Eider (except Shetland),5690,FEB-2014,0,Good
EE,Eider (except Shetland),5690,OCT-2014,0,Good
EE,Eider (except Shetland),5690,DEC-2014,0,Good
EE,Eider (except Shetland),5690,JAN-2015,0,Good
EE,Eider (except Shetland),5690,FEB-2015,0,Good
EE,Eider (except Shetland),5690,OCT-2015,0,Good
EE,Eider (except Shetland),5690,DEC-2015,0,Good
EE,Eider (except Shetland),5690,JAN-2016,0,Good
EE,Eider (except Shetland),5690,FEB-2016,0,Good
EE,Eider (except Shetland),5690,OCT-2016,0,Good
EE,Eider (except Shetland),5690,DEC-2016,3,Good
EE,Eider (except Shetland),5690,JAN-2017,0,Good
EE,Eider (except Shetland),5690,FEB-2017,0,Good
EE,Eider (except Shetland),5690,OCT-2017,0,Good
EE,Eider (except Shetland),5690,DEC-2017,0,Good
EE,Eider (except Shetland),5690,JAN-2018,0,Good
EE,Eider (except Shetland),5690,FEB-2018,2,Good
EE,Eider (except Shetland),5690,OCT-2018,0,Good
EE,Eider (except Shetland),5690,DEC-2018,0,Poor
EE,Eider (except Shetland),5690,JAN-2019,0,Good
EE,Eider (except Shetland),5690,FEB-2019,0,Good
LN,Long-tailed Duck,5850,OCT-2012,1,Good
LN,Long-tailed Duck,5850,DEC-2012,0,Good
LN,Long-tailed Duck,5850,JAN-2013,0,Good
LN,Long-tailed Duck,5850,FEB-2013,0,Good
LN,Long-tailed Duck,5850,OCT-2013,0,Good
LN,Long-tailed Duck,5850,DEC-2013,0,Poor
LN,Long-tailed Duck,5850,JAN-2014,0,Good
LN,Long-tailed Duck,5850,FEB-2014,0,Good
LN,Long-tailed Duck,5850,OCT-2014,0,Good
LN,Long-tailed Duck,5850,DEC-2014,0,Good
LN,Long-tailed Duck,5850,JAN-2015,0,Good
LN,Long-tailed Duck,5850,FEB-2015,0,Good
LN,Long-tailed Duck,5850,OCT-2015,0,Good
LN,Long-tailed Duck,5850,DEC-2015,0,Good
LN,Long-tailed Duck,5850,JAN-2016,0,Good
LN,Long-tailed Duck,5850,FEB-2016,0,Good
LN,Long-tailed Duck,5850,OCT-2016,0,Good
LN,Long-tailed Duck,5850,DEC-2016,0,Good
LN,Long-tailed Duck,5850,JAN-2017,1,Good
LN,Long-tailed Duck,5850,FEB-2017,0,Good
LN,Long-tailed Duck,5850,OCT-2017,0,Good
LN,Long-tailed Duck,5850,DEC-2017,2,Good
LN,Long-tailed Duck,5850,JAN-2018,0,Good
LN,Long-tailed Duck,5850,FEB-2018,2,Good
LN,Long-tailed Duck,5850,OCT-2018,0,Good
LN,Long-tailed Duck,5850,DEC-2018,0,Poor
LN,Long-tailed Duck,5850,JAN-2019,0,Good
LN,Long-tailed Duck,5850,FEB-2019,0,Good
GN,Goldeneye,5880,OCT-2012,0,Good
GN,Goldeneye,5880,DEC-2012,3,Good
GN,Goldeneye,5880,JAN-2013,3,Good
GN,Goldeneye,5880,FEB-2013,4,Good
GN,Goldeneye,5880,OCT-2013,0,Good
GN,Goldeneye,5880,DEC-2013,0,Poor
GN,Goldeneye,5880,JAN-2014,12,Good
GN,Goldeneye,5880,FEB-2014,5,Good
GN,Goldeneye,5880,OCT-2014,5,Good
GN,Goldeneye,5880,DEC-2014,5,Good
GN,Goldeneye,5880,JAN-2015,12,Good
GN,Goldeneye,5880,FEB-2015,4,Good
GN,Goldeneye,5880,OCT-2015,1,Good
GN,Goldeneye,5880,DEC-2015,19,Good
GN,Goldeneye,5880,JAN-2016,3,Good
GN,Goldeneye,5880,FEB-2016,14,Good
GN,Goldeneye,5880,OCT-2016,2,Good
GN,Goldeneye,5880,DEC-2016,12,Good
GN,Goldeneye,5880,JAN-2017,34,Good
GN,Goldeneye,5880,FEB-2017,4,Good
GN,Goldeneye,5880,OCT-2017,13,Good
GN,Goldeneye,5880,DEC-2017,6,Good
GN,Goldeneye,5880,JAN-2018,11,Good
GN,Goldeneye,5880,FEB-2018,26,Good
GN,Goldeneye,5880,OCT-2018,2,Good
GN,Goldeneye,5880,DEC-2018,0,Poor
GN,Goldeneye,5880,JAN-2019,8,Good
GN,Goldeneye,5880,FEB-2019,6,Good
GD,Goosander,5990,OCT-2012,0,Good
GD,Goosander,5990,DEC-2012,0,Good
GD,Goosander,5990,JAN-2013,0,Good
GD,Goosander,5990,FEB-2013,0,Good
GD,Goosander,5990,OCT-2013,0,Good
GD,Goosander,5990,DEC-2013,0,Poor
GD,Goosander,5990,JAN-2014,0,Good
GD,Goosander,5990,FEB-2014,0,Good
GD,Goosander,5990,OCT-2014,8,Good
GD,Goosander,5990,DEC-2014,0,Good
GD,Goosander,5990,JAN-2015,0,Good
GD,Goosander,5990,FEB-2015,0,Good
GD,Goosander,5990,OCT-2015,12,Good
GD,Goosander,5990,DEC-2015,0,Good
GD,Goosander,5990,JAN-2016,0,Good
GD,Goosander,5990,FEB-2016,0,Good
GD,Goosander,5990,OCT-2016,0,Good
GD,Goosander,5990,DEC-2016,0,Good
GD,Goosander,5990,JAN-2017,0,Good
GD,Goosander,5990,FEB-2017,0,Good
GD,Goosander,5990,OCT-2017,0,Good
GD,Goosander,5990,DEC-2017,0,Good
GD,Goosander,5990,JAN-2018,0,Good
GD,Goosander,5990,FEB-2018,0,Good
GD,Goosander,5990,OCT-2018,2,Good
GD,Goosander,5990,DEC-2018,0,Poor
GD,Goosander,5990,JAN-2019,0,Good
GD,Goosander,5990,FEB-2019,0,Good
RM,Red-breasted Merganser,6030,OCT-2012,0,Good
RM,Red-breasted Merganser,6030,DEC-2012,0,Good
RM,Red-breasted Merganser,6030,JAN-2013,0,Good
RM,Red-breasted Merganser,6030,FEB-2013,0,Good
RM,Red-breasted Merganser,6030,OCT-2013,0,Good
RM,Red-breasted Merganser,6030,DEC-2013,0,Poor
RM,Red-breasted Merganser,6030,JAN-2014,0,Good
RM,Red-breasted Merganser,6030,FEB-2014,1,Good
RM,Red-breasted Merganser,6030,OCT-2014,3,Good
RM,Red-breasted Merganser,6030,DEC-2014,2,Good
RM,Red-breasted Merganser,6030,JAN-2015,0,Good
RM,Red-breasted Merganser,6030,FEB-2015,0,Good
RM,Red-breasted Merganser,6030,OCT-2015,0,Good
RM,Red-breasted Merganser,6030,DEC-2015,1,Good
RM,Red-breasted Merganser,6030,JAN-2016,12,Good
RM,Red-breasted Merganser,6030,FEB-2016,0,Good
RM,Red-breasted Merganser,6030,OCT-2016,0,Good
RM,Red-breasted Merganser,6030,DEC-2016,0,Good
RM,Red-breasted Merganser,6030,JAN-2017,3,Good
RM,Red-breasted Merganser,6030,FEB-2017,0,Good
RM,Red-breasted Merganser,6030,OCT-2017,0,Good
RM,Red-breasted Merganser,6030,DEC-2017,4,Good
RM,Red-breasted Merganser,6030,JAN-2018,0,Good
RM,Red-breasted Merganser,6030,FEB-2018,0,Good
RM,Red-breasted Merganser,6030,OCT-2018,0,Good
RM,Red-breasted Merganser,6030,DEC-2018,2,Poor
RM,Red-breasted Merganser,6030,JAN-2019,0,Good
RM,Red-breasted Merganser,6030,FEB-2019,0,Good
LG,Little Grebe,19830,OCT-2012,0,Good
LG,Little Grebe,19830,DEC-2012,2,Good
LG,Little Grebe,19830,JAN-2013,0,Good
LG,Little Grebe,19830,FEB-2013,0,Good
LG,Little Grebe,19830,OCT-2013,0,Good
LG,Little Grebe,19830,DEC-2013,0,Poor
LG,Little Grebe,19830,JAN-2014,0,Good
LG,Little Grebe,19830,FEB-2014,0,Good
LG,Little Grebe,19830,OCT-2014,2,Good
LG,Little Grebe,19830,DEC-2014,2,Good
LG,Little Grebe,19830,JAN-2015,1,Good
LG,Little Grebe,19830,FEB-2015,0,Good
LG,Little Grebe,19830,OCT-2015,1,Good
LG,Little Grebe,19830,DEC-2015,0,Good
LG,Little Grebe,19830,JAN-2016,0,Good
LG,Little Grebe,19830,FEB-2016,0,Good
LG,Little Grebe,19830,OCT-2016,0,Good
LG,Little Grebe,19830,DEC-2016,0,Good
LG,Little Grebe,19830,JAN-2017,1,Good
LG,Little Grebe,19830,FEB-2017,0,Good
LG,Little Grebe,19830,OCT-2017,0,Good
LG,Little Grebe,19830,DEC-2017,2,Good
LG,Little Grebe,19830,JAN-2018,1,Good
LG,Little Grebe,19830,FEB-2018,0,Good
LG,Little Grebe,19830,OCT-2018,0,Good
LG,Little Grebe,19830,DEC-2018,0,Poor
LG,Little Grebe,19830,JAN-2019,0,Good
LG,Little Grebe,19830,FEB-2019,0,Good
SZ,Slavonian Grebe,20350,OCT-2012,4,Good
SZ,Slavonian Grebe,20350,DEC-2012,1,Good
SZ,Slavonian Grebe,20350,JAN-2013,0,Good
SZ,Slavonian Grebe,20350,FEB-2013,0,Good
SZ,Slavonian Grebe,20350,OCT-2013,1,Good
SZ,Slavonian Grebe,20350,DEC-2013,1,Poor
SZ,Slavonian Grebe,20350,JAN-2014,0,Good
SZ,Slavonian Grebe,20350,FEB-2014,0,Good
SZ,Slavonian Grebe,20350,OCT-2014,1,Good
SZ,Slavonian Grebe,20350,DEC-2014,1,Good
SZ,Slavonian Grebe,20350,JAN-2015,2,Good
SZ,Slavonian Grebe,20350,FEB-2015,0,Good
SZ,Slavonian Grebe,20350,OCT-2015,2,Good
SZ,Slavonian Grebe,20350,DEC-2015,2,Good
SZ,Slavonian Grebe,20350,JAN-2016,4,Good
SZ,Slavonian Grebe,20350,FEB-2016,0,Good
SZ,Slavonian Grebe,20350,OCT-2016,2,Good
SZ,Slavonian Grebe,20350,DEC-2016,0,Good
SZ,Slavonian Grebe,20350,JAN-2017,11,Good
SZ,Slavonian Grebe,20350,FEB-2017,2,Good
SZ,Slavonian Grebe,20350,OCT-2017,3,Good
SZ,Slavonian Grebe,20350,DEC-2017,5,Good
SZ,Slavonian Grebe,20350,JAN-2018,3,Good
SZ,Slavonian Grebe,20350,FEB-2018,3,Good
SZ,Slavonian Grebe,20350,OCT-2018,2,Good
SZ,Slavonian Grebe,20350,DEC-2018,0,Poor
SZ,Slavonian Grebe,20350,JAN-2019,4,Good
SZ,Slavonian Grebe,20350,FEB-2019,1,Good
H.,Grey Heron,23270,OCT-2012,3,Good
H.,Grey Heron,23270,DEC-2012,1,Good
H.,Grey Heron,23270,JAN-2013,4,Good
H.,Grey Heron,23270,FEB-2013,0,Good
H.,Grey Heron,23270,OCT-2013,19,Good
H.,Grey Heron,23270,DEC-2013,7,Poor
H.,Grey Heron,23270,JAN-2014,16,Good
H.,Grey Heron,23270,FEB-2014,2,Good
H.,Grey Heron,23270,OCT-2014,13,Good
H.,Grey Heron,23270,DEC-2014,3,Good
H.,Grey Heron,23270,JAN-2015,4,Good
H.,Grey Heron,23270,FEB-2015,0,Good
H.,Grey Heron,23270,OCT-2015,18,Good
H.,Grey Heron,23270,DEC-2015,17,Good
H.,Grey Heron,23270,JAN-2016,0,Good
H.,Grey Heron,23270,FEB-2016,0,Good
H.,Grey Heron,23270,OCT-2016,14,Good
H.,Grey Heron,23270,DEC-2016,16,Good
H.,Grey Heron,23270,JAN-2017,14,Good
H.,Grey Heron,23270,FEB-2017,0,Good
H.,Grey Heron,23270,OCT-2017,24,Good
H.,Grey Heron,23270,DEC-2017,22,Good
H.,Grey Heron,23270,JAN-2018,18,Good
H.,Grey Heron,23270,FEB-2018,0,Good
H.,Grey Heron,23270,OCT-2018,0,Good
H.,Grey Heron,23270,DEC-2018,14,Poor
H.,Grey Heron,23270,JAN-2019,14,Good
H.,Grey Heron,23270,FEB-2019,0,Good
CA,Cormorant,25040,OCT-2012,1,Good
CA,Cormorant,25040,DEC-2012,1,Good
CA,Cormorant,25040,JAN-2013,0,Good
CA,Cormorant,25040,FEB-2013,0,Good
CA,Cormorant,25040,OCT-2013,2,Good
CA,Cormorant,25040,DEC-2013,1,Poor
CA,Cormorant,25040,JAN-2014,2,Good
CA,Cormorant,25040,FEB-2014,2,Good
CA,Cormorant,25040,OCT-2014,5,Good
CA,Cormorant,25040,DEC-2014,3,Good
CA,Cormorant,25040,JAN-2015,1,Good
CA,Cormorant,25040,FEB-2015,0,Good
CA,Cormorant,25040,OCT-2015,1,Good
CA,Cormorant,25040,DEC-2015,9,Good
CA,Cormorant,25040,JAN-2016,0,Good
CA,Cormorant,25040,FEB-2016,3,Good
CA,Cormorant,25040,OCT-2016,1,Good
CA,Cormorant,25040,DEC-2016,3,Good
CA,Cormorant,25040,JAN-2017,2,Good
CA,Cormorant,25040,FEB-2017,0,Good
CA,Cormorant,25040,OCT-2017,7,Good
CA,Cormorant,25040,DEC-2017,12,Good
CA,Cormorant,25040,JAN-2018,4,Good
CA,Cormorant,25040,FEB-2018,4,Good
CA,Cormorant,25040,OCT-2018,3,Good
CA,Cormorant,25040,DEC-2018,6,Poor
CA,Cormorant,25040,JAN-2019,3,Good
CA,Cormorant,25040,FEB-2019,5,Good
OC,Oystercatcher,39840,OCT-2012,232,Good
OC,Oystercatcher,39840,DEC-2012,300,Good
OC,Oystercatcher,39840,JAN-2013,240,Good
OC,Oystercatcher,39840,FEB-2013,290,Good
OC,Oystercatcher,39840,OCT-2013,193,Good
OC,Oystercatcher,39840,DEC-2013,32,Poor
OC,Oystercatcher,39840,JAN-2014,220,Good
OC,Oystercatcher,39840,FEB-2014,310,Good
OC,Oystercatcher,39840,OCT-2014,220,Good
OC,Oystercatcher,39840,DEC-2014,148,Good
OC,Oystercatcher,39840,JAN-2015,230,Good
OC,Oystercatcher,39840,FEB-2015,116,Good
OC,Oystercatcher,39840,OCT-2015,229,Good
OC,Oystercatcher,39840,DEC-2015,112,Good
OC,Oystercatcher,39840,JAN-2016,180,Good
OC,Oystercatcher,39840,FEB-2016,140,Good
OC,Oystercatcher,39840,OCT-2016,246,Good
OC,Oystercatcher,39840,DEC-2016,60,Good
OC,Oystercatcher,39840,JAN-2017,351,Good
OC,Oystercatcher,39840,FEB-2017,310,Good
OC,Oystercatcher,39840,OCT-2017,243,Good
OC,Oystercatcher,39840,DEC-2017,260,Good
OC,Oystercatcher,39840,JAN-2018,202,Good
OC,Oystercatcher,39840,FEB-2018,207,Good
OC,Oystercatcher,39840,OCT-2018,133,Good
OC,Oystercatcher,39840,DEC-2018,194,Poor
OC,Oystercatcher,39840,JAN-2019,210,Good
OC,Oystercatcher,39840,FEB-2019,145,Good
L.,Lapwing,40200,OCT-2012,0,Good
L.,Lapwing,40200,DEC-2012,0,Good
L.,Lapwing,40200,JAN-2013,0,Good
L.,Lapwing,40200,FEB-2013,0,Good
L.,Lapwing,40200,OCT-2013,0,Good
L.,Lapwing,40200,DEC-2013,0,Poor
L.,Lapwing,40200,JAN-2014,0,Good
L.,Lapwing,40200,FEB-2014,2,Good
L.,Lapwing,40200,OCT-2014,0,Good
L.,Lapwing,40200,DEC-2014,0,Good
L.,Lapwing,40200,JAN-2015,0,Good
L.,Lapwing,40200,FEB-2015,35,Good
L.,Lapwing,40200,OCT-2015,0,Good
L.,Lapwing,40200,DEC-2015,0,Good
L.,Lapwing,40200,JAN-2016,0,Good
L.,Lapwing,40200,FEB-2016,0,Good
L.,Lapwing,40200,OCT-2016,0,Good
L.,Lapwing,40200,DEC-2016,0,Good
L.,Lapwing,40200,JAN-2017,0,Good
L.,Lapwing,40200,FEB-2017,0,Good
L.,Lapwing,40200,OCT-2017,0,Good
L.,Lapwing,40200,DEC-2017,50,Good
L.,Lapwing,40200,JAN-2018,0,Good
L.,Lapwing,40200,FEB-2018,0,Good
L.,Lapwing,40200,OCT-2018,0,Good
L.,Lapwing,40200,DEC-2018,0,Poor
L.,Lapwing,40200,JAN-2019,0,Good
L.,Lapwing,40200,FEB-2019,0,Good
RP,Ringed Plover,40830,OCT-2012,0,Good
RP,Ringed Plover,40830,DEC-2012,0,Good
RP,Ringed Plover,40830,JAN-2013,0,Good
RP,Ringed Plover,40830,FEB-2013,0,Good
RP,Ringed Plover,40830,OCT-2013,0,Good
RP,Ringed Plover,40830,DEC-2013,0,Poor
RP,Ringed Plover,40830,JAN-2014,0,Good
RP,Ringed Plover,40830,FEB-2014,0,Good
RP,Ringed Plover,40830,OCT-2014,0,Good
RP,Ringed Plover,40830,DEC-2014,0,Good
RP,Ringed Plover,40830,JAN-2015,0,Good
RP,Ringed Plover,40830,FEB-2015,0,Good
RP,Ringed Plover,40830,OCT-2015,0,Good
RP,Ringed Plover,40830,DEC-2015,0,Good
RP,Ringed Plover,40830,JAN-2016,0,Good
RP,Ringed Plover,40830,FEB-2016,0,Good
RP,Ringed Plover,40830,OCT-2016,17,Good
RP,Ringed Plover,40830,DEC-2016,0,Good
RP,Ringed Plover,40830,JAN-2017,0,Good
RP,Ringed Plover,40830,FEB-2017,0,Good
RP,Ringed Plover,40830,OCT-2017,0,Good
RP,Ringed Plover,40830,DEC-2017,0,Good
RP,Ringed Plover,40830,JAN-2018,2,Good
RP,Ringed Plover,40830,FEB-2018,0,Good
RP,Ringed Plover,40830,OCT-2018,0,Good
RP,Ringed Plover,40830,DEC-2018,0,Poor
RP,Ringed Plover,40830,JAN-2019,0,Good
RP,Ringed Plover,40830,FEB-2019,0,Good
CU,Curlew,42320,OCT-2012,23,Good
CU,Curlew,42320,DEC-2012,65,Good
CU,Curlew,42320,JAN-2013,60,Good
CU,Curlew,42320,FEB-2013,128,Good
CU,Curlew,42320,OCT-2013,67,Good
CU,Curlew,42320,DEC-2013,6,Poor
CU,Curlew,42320,JAN-2014,116,Good
CU,Curlew,42320,FEB-2014,101,Good
CU,Curlew,42320,OCT-2014,40,Good
CU,Curlew,42320,DEC-2014,91,Good
CU,Curlew,42320,JAN-2015,56,Good
CU,Curlew,42320,FEB-2015,124,Good
CU,Curlew,42320,OCT-2015,27,Good
CU,Curlew,42320,DEC-2015,45,Good
CU,Curlew,42320,JAN-2016,52,Good
CU,Curlew,42320,FEB-2016,62,Good
CU,Curlew,42320,OCT-2016,68,Good
CU,Curlew,42320,DEC-2016,74,Good
CU,Curlew,42320,JAN-2017,113,Good
CU,Curlew,42320,FEB-2017,156,Good
CU,Curlew,42320,OCT-2017,184,Good
CU,Curlew,42320,DEC-2017,116,Good
CU,Curlew,42320,JAN-2018,114,Good
CU,Curlew,42320,FEB-2018,131,Good
CU,Curlew,42320,OCT-2018,87,Good
CU,Curlew,42320,DEC-2018,43,Poor
CU,Curlew,42320,JAN-2019,22,Good
CU,Curlew,42320,FEB-2019,61,Good
BA,Bar-tailed Godwit,42370,OCT-2012,0,Good
BA,Bar-tailed Godwit,42370,DEC-2012,0,Good
BA,Bar-tailed Godwit,42370,JAN-2013,0,Good
BA,Bar-tailed Godwit,42370,FEB-2013,0,Good
BA,Bar-tailed Godwit,42370,OCT-2013,2,Good
BA,Bar-tailed Godwit,42370,DEC-2013,0,Poor
BA,Bar-tailed Godwit,42370,JAN-2014,0,Good
BA,Bar-tailed Godwit,42370,FEB-2014,180,Good
BA,Bar-tailed Godwit,42370,OCT-2014,3,Good
BA,Bar-tailed Godwit,42370,DEC-2014,23,Good
BA,Bar-tailed Godwit,42370,JAN-2015,40,Good
BA,Bar-tailed Godwit,42370,FEB-2015,260,Good
BA,Bar-tailed Godwit,42370,OCT-2015,3,Good
BA,Bar-tailed Godwit,42370,DEC-2015,14,Good
BA,Bar-tailed Godwit,42370,JAN-2016,5,Good
BA,Bar-tailed Godwit,42370,FEB-2016,122,Good
BA,Bar-tailed Godwit,42370,OCT-2016,0,Good
BA,Bar-tailed Godwit,42370,DEC-2016,44,Good
BA,Bar-tailed Godwit,42370,JAN-2017,4,Good
BA,Bar-tailed Godwit,42370,FEB-2017,8,Good
BA,Bar-tailed Godwit,42370,OCT-2017,0,Good
BA,Bar-tailed Godwit,42370,DEC-2017,0,Good
BA,Bar-tailed Godwit,42370,JAN-2018,25,Good
BA,Bar-tailed Godwit,42370,FEB-2018,2,Good
BA,Bar-tailed Godwit,42370,OCT-2018,150,Good
BA,Bar-tailed Godwit,42370,DEC-2018,12,Poor
BA,Bar-tailed Godwit,42370,JAN-2019,81,Good
BA,Bar-tailed Godwit,42370,FEB-2019,23,Good
BW,Black-tailed Godwit,42420,OCT-2012,0,Good
BW,Black-tailed Godwit,42420,DEC-2012,0,Good
BW,Black-tailed Godwit,42420,JAN-2013,0,Good
BW,Black-tailed Godwit,42420,FEB-2013,0,Good
BW,Black-tailed Godwit,42420,OCT-2013,0,Good
BW,Black-tailed Godwit,42420,DEC-2013,0,Poor
BW,Black-tailed Godwit,42420,JAN-2014,0,Good
BW,Black-tailed Godwit,42420,FEB-2014,0,Good
BW,Black-tailed Godwit,42420,OCT-2014,0,Good
BW,Black-tailed Godwit,42420,DEC-2014,0,Good
BW,Black-tailed Godwit,42420,JAN-2015,0,Good
BW,Black-tailed Godwit,42420,FEB-2015,0,Good
BW,Black-tailed Godwit,42420,OCT-2015,2,Good
BW,Black-tailed Godwit,42420,DEC-2015,0,Good
BW,Black-tailed Godwit,42420,JAN-2016,0,Good
BW,Black-tailed Godwit,42420,FEB-2016,31,Good
BW,Black-tailed Godwit,42420,OCT-2016,0,Good
BW,Black-tailed Godwit,42420,DEC-2016,0,Good
BW,Black-tailed Godwit,42420,JAN-2017,0,Good
BW,Black-tailed Godwit,42420,FEB-2017,0,Good
BW,Black-tailed Godwit,42420,OCT-2017,0,Good
BW,Black-tailed Godwit,42420,DEC-2017,7,Good
BW,Black-tailed Godwit,42420,JAN-2018,0,Good
BW,Black-tailed Godwit,42420,FEB-2018,0,Good
BW,Black-tailed Godwit,42420,OCT-2018,0,Good
BW,Black-tailed Godwit,42420,DEC-2018,0,Poor
BW,Black-tailed Godwit,42420,JAN-2019,0,Good
BW,Black-tailed Godwit,42420,FEB-2019,0,Good
TT,Turnstone,42510,OCT-2012,0,Good
TT,Turnstone,42510,DEC-2012,0,Good
TT,Turnstone,42510,JAN-2013,0,Good
TT,Turnstone,42510,FEB-2013,0,Good
TT,Turnstone,42510,OCT-2013,0,Good
TT,Turnstone,42510,DEC-2013,0,Poor
TT,Turnstone,42510,JAN-2014,0,Good
TT,Turnstone,42510,FEB-2014,0,Good
TT,Turnstone,42510,OCT-2014,0,Good
TT,Turnstone,42510,DEC-2014,0,Good
TT,Turnstone,42510,JAN-2015,0,Good
TT,Turnstone,42510,FEB-2015,0,Good
TT,Turnstone,42510,OCT-2015,0,Good
TT,Turnstone,42510,DEC-2015,0,Good
TT,Turnstone,42510,JAN-2016,0,Good
TT,Turnstone,42510,FEB-2016,0,Good
TT,Turnstone,42510,OCT-2016,0,Good
TT,Turnstone,42510,DEC-2016,2,Good
TT,Turnstone,42510,JAN-2017,0,Good
TT,Turnstone,42510,FEB-2017,0,Good
TT,Turnstone,42510,OCT-2017,0,Good
TT,Turnstone,42510,DEC-2017,1,Good
TT,Turnstone,42510,JAN-2018,0,Good
TT,Turnstone,42510,FEB-2018,0,Good
TT,Turnstone,42510,OCT-2018,0,Good
TT,Turnstone,42510,DEC-2018,0,Poor
TT,Turnstone,42510,JAN-2019,0,Good
TT,Turnstone,42510,FEB-2019,0,Good
KN,Knot,42620,OCT-2012,0,Good
KN,Knot,42620,DEC-2012,0,Good
KN,Knot,42620,JAN-2013,0,Good
KN,Knot,42620,FEB-2013,0,Good
KN,Knot,42620,OCT-2013,0,Good
KN,Knot,42620,DEC-2013,0,Poor
KN,Knot,42620,JAN-2014,0,Good
KN,Knot,42620,FEB-2014,1,Good
KN,Knot,42620,OCT-2014,0,Good
KN,Knot,42620,DEC-2014,3,Good
KN,Knot,42620,JAN-2015,0,Good
KN,Knot,42620,FEB-2015,240,Good
KN,Knot,42620,OCT-2015,1,Good
KN,Knot,42620,DEC-2015,22,Good
KN,Knot,42620,JAN-2016,0,Good
KN,Knot,42620,FEB-2016,210,Good
KN,Knot,42620,OCT-2016,0,Good
KN,Knot,42620,DEC-2016,4,Good
KN,Knot,42620,JAN-2017,0,Good
KN,Knot,42620,FEB-2017,23,Good
KN,Knot,42620,OCT-2017,0,Good
KN,Knot,42620,DEC-2017,5,Good
KN,Knot,42620,JAN-2018,12,Good
KN,Knot,42620,FEB-2018,0,Good
KN,Knot,42620,OCT-2018,130,Good
KN,Knot,42620,DEC-2018,0,Poor
KN,Knot,42620,JAN-2019,12,Good
KN,Knot,42620,FEB-2019,0,Good
DN,Dunlin,42840,OCT-2012,0,Good
DN,Dunlin,42840,DEC-2012,0,Good
DN,Dunlin,42840,JAN-2013,0,Good
DN,Dunlin,42840,FEB-2013,0,Good
DN,Dunlin,42840,OCT-2013,0,Good
DN,Dunlin,42840,DEC-2013,0,Poor
DN,Dunlin,42840,JAN-2014,0,Good
DN,Dunlin,42840,FEB-2014,0,Good
DN,Dunlin,42840,OCT-2014,0,Good
DN,Dunlin,42840,DEC-2014,0,Good
DN,Dunlin,42840,JAN-2015,0,Good
DN,Dunlin,42840,FEB-2015,0,Good
DN,Dunlin,42840,OCT-2015,0,Good
DN,Dunlin,42840,DEC-2015,0,Good
DN,Dunlin,42840,JAN-2016,0,Good
DN,Dunlin,42840,FEB-2016,0,Good
DN,Dunlin,42840,OCT-2016,5,Good
DN,Dunlin,42840,DEC-2016,1,Good
DN,Dunlin,42840,JAN-2017,0,Good
DN,Dunlin,42840,FEB-2017,3,Good
DN,Dunlin,42840,OCT-2017,0,Good
DN,Dunlin,42840,DEC-2017,0,Good
DN,Dunlin,42840,JAN-2018,3,Good
DN,Dunlin,42840,FEB-2018,0,Good
DN,Dunlin,42840,OCT-2018,0,Good
DN,Dunlin,42840,DEC-2018,180,Poor
DN,Dunlin,42840,JAN-2019,0,Good
DN,Dunlin,42840,FEB-2019,0,Good
JS,Jack Snipe,43390,OCT-2012,0,Good
JS,Jack Snipe,43390,DEC-2012,0,Good
JS,Jack Snipe,43390,JAN-2013,0,Good
JS,Jack Snipe,43390,FEB-2013,0,Good
JS,Jack Snipe,43390,OCT-2013,0,Good
JS,Jack Snipe,43390,DEC-2013,0,Poor
JS,Jack Snipe,43390,JAN-2014,0,Good
JS,Jack Snipe,43390,FEB-2014,0,Good
JS,Jack Snipe,43390,OCT-2014,0,Good
JS,Jack Snipe,43390,DEC-2014,6,Good
JS,Jack Snipe,43390,JAN-2015,0,Good
JS,Jack Snipe,43390,FEB-2015,0,Good
JS,Jack Snipe,43390,OCT-2015,0,Good
JS,Jack Snipe,43390,DEC-2015,0,Good
JS,Jack Snipe,43390,JAN-2016,0,Good
JS,Jack Snipe,43390,FEB-2016,0,Good
JS,Jack Snipe,43390,OCT-2016,0,Good
JS,Jack Snipe,43390,DEC-2016,0,Good
JS,Jack Snipe,43390,JAN-2017,0,Good
JS,Jack Snipe,43390,FEB-2017,0,Good
JS,Jack Snipe,43390,OCT-2017,0,Good
JS,Jack Snipe,43390,DEC-2017,0,Good
JS,Jack Snipe,43390,JAN-2018,0,Good
JS,Jack Snipe,43390,FEB-2018,1,Good
JS,Jack Snipe,43390,OCT-2018,0,Good
JS,Jack Snipe,43390,DEC-2018,0,Poor
JS,Jack Snipe,43390,JAN-2019,0,Good
JS,Jack Snipe,43390,FEB-2019,0,Good
SN,Snipe,43540,OCT-2012,0,Good
SN,Snipe,43540,DEC-2012,0,Good
SN,Snipe,43540,JAN-2013,0,Good
SN,Snipe,43540,FEB-2013,0,Good
SN,Snipe,43540,OCT-2013,0,Good
SN,Snipe,43540,DEC-2013,0,Poor
SN,Snipe,43540,JAN-2014,0,Good
SN,Snipe,43540,FEB-2014,0,Good
SN,Snipe,43540,OCT-2014,0,Good
SN,Snipe,43540,DEC-2014,1,Good
SN,Snipe,43540,JAN-2015,0,Good
SN,Snipe,43540,FEB-2015,1,Good
SN,Snipe,43540,OCT-2015,0,Good
SN,Snipe,43540,DEC-2015,0,Good
SN,Snipe,43540,JAN-2016,0,Good
SN,Snipe,43540,FEB-2016,0,Good
SN,Snipe,43540,OCT-2016,2,Good
SN,Snipe,43540,DEC-2016,0,Good
SN,Snipe,43540,JAN-2017,0,Good
SN,Snipe,43540,FEB-2017,0,Good
SN,Snipe,43540,OCT-2017,0,Good
SN,Snipe,43540,DEC-2017,0,Good
SN,Snipe,43540,JAN-2018,0,Good
SN,Snipe,43540,FEB-2018,13,Good
SN,Snipe,43540,OCT-2018,6,Good
SN,Snipe,43540,DEC-2018,3,Poor
SN,Snipe,43540,JAN-2019,0,Good
SN,Snipe,43540,FEB-2019,0,Good
RK,Redshank,43920,OCT-2012,113,Good
RK,Redshank,43920,DEC-2012,140,Good
RK,Redshank,43920,JAN-2013,45,Good
RK,Redshank,43920,FEB-2013,88,Good
RK,Redshank,43920,OCT-2013,25,Good
RK,Redshank,43920,DEC-2013,75,Poor
RK,Redshank,43920,JAN-2014,157,Good
RK,Redshank,43920,FEB-2014,67,Good
RK,Redshank,43920,OCT-2014,168,Good
RK,Redshank,43920,DEC-2014,140,Good
RK,Redshank,43920,JAN-2015,127,Good
RK,Redshank,43920,FEB-2015,181,Good
RK,Redshank,43920,OCT-2015,25,Good
RK,Redshank,43920,DEC-2015,97,Good
RK,Redshank,43920,JAN-2016,124,Good
RK,Redshank,43920,FEB-2016,130,Good
RK,Redshank,43920,OCT-2016,166,Good
RK,Redshank,43920,DEC-2016,15,Good
RK,Redshank,43920,JAN-2017,74,Good
RK,Redshank,43920,FEB-2017,45,Good
RK,Redshank,43920,OCT-2017,143,Good
RK,Redshank,43920,DEC-2017,227,Good
RK,Redshank,43920,JAN-2018,172,Good
RK,Redshank,43920,FEB-2018,159,Good
RK,Redshank,43920,OCT-2018,204,Good
RK,Redshank,43920,DEC-2018,100,Poor
RK,Redshank,43920,JAN-2019,134,Good
RK,Redshank,43920,FEB-2019,125,Good
GK,Greenshank,44020,OCT-2012,0,Good
GK,Greenshank,44020,DEC-2012,0,Good
GK,Greenshank,44020,JAN-2013,0,Good
GK,Greenshank,44020,FEB-2013,0,Good
GK,Greenshank,44020,OCT-2013,0,Good
GK,Greenshank,44020,DEC-2013,0,Poor
GK,Greenshank,44020,JAN-2014,0,Good
GK,Greenshank,44020,FEB-2014,0,Good
GK,Greenshank,44020,OCT-2014,0,Good
GK,Greenshank,44020,DEC-2014,0,Good
GK,Greenshank,44020,JAN-2015,0,Good
GK,Greenshank,44020,FEB-2015,0,Good
GK,Greenshank,44020,OCT-2015,1,Good
GK,Greenshank,44020,DEC-2015,0,Good
GK,Greenshank,44020,JAN-2016,0,Good
GK,Greenshank,44020,FEB-2016,0,Good
GK,Greenshank,44020,OCT-2016,0,Good
GK,Greenshank,44020,DEC-2016,0,Good
GK,Greenshank,44020,JAN-2017,0,Good
GK,Greenshank,44020,FEB-2017,0,Good
GK,Greenshank,44020,OCT-2017,0,Good
GK,Greenshank,44020,DEC-2017,0,Good
GK,Greenshank,44020,JAN-2018,0,Good
GK,Greenshank,44020,FEB-2018,0,Good
GK,Greenshank,44020,OCT-2018,1,Good
GK,Greenshank,44020,DEC-2018,0,Poor
GK,Greenshank,44020,JAN-2019,0,Good
GK,Greenshank,44020,FEB-2019,0,Good
BH,Black-headed Gull,45190,OCT-2012,1,Good
BH,Black-headed Gull,45190,DEC-2012,0,Good
BH,Black-headed Gull,45190,DEC-2013,0,Poor
BH,Black-headed Gull,45190,FEB-2014,0,Good
BH,Black-headed Gull,45190,OCT-2014,61,Good
BH,Black-headed Gull,45190,FEB-2015,0,Good
BH,Black-headed Gull,45190,JAN-2018,0,Good
BH,Black-headed Gull,45190,FEB-2018,0,Good
CM,Common Gull,45530,OCT-2012,0,Good
CM,Common Gull,45530,DEC-2012,0,Good
CM,Common Gull,45530,DEC-2013,0,Poor
CM,Common Gull,45530,FEB-2014,1,Good
CM,Common Gull,45530,OCT-2014,42,Good
CM,Common Gull,45530,FEB-2015,32,Good
CM,Common Gull,45530,JAN-2018,0,Good
CM,Common Gull,45530,FEB-2018,0,Good
GB,Great Black-backed Gull,45620,OCT-2012,0,Good
GB,Great Black-backed Gull,45620,DEC-2012,1,Good
GB,Great Black-backed Gull,45620,DEC-2013,0,Poor
GB,Great Black-backed Gull,45620,FEB-2014,1,Good
GB,Great Black-backed Gull,45620,OCT-2014,1,Good
GB,Great Black-backed Gull,45620,FEB-2015,2,Good
GB,Great Black-backed Gull,45620,JAN-2018,0,Good
GB,Great Black-backed Gull,45620,FEB-2018,0,Good
HG,Herring Gull,45830,OCT-2012,3,Good
HG,Herring Gull,45830,DEC-2012,5,Good
HG,Herring Gull,45830,DEC-2013,2,Poor
HG,Herring Gull,45830,FEB-2014,0,Good
HG,Herring Gull,45830,OCT-2014,2,Good
HG,Herring Gull,45830,FEB-2015,0,Good
HG,Herring Gull,45830,JAN-2018,0,Good
HG,Herring Gull,45830,FEB-2018,0,Good
