SpeciesCode,Species,TaxonSort,Visit,Count,SpeciesCover
MS,Mute Swan,3380,OCT-1999,2,Good
MS,Mute Swan,3380,DEC-1999,0,Good
MS,Mute Swan,3380,JAN-2000,0,Good
MS,Mute Swan,3380,FEB-2000,2,Good
MS,Mute Swan,3380,OCT-2000,0,Good
MS,Mute Swan,3380,DEC-2000,0,Good
MS,Mute Swan,3380,JAN-2001,0,Good
MS,Mute Swan,3380,FEB-2001,2,Good
MS,Mute Swan,3380,OCT-2001,0,Good
MS,Mute Swan,3380,DEC-2001,2,Good
MS,Mute Swan,3380,JAN-2002,0,Good
MS,Mute Swan,3380,FEB-2002,0,Good
MS,Mute Swan,3380,OCT-2002,0,Good
MS,Mute Swan,3380,DEC-2002,0,Good
MS,Mute Swan,3380,JAN-2003,0,Good
MS,Mute Swan,3380,FEB-2003,0,Good
MS,Mute Swan,3380,OCT-2003,0,Good
MS,Mute Swan,3380,DEC-2003,0,Good
MS,Mute Swan,3380,JAN-2004,0,Good
MS,Mute Swan,3380,FEB-2004,0,Good
MS,Mute Swan,3380,OCT-2004,2,Good
MS,Mute Swan,3380,DEC-2004,0,Good
MS,Mute Swan,3380,JAN-2005,0,Good
MS,Mute Swan,3380,FEB-2005,0,Good
MS,Mute Swan,3380,OCT-2005,0,Good
MS,Mute Swan,3380,DEC-2005,0,Good
MS,Mute Swan,3380,JAN-2006,0,Good
MS,Mute Swan,3380,FEB-2006,0,Good
MS,Mute Swan,3380,OCT-2006,1,Good
MS,Mute Swan,3380,DEC-2006,0,Poor
MS,Mute Swan,3380,JAN-2007,0,Good
MS,Mute Swan,3380,FEB-2007,0,Good
MS,Mute Swan,3380,OCT-2007,0,Good
MS,Mute Swan,3380,DEC-2007,0,Poor
MS,Mute Swan,3380,JAN-2008,0,Poor
MS,Mute Swan,3380,FEB-2008,0,Good
MS,Mute Swan,3380,OCT-2008,0,Poor
MS,Mute Swan,3380,DEC-2008,0,Good
MS,Mute Swan,3380,JAN-2009,0,Good
MS,Mute Swan,3380,FEB-2009,0,Good
MS,Mute Swan,3380,OCT-2009,2,Good
MS,Mute Swan,3380,DEC-2009,0,Good
MS,Mute Swan,3380,JAN-2010,0,Good
MS,Mute Swan,3380,FEB-2010,0,Good
MS,Mute Swan,3380,OCT-2010,0,Good
MS,Mute Swan,3380,DEC-2010,0,Good
MS,Mute Swan,3380,JAN-2011,0,Good
MS,Mute Swan,3380,FEB-2011,0,Good
MS,Mute Swan,3380,OCT-2011,0,Poor
MS,Mute Swan,3380,DEC-2011,0,Good
MS,Mute Swan,3380,JAN-2012,1,Good
MS,Mute Swan,3380,FEB-2012,0,Good
MS,Mute Swan,3380,JUN-2012,0,Good
MS,Mute Swan,3380,OCT-2012,0,Good
MS,Mute Swan,3380,DEC-2012,0,Good
MS,Mute Swan,3380,JAN-2013,0,Good
MS,Mute Swan,3380,FEB-2013,1,Good
MS,Mute Swan,3380,OCT-2013,0,Good
MS,Mute Swan,3380,DEC-2013,0,Poor
MS,Mute Swan,3380,JAN-2014,0,Good
MS,Mute Swan,3380,FEB-2014,0,Good
MS,Mute Swan,3380,OCT-2014,0,Good
MS,Mute Swan,3380,DEC-2014,0,Good
MS,Mute Swan,3380,JAN-2015,0,Good
MS,Mute Swan,3380,FEB-2015,1,Good
MS,Mute Swan,3380,OCT-2015,0,Good
MS,Mute Swan,3380,DEC-2015,0,Good
MS,Mute Swan,3380,JAN-2016,0,Good
MS,Mute Swan,3380,FEB-2016,0,Good
MS,Mute Swan,3380,OCT-2016,0,Good
MS,Mute Swan,3380,DEC-2016,2,Good
MS,Mute Swan,3380,JAN-2017,2,Good
MS,Mute Swan,3380,FEB-2017,1,Good
MS,Mute Swan,3380,OCT-2017,0,Good
MS,Mute Swan,3380,DEC-2017,0,Good
MS,Mute Swan,3380,JAN-2018,0,Poor
MS,Mute Swan,3380,FEB-2018,0,Good
MS,Mute Swan,3380,OCT-2018,0,Good
MS,Mute Swan,3380,DEC-2018,0,Good
MS,Mute Swan,3380,JAN-2019,0,Good
MS,Mute Swan,3380,FEB-2019,0,Good
WS,Whooper Swan,3430,OCT-1999,0,Good
WS,Whooper Swan,3430,DEC-1999,0,Good
WS,Whooper Swan,3430,JAN-2000,0,Good
WS,Whooper Swan,3430,FEB-2000,0,Good
WS,Whooper Swan,3430,OCT-2000,0,Good
WS,Whooper Swan,3430,DEC-2000,0,Good
WS,Whooper Swan,3430,JAN-2001,0,Good
WS,Whooper Swan,3430,FEB-2001,0,Good
WS,Whooper Swan,3430,OCT-2001,0,Good
WS,Whooper Swan,3430,DEC-2001,20,Good
WS,Whooper Swan,3430,JAN-2002,0,Good
WS,Whooper Swan,3430,FEB-2002,0,Good
WS,Whooper Swan,3430,OCT-2002,0,Good
WS,Whooper Swan,3430,DEC-2002,0,Good
WS,Whooper Swan,3430,JAN-2003,0,Good
WS,Whooper Swan,3430,FEB-2003,0,Good
WS,Whooper Swan,3430,OCT-2003,0,Good
WS,Whooper Swan,3430,DEC-2003,0,Good
WS,Whooper Swan,3430,JAN-2004,0,Good
WS,Whooper Swan,3430,FEB-2004,0,Good
WS,Whooper Swan,3430,OCT-2004,0,Good
WS,Whooper Swan,3430,DEC-2004,0,Good
WS,Whooper Swan,3430,JAN-2005,0,Good
WS,Whooper Swan,3430,FEB-2005,0,Good
WS,Whooper Swan,3430,OCT-2005,0,Good
WS,Whooper Swan,3430,DEC-2005,0,Good
WS,Whooper Swan,3430,JAN-2006,0,Good
WS,Whooper Swan,3430,FEB-2006,0,Good
WS,Whooper Swan,3430,OCT-2006,0,Good
WS,Whooper Swan,3430,DEC-2006,0,Poor
WS,Whooper Swan,3430,JAN-2007,0,Good
WS,Whooper Swan,3430,FEB-2007,0,Good
WS,Whooper Swan,3430,OCT-2007,0,Good
WS,Whooper Swan,3430,DEC-2007,0,Poor
WS,Whooper Swan,3430,JAN-2008,0,Poor
WS,Whooper Swan,3430,FEB-2008,0,Good
WS,Whooper Swan,3430,OCT-2008,0,Poor
WS,Whooper Swan,3430,DEC-2008,0,Good
WS,Whooper Swan,3430,JAN-2009,0,Good
WS,Whooper Swan,3430,FEB-2009,0,Good
WS,Whooper Swan,3430,OCT-2009,0,Good
WS,Whooper Swan,3430,DEC-2009,0,Good
WS,Whooper Swan,3430,JAN-2010,0,Good
WS,Whooper Swan,3430,FEB-2010,0,Good
WS,Whooper Swan,3430,OCT-2010,0,Good
WS,Whooper Swan,3430,DEC-2010,0,Good
WS,Whooper Swan,3430,JAN-2011,0,Good
WS,Whooper Swan,3430,FEB-2011,0,Good
WS,Whooper Swan,3430,OCT-2011,0,Poor
WS,Whooper Swan,3430,DEC-2011,0,Good
WS,Whooper Swan,3430,JAN-2012,0,Good
WS,Whooper Swan,3430,FEB-2012,0,Good
WS,Whooper Swan,3430,JUN-2012,0,Good
WS,Whooper Swan,3430,OCT-2012,0,Good
WS,Whooper Swan,3430,DEC-2012,0,Good
WS,Whooper Swan,3430,JAN-2013,0,Good
WS,Whooper Swan,3430,FEB-2013,0,Good
WS,Whooper Swan,3430,OCT-2013,0,Good
WS,Whooper Swan,3430,DEC-2013,0,Poor
WS,Whooper Swan,3430,JAN-2014,0,Good
WS,Whooper Swan,3430,FEB-2014,0,Good
WS,Whooper Swan,3430,OCT-2014,0,Good
WS,Whooper Swan,3430,DEC-2014,0,Good
WS,Whooper Swan,3430,JAN-2015,0,Good
WS,Whooper Swan,3430,FEB-2015,0,Good
WS,Whooper Swan,3430,OCT-2015,0,Good
WS,Whooper Swan,3430,DEC-2015,0,Good
WS,Whooper Swan,3430,JAN-2016,0,Good
WS,Whooper Swan,3430,FEB-2016,0,Good
WS,Whooper Swan,3430,OCT-2016,0,Good
WS,Whooper Swan,3430,DEC-2016,0,Good
WS,Whooper Swan,3430,JAN-2017,0,Good
WS,Whooper Swan,3430,FEB-2017,0,Good
WS,Whooper Swan,3430,OCT-2017,0,Good
WS,Whooper Swan,3430,DEC-2017,0,Good
WS,Whooper Swan,3430,JAN-2018,0,Poor
WS,Whooper Swan,3430,FEB-2018,0,Good
WS,Whooper Swan,3430,OCT-2018,0,Good
WS,Whooper Swan,3430,DEC-2018,0,Good
WS,Whooper Swan,3430,JAN-2019,0,Good
WS,Whooper Swan,3430,FEB-2019,0,Good
WN,Wigeon,4620,OCT-1999,4,Good
WN,Wigeon,4620,DEC-1999,156,Good
WN,Wigeon,4620,JAN-2000,4,Good
WN,Wigeon,4620,FEB-2000,64,Good
WN,Wigeon,4620,OCT-2000,86,Good
WN,Wigeon,4620,DEC-2000,35,Good
WN,Wigeon,4620,JAN-2001,86,Good
WN,Wigeon,4620,FEB-2001,4,Good
WN,Wigeon,4620,OCT-2001,13,Good
WN,Wigeon,4620,DEC-2001,68,Good
WN,Wigeon,4620,JAN-2002,62,Good
WN,Wigeon,4620,FEB-2002,14,Good
WN,Wigeon,4620,OCT-2002,65,Good
WN,Wigeon,4620,DEC-2002,40,Good
WN,Wigeon,4620,JAN-2003,44,Good
WN,Wigeon,4620,FEB-2003,71,Good
WN,Wigeon,4620,OCT-2003,2,Good
WN,Wigeon,4620,DEC-2003,65,Good
WN,Wigeon,4620,JAN-2004,46,Good
WN,Wigeon,4620,FEB-2004,70,Good
WN,Wigeon,4620,OCT-2004,49,Good
WN,Wigeon,4620,DEC-2004,48,Good
WN,Wigeon,4620,JAN-2005,37,Good
WN,Wigeon,4620,FEB-2005,55,Good
WN,Wigeon,4620,OCT-2005,12,Good
WN,Wigeon,4620,DEC-2005,86,Good
WN,Wigeon,4620,JAN-2006,76,Good
WN,Wigeon,4620,FEB-2006,88,Good
WN,Wigeon,4620,OCT-2006,4,Good
WN,Wigeon,4620,DEC-2006,77,Poor
WN,Wigeon,4620,JAN-2007,82,Good
WN,Wigeon,4620,FEB-2007,72,Good
WN,Wigeon,4620,OCT-2007,100,Good
WN,Wigeon,4620,DEC-2007,51,Poor
WN,Wigeon,4620,JAN-2008,23,Poor
WN,Wigeon,4620,FEB-2008,13,Good
WN,Wigeon,4620,OCT-2008,18,Poor
WN,Wigeon,4620,DEC-2008,14,Good
WN,Wigeon,4620,JAN-2009,102,Good
WN,Wigeon,4620,FEB-2009,67,Good
WN,Wigeon,4620,OCT-2009,2,Good
WN,Wigeon,4620,DEC-2009,26,Good
WN,Wigeon,4620,JAN-2010,63,Good
WN,Wigeon,4620,FEB-2010,51,Good
WN,Wigeon,4620,OCT-2010,8,Good
WN,Wigeon,4620,DEC-2010,90,Good
WN,Wigeon,4620,JAN-2011,22,Good
WN,Wigeon,4620,FEB-2011,52,Good
WN,Wigeon,4620,OCT-2011,46,Poor
WN,Wigeon,4620,DEC-2011,6,Good
WN,Wigeon,4620,JAN-2012,60,Good
WN,Wigeon,4620,FEB-2012,28,Good
WN,Wigeon,4620,JUN-2012,0,Good
WN,Wigeon,4620,OCT-2012,36,Good
WN,Wigeon,4620,DEC-2012,16,Good
WN,Wigeon,4620,JAN-2013,5,Good
WN,Wigeon,4620,FEB-2013,6,Good
WN,Wigeon,4620,OCT-2013,2,Good
WN,Wigeon,4620,DEC-2013,55,Poor
WN,Wigeon,4620,JAN-2014,51,Good
WN,Wigeon,4620,FEB-2014,3,Good
WN,Wigeon,4620,OCT-2014,18,Good
WN,Wigeon,4620,DEC-2014,18,Good
WN,Wigeon,4620,JAN-2015,23,Good
WN,Wigeon,4620,FEB-2015,101,Good
WN,Wigeon,4620,OCT-2015,61,Good
WN,Wigeon,4620,DEC-2015,1,Good
WN,Wigeon,4620,JAN-2016,5,Good
WN,Wigeon,4620,FEB-2016,40,Good
WN,Wigeon,4620,OCT-2016,10,Good
WN,Wigeon,4620,DEC-2016,16,Good
WN,Wigeon,4620,JAN-2017,44,Good
WN,Wigeon,4620,FEB-2017,61,Good
WN,Wigeon,4620,OCT-2017,0,Good
WN,Wigeon,4620,DEC-2017,6,Good
WN,Wigeon,4620,JAN-2018,7,Poor
WN,Wigeon,4620,FEB-2018,56,Good
WN,Wigeon,4620,OCT-2018,0,Good
WN,Wigeon,4620,DEC-2018,0,Good
WN,Wigeon,4620,JAN-2019,45,Good
WN,Wigeon,4620,FEB-2019,23,Good
MA,Mallard,4840,OCT-1999,84,Good
MA,Mallard,4840,DEC-1999,56,Good
MA,Mallard,4840,JAN-2000,41,Good
MA,Mallard,4840,FEB-2000,66,Good
MA,Mallard,4840,OCT-2000,48,Good
MA,Mallard,4840,DEC-2000,40,Good
MA,Mallard,4840,JAN-2001,106,Good
MA,Mallard,4840,FEB-2001,42,Good
MA,Mallard,4840,OCT-2001,48,Good
MA,Mallard,4840,DEC-2001,14,Good
MA,Mallard,4840,JAN-2002,24,Good
MA,Mallard,4840,FEB-2002,15,Good
MA,Mallard,4840,OCT-2002,13,Good
MA,Mallard,4840,DEC-2002,37,Good
MA,Mallard,4840,JAN-2003,16,Good
MA,Mallard,4840,FEB-2003,13,Good
MA,Mallard,4840,OCT-2003,12,Good
MA,Mallard,4840,DEC-2003,0,Good
MA,Mallard,4840,JAN-2004,3,Good
MA,Mallard,4840,FEB-2004,15,Good
MA,Mallard,4840,OCT-2004,5,Good
MA,Mallard,4840,DEC-2004,8,Good
MA,Mallard,4840,JAN-2005,25,Good
MA,Mallard,4840,FEB-2005,2,Good
MA,Mallard,4840,OCT-2005,0,Good
MA,Mallard,4840,DEC-2005,9,Good
MA,Mallard,4840,JAN-2006,0,Good
MA,Mallard,4840,FEB-2006,1,Good
MA,Mallard,4840,OCT-2006,0,Good
MA,Mallard,4840,DEC-2006,0,Poor
MA,Mallard,4840,JAN-2007,2,Good
MA,Mallard,4840,FEB-2007,2,Good
MA,Mallard,4840,OCT-2007,33,Good
MA,Mallard,4840,DEC-2007,17,Poor
MA,Mallard,4840,JAN-2008,5,Poor
MA,Mallard,4840,FEB-2008,0,Good
MA,Mallard,4840,OCT-2008,0,Poor
MA,Mallard,4840,DEC-2008,4,Good
MA,Mallard,4840,JAN-2009,3,Good
MA,Mallard,4840,FEB-2009,0,Good
MA,Mallard,4840,OCT-2009,0,Good
MA,Mallard,4840,DEC-2009,0,Good
MA,Mallard,4840,JAN-2010,29,Good
MA,Mallard,4840,FEB-2010,5,Good
MA,Mallard,4840,OCT-2010,15,Good
MA,Mallard,4840,DEC-2010,6,Good
MA,Mallard,4840,JAN-2011,0,Good
MA,Mallard,4840,FEB-2011,15,Good
MA,Mallard,4840,OCT-2011,0,Poor
MA,Mallard,4840,DEC-2011,16,Good
MA,Mallard,4840,JAN-2012,1,Good
MA,Mallard,4840,FEB-2012,5,Good
MA,Mallard,4840,JUN-2012,1,Good
MA,Mallard,4840,OCT-2012,0,Good
MA,Mallard,4840,DEC-2012,1,Good
MA,Mallard,4840,JAN-2013,2,Good
MA,Mallard,4840,FEB-2013,13,Good
MA,Mallard,4840,OCT-2013,8,Good
MA,Mallard,4840,DEC-2013,5,Poor
MA,Mallard,4840,JAN-2014,0,Good
MA,Mallard,4840,FEB-2014,45,Good
MA,Mallard,4840,OCT-2014,0,Good
MA,Mallard,4840,DEC-2014,0,Good
MA,Mallard,4840,JAN-2015,0,Good
MA,Mallard,4840,FEB-2015,14,Good
MA,Mallard,4840,OCT-2015,0,Good
MA,Mallard,4840,DEC-2015,0,Good
MA,Mallard,4840,JAN-2016,0,Good
MA,Mallard,4840,FEB-2016,7,Good
MA,Mallard,4840,OCT-2016,6,Good
MA,Mallard,4840,DEC-2016,13,Good
MA,Mallard,4840,JAN-2017,37,Good
MA,Mallard,4840,FEB-2017,0,Good
MA,Mallard,4840,OCT-2017,0,Good
MA,Mallard,4840,DEC-2017,2,Good
MA,Mallard,4840,JAN-2018,44,Poor
MA,Mallard,4840,FEB-2018,21,Good
MA,Mallard,4840,OCT-2018,43,Good
MA,Mallard,4840,DEC-2018,44,Good
MA,Mallard,4840,JAN-2019,79,Good
MA,Mallard,4840,FEB-2019,97,Good
T.,Teal,5080,OCT-1999,0,Good
T.,Teal,5080,DEC-1999,41,Good
T.,Teal,5080,JAN-2000,0,Good
T.,Teal,5080,FEB-2000,0,Good
T.,Teal,5080,OCT-2000,38,Good
T.,Teal,5080,DEC-2000,0,Good
T.,Teal,5080,JAN-2001,53,Good
T.,Teal,5080,FEB-2001,11,Good
T.,Teal,5080,OCT-2001,0,Good
T.,Teal,5080,DEC-2001,28,Good
T.,Teal,5080,JAN-2002,24,Good
T.,Teal,5080,FEB-2002,5,Good
T.,Teal,5080,OCT-2002,0,Good
T.,Teal,5080,DEC-2002,14,Good
T.,Teal,5080,JAN-2003,23,Good
T.,Teal,5080,FEB-2003,20,Good
T.,Teal,5080,OCT-2003,12,Good
T.,Teal,5080,DEC-2003,0,Good
T.,Teal,5080,JAN-2004,28,Good
T.,Teal,5080,FEB-2004,77,Good
T.,Teal,5080,OCT-2004,2,Good
T.,Teal,5080,DEC-2004,34,Good
T.,Teal,5080,JAN-2005,46,Good
T.,Teal,5080,FEB-2005,90,Good
T.,Teal,5080,OCT-2005,8,Good
T.,Teal,5080,DEC-2005,14,Good
T.,Teal,5080,JAN-2006,30,Good
T.,Teal,5080,FEB-2006,43,Good
T.,Teal,5080,OCT-2006,16,Good
T.,Teal,5080,DEC-2006,28,Poor
T.,Teal,5080,JAN-2007,40,Good
T.,Teal,5080,FEB-2007,2,Good
T.,Teal,5080,OCT-2007,20,Good
T.,Teal,5080,DEC-2007,0,Poor
T.,Teal,5080,JAN-2008,8,Poor
T.,Teal,5080,FEB-2008,41,Good
T.,Teal,5080,OCT-2008,10,Poor
T.,Teal,5080,DEC-2008,20,Good
T.,Teal,5080,JAN-2009,0,Good
T.,Teal,5080,FEB-2009,6,Good
T.,Teal,5080,OCT-2009,11,Good
T.,Teal,5080,DEC-2009,0,Good
T.,Teal,5080,JAN-2010,8,Good
T.,Teal,5080,FEB-2010,15,Good
T.,Teal,5080,OCT-2010,7,Good
T.,Teal,5080,DEC-2010,10,Good
T.,Teal,5080,JAN-2011,12,Good
T.,Teal,5080,FEB-2011,14,Good
T.,Teal,5080,OCT-2011,0,Poor
T.,Teal,5080,DEC-2011,3,Good
T.,Teal,5080,JAN-2012,11,Good
T.,Teal,5080,FEB-2012,5,Good
T.,Teal,5080,JUN-2012,0,Good
T.,Teal,5080,OCT-2012,0,Good
T.,Teal,5080,DEC-2012,19,Good
T.,Teal,5080,JAN-2013,32,Good
T.,Teal,5080,FEB-2013,14,Good
T.,Teal,5080,OCT-2013,0,Good
T.,Teal,5080,DEC-2013,7,Poor
T.,Teal,5080,JAN-2014,0,Good
T.,Teal,5080,FEB-2014,3,Good
T.,Teal,5080,OCT-2014,0,Good
T.,Teal,5080,DEC-2014,4,Good
T.,Teal,5080,JAN-2015,0,Good
T.,Teal,5080,FEB-2015,3,Good
T.,Teal,5080,OCT-2015,7,Good
T.,Teal,5080,DEC-2015,0,Good
T.,Teal,5080,JAN-2016,0,Good
T.,Teal,5080,FEB-2016,5,Good
T.,Teal,5080,OCT-2016,0,Good
T.,Teal,5080,DEC-2016,0,Good
T.,Teal,5080,JAN-2017,0,Good
T.,Teal,5080,FEB-2017,0,Good
T.,Teal,5080,OCT-2017,0,Good
T.,Teal,5080,DEC-2017,2,Good
T.,Teal,5080,JAN-2018,3,Poor
T.,Teal,5080,FEB-2018,1,Good
T.,Teal,5080,OCT-2018,0,Good
T.,Teal,5080,DEC-2018,3,Good
T.,Teal,5080,JAN-2019,7,Good
T.,Teal,5080,FEB-2019,9,Good
TU,Tufted Duck,5510,OCT-1999,0,Good
TU,Tufted Duck,5510,DEC-1999,0,Good
TU,Tufted Duck,5510,JAN-2000,3,Good
TU,Tufted Duck,5510,FEB-2000,0,Good
TU,Tufted Duck,5510,OCT-2000,0,Good
TU,Tufted Duck,5510,DEC-2000,13,Good
TU,Tufted Duck,5510,JAN-2001,0,Good
TU,Tufted Duck,5510,FEB-2001,0,Good
TU,Tufted Duck,5510,OCT-2001,0,Good
TU,Tufted Duck,5510,DEC-2001,0,Good
TU,Tufted Duck,5510,JAN-2002,0,Good
TU,Tufted Duck,5510,FEB-2002,0,Good
TU,Tufted Duck,5510,OCT-2002,0,Good
TU,Tufted Duck,5510,DEC-2002,0,Good
TU,Tufted Duck,5510,JAN-2003,0,Good
TU,Tufted Duck,5510,FEB-2003,0,Good
TU,Tufted Duck,5510,OCT-2003,0,Good
TU,Tufted Duck,5510,DEC-2003,0,Good
TU,Tufted Duck,5510,JAN-2004,0,Good
TU,Tufted Duck,5510,FEB-2004,0,Good
TU,Tufted Duck,5510,OCT-2004,37,Good
TU,Tufted Duck,5510,DEC-2004,10,Good
TU,Tufted Duck,5510,JAN-2005,2,Good
TU,Tufted Duck,5510,FEB-2005,0,Good
TU,Tufted Duck,5510,OCT-2005,0,Good
TU,Tufted Duck,5510,DEC-2005,0,Good
TU,Tufted Duck,5510,JAN-2006,0,Good
TU,Tufted Duck,5510,FEB-2006,0,Good
TU,Tufted Duck,5510,OCT-2006,0,Good
TU,Tufted Duck,5510,DEC-2006,0,Poor
TU,Tufted Duck,5510,JAN-2007,0,Good
TU,Tufted Duck,5510,FEB-2007,0,Good
TU,Tufted Duck,5510,OCT-2007,3,Good
TU,Tufted Duck,5510,DEC-2007,0,Poor
TU,Tufted Duck,5510,JAN-2008,0,Poor
TU,Tufted Duck,5510,FEB-2008,0,Good
TU,Tufted Duck,5510,OCT-2008,0,Poor
TU,Tufted Duck,5510,DEC-2008,34,Good
TU,Tufted Duck,5510,JAN-2009,0,Good
TU,Tufted Duck,5510,FEB-2009,0,Good
TU,Tufted Duck,5510,OCT-2009,0,Good
TU,Tufted Duck,5510,DEC-2009,5,Good
TU,Tufted Duck,5510,JAN-2010,0,Good
TU,Tufted Duck,5510,FEB-2010,4,Good
TU,Tufted Duck,5510,OCT-2010,0,Good
TU,Tufted Duck,5510,DEC-2010,0,Good
TU,Tufted Duck,5510,JAN-2011,0,Good
TU,Tufted Duck,5510,FEB-2011,3,Good
TU,Tufted Duck,5510,OCT-2011,11,Poor
TU,Tufted Duck,5510,DEC-2011,19,Good
TU,Tufted Duck,5510,JAN-2012,5,Good
TU,Tufted Duck,5510,FEB-2012,0,Good
TU,Tufted Duck,5510,JUN-2012,0,Good
TU,Tufted Duck,5510,OCT-2012,12,Good
TU,Tufted Duck,5510,DEC-2012,5,Good
TU,Tufted Duck,5510,JAN-2013,1,Good
TU,Tufted Duck,5510,FEB-2013,0,Good
TU,Tufted Duck,5510,OCT-2013,4,Good
TU,Tufted Duck,5510,DEC-2013,5,Poor
TU,Tufted Duck,5510,JAN-2014,0,Good
TU,Tufted Duck,5510,FEB-2014,0,Good
TU,Tufted Duck,5510,OCT-2014,0,Good
TU,Tufted Duck,5510,DEC-2014,4,Good
TU,Tufted Duck,5510,JAN-2015,0,Good
TU,Tufted Duck,5510,FEB-2015,0,Good
TU,Tufted Duck,5510,OCT-2015,0,Good
TU,Tufted Duck,5510,DEC-2015,0,Good
TU,Tufted Duck,5510,JAN-2016,0,Good
TU,Tufted Duck,5510,FEB-2016,0,Good
TU,Tufted Duck,5510,OCT-2016,0,Good
TU,Tufted Duck,5510,DEC-2016,12,Good
TU,Tufted Duck,5510,JAN-2017,5,Good
TU,Tufted Duck,5510,FEB-2017,0,Good
TU,Tufted Duck,5510,OCT-2017,0,Good
TU,Tufted Duck,5510,DEC-2017,0,Good
TU,Tufted Duck,5510,JAN-2018,0,Poor
TU,Tufted Duck,5510,FEB-2018,0,Good
TU,Tufted Duck,5510,OCT-2018,0,Good
TU,Tufted Duck,5510,DEC-2018,0,Good
TU,Tufted Duck,5510,JAN-2019,0,Good
TU,Tufted Duck,5510,FEB-2019,1,Good
SP,Scaup,5520,OCT-1999,0,Good
SP,Scaup,5520,DEC-1999,0,Good
SP,Scaup,5520,JAN-2000,0,Good
SP,Scaup,5520,FEB-2000,0,Good
SP,Scaup,5520,OCT-2000,0,Good
SP,Scaup,5520,DEC-2000,1,Good
SP,Scaup,5520,JAN-2001,0,Good
SP,Scaup,5520,FEB-2001,0,Good
SP,Scaup,5520,OCT-2001,0,Good
SP,Scaup,5520,DEC-2001,0,Good
SP,Scaup,5520,JAN-2002,0,Good
SP,Scaup,5520,FEB-2002,0,Good
SP,Scaup,5520,OCT-2002,0,Good
SP,Scaup,5520,DEC-2002,0,Good
SP,Scaup,5520,JAN-2003,0,Good
SP,Scaup,5520,FEB-2003,0,Good
SP,Scaup,5520,OCT-2003,0,Good
SP,Scaup,5520,DEC-2003,0,Good
SP,Scaup,5520,JAN-2004,0,Good
SP,Scaup,5520,FEB-2004,0,Good
SP,Scaup,5520,OCT-2004,0,Good
SP,Scaup,5520,DEC-2004,0,Good
SP,Scaup,5520,JAN-2005,0,Good
SP,Scaup,5520,FEB-2005,0,Good
SP,Scaup,5520,OCT-2005,0,Good
SP,Scaup,5520,DEC-2005,0,Good
SP,Scaup,5520,JAN-2006,0,Good
SP,Scaup,5520,FEB-2006,0,Good
SP,Scaup,5520,OCT-2006,0,Good
SP,Scaup,5520,DEC-2006,0,Poor
SP,Scaup,5520,JAN-2007,0,Good
SP,Scaup,5520,FEB-2007,0,Good
SP,Scaup,5520,OCT-2007,0,Good
SP,Scaup,5520,DEC-2007,0,Poor
SP,Scaup,5520,JAN-2008,0,Poor
SP,Scaup,5520,FEB-2008,0,Good
SP,Scaup,5520,OCT-2008,0,Poor
SP,Scaup,5520,DEC-2008,0,Good
SP,Scaup,5520,JAN-2009,0,Good
SP,Scaup,5520,FEB-2009,0,Good
SP,Scaup,5520,OCT-2009,0,Good
SP,Scaup,5520,DEC-2009,0,Good
SP,Scaup,5520,JAN-2010,0,Good
SP,Scaup,5520,FEB-2010,0,Good
SP,Scaup,5520,OCT-2010,0,Good
SP,Scaup,5520,DEC-2010,0,Good
SP,Scaup,5520,JAN-2011,0,Good
SP,Scaup,5520,FEB-2011,0,Good
SP,Scaup,5520,OCT-2011,0,Poor
SP,Scaup,5520,DEC-2011,0,Good
SP,Scaup,5520,JAN-2012,0,Good
SP,Scaup,5520,FEB-2012,0,Good
SP,Scaup,5520,JUN-2012,0,Good
SP,Scaup,5520,OCT-2012,0,Good
SP,Scaup,5520,DEC-2012,0,Good
SP,Scaup,5520,JAN-2013,0,Good
SP,Scaup,5520,FEB-2013,0,Good
SP,Scaup,5520,OCT-2013,0,Good
SP,Scaup,5520,DEC-2013,0,Poor
SP,Scaup,5520,JAN-2014,0,Good
SP,Scaup,5520,FEB-2014,0,Good
SP,Scaup,5520,OCT-2014,0,Good
SP,Scaup,5520,DEC-2014,0,Good
SP,Scaup,5520,JAN-2015,0,Good
SP,Scaup,5520,FEB-2015,0,Good
SP,Scaup,5520,OCT-2015,0,Good
SP,Scaup,5520,DEC-2015,0,Good
SP,Scaup,5520,JAN-2016,0,Good
SP,Scaup,5520,FEB-2016,0,Good
SP,Scaup,5520,OCT-2016,0,Good
SP,Scaup,5520,DEC-2016,0,Good
SP,Scaup,5520,JAN-2017,0,Good
SP,Scaup,5520,FEB-2017,0,Good
SP,Scaup,5520,OCT-2017,0,Good
SP,Scaup,5520,DEC-2017,0,Good
SP,Scaup,5520,JAN-2018,0,Poor
SP,Scaup,5520,FEB-2018,0,Good
SP,Scaup,5520,OCT-2018,0,Good
SP,Scaup,5520,DEC-2018,0,Good
SP,Scaup,5520,JAN-2019,0,Good
SP,Scaup,5520,FEB-2019,0,Good
LN,Long-tailed Duck,5850,OCT-1999,0,Good
LN,Long-tailed Duck,5850,DEC-1999,0,Good
LN,Long-tailed Duck,5850,JAN-2000,0,Good
LN,Long-tailed Duck,5850,FEB-2000,0,Good
LN,Long-tailed Duck,5850,OCT-2000,0,Good
LN,Long-tailed Duck,5850,DEC-2000,0,Good
LN,Long-tailed Duck,5850,JAN-2001,0,Good
LN,Long-tailed Duck,5850,FEB-2001,0,Good
LN,Long-tailed Duck,5850,OCT-2001,0,Good
LN,Long-tailed Duck,5850,DEC-2001,0,Good
LN,Long-tailed Duck,5850,JAN-2002,0,Good
LN,Long-tailed Duck,5850,FEB-2002,0,Good
LN,Long-tailed Duck,5850,OCT-2002,0,Good
LN,Long-tailed Duck,5850,DEC-2002,0,Good
LN,Long-tailed Duck,5850,JAN-2003,0,Good
LN,Long-tailed Duck,5850,FEB-2003,0,Good
LN,Long-tailed Duck,5850,OCT-2003,0,Good
LN,Long-tailed Duck,5850,DEC-2003,0,Good
LN,Long-tailed Duck,5850,JAN-2004,0,Good
LN,Long-tailed Duck,5850,FEB-2004,0,Good
LN,Long-tailed Duck,5850,OCT-2004,1,Good
LN,Long-tailed Duck,5850,DEC-2004,0,Good
LN,Long-tailed Duck,5850,JAN-2005,0,Good
LN,Long-tailed Duck,5850,FEB-2005,0,Good
LN,Long-tailed Duck,5850,OCT-2005,0,Good
LN,Long-tailed Duck,5850,DEC-2005,0,Good
LN,Long-tailed Duck,5850,JAN-2006,0,Good
LN,Long-tailed Duck,5850,FEB-2006,0,Good
LN,Long-tailed Duck,5850,OCT-2006,0,Good
LN,Long-tailed Duck,5850,DEC-2006,0,Poor
LN,Long-tailed Duck,5850,JAN-2007,0,Good
LN,Long-tailed Duck,5850,FEB-2007,0,Good
LN,Long-tailed Duck,5850,OCT-2007,0,Good
LN,Long-tailed Duck,5850,DEC-2007,0,Poor
LN,Long-tailed Duck,5850,JAN-2008,0,Poor
LN,Long-tailed Duck,5850,FEB-2008,0,Good
LN,Long-tailed Duck,5850,OCT-2008,0,Poor
LN,Long-tailed Duck,5850,DEC-2008,0,Good
LN,Long-tailed Duck,5850,JAN-2009,0,Good
LN,Long-tailed Duck,5850,FEB-2009,0,Good
LN,Long-tailed Duck,5850,OCT-2009,0,Good
LN,Long-tailed Duck,5850,DEC-2009,0,Good
LN,Long-tailed Duck,5850,JAN-2010,0,Good
LN,Long-tailed Duck,5850,FEB-2010,0,Good
LN,Long-tailed Duck,5850,OCT-2010,0,Good
LN,Long-tailed Duck,5850,DEC-2010,0,Good
LN,Long-tailed Duck,5850,JAN-2011,0,Good
LN,Long-tailed Duck,5850,FEB-2011,0,Good
LN,Long-tailed Duck,5850,OCT-2011,0,Poor
LN,Long-tailed Duck,5850,DEC-2011,0,Good
LN,Long-tailed Duck,5850,JAN-2012,0,Good
LN,Long-tailed Duck,5850,FEB-2012,0,Good
LN,Long-tailed Duck,5850,JUN-2012,0,Good
LN,Long-tailed Duck,5850,OCT-2012,0,Good
LN,Long-tailed Duck,5850,DEC-2012,0,Good
LN,Long-tailed Duck,5850,JAN-2013,0,Good
LN,Long-tailed Duck,5850,FEB-2013,0,Good
LN,Long-tailed Duck,5850,OCT-2013,0,Good
LN,Long-tailed Duck,5850,DEC-2013,0,Poor
LN,Long-tailed Duck,5850,JAN-2014,0,Good
LN,Long-tailed Duck,5850,FEB-2014,0,Good
LN,Long-tailed Duck,5850,OCT-2014,0,Good
LN,Long-tailed Duck,5850,DEC-2014,0,Good
LN,Long-tailed Duck,5850,JAN-2015,0,Good
LN,Long-tailed Duck,5850,FEB-2015,0,Good
LN,Long-tailed Duck,5850,OCT-2015,0,Good
LN,Long-tailed Duck,5850,DEC-2015,0,Good
LN,Long-tailed Duck,5850,JAN-2016,0,Good
LN,Long-tailed Duck,5850,FEB-2016,0,Good
LN,Long-tailed Duck,5850,OCT-2016,0,Good
LN,Long-tailed Duck,5850,DEC-2016,0,Good
LN,Long-tailed Duck,5850,JAN-2017,0,Good
LN,Long-tailed Duck,5850,FEB-2017,0,Good
LN,Long-tailed Duck,5850,OCT-2017,0,Good
LN,Long-tailed Duck,5850,DEC-2017,0,Good
LN,Long-tailed Duck,5850,JAN-2018,0,Poor
LN,Long-tailed Duck,5850,FEB-2018,0,Good
LN,Long-tailed Duck,5850,OCT-2018,0,Good
LN,Long-tailed Duck,5850,DEC-2018,0,Good
LN,Long-tailed Duck,5850,JAN-2019,0,Good
LN,Long-tailed Duck,5850,FEB-2019,0,Good
GN,Goldeneye,5880,OCT-1999,0,Good
GN,Goldeneye,5880,DEC-1999,0,Good
GN,Goldeneye,5880,JAN-2000,0,Good
GN,Goldeneye,5880,FEB-2000,1,Good
GN,Goldeneye,5880,OCT-2000,0,Good
GN,Goldeneye,5880,DEC-2000,0,Good
GN,Goldeneye,5880,JAN-2001,0,Good
GN,Goldeneye,5880,FEB-2001,5,Good
GN,Goldeneye,5880,OCT-2001,0,Good
GN,Goldeneye,5880,DEC-2001,0,Good
GN,Goldeneye,5880,JAN-2002,0,Good
GN,Goldeneye,5880,FEB-2002,0,Good
GN,Goldeneye,5880,OCT-2002,0,Good
GN,Goldeneye,5880,DEC-2002,0,Good
GN,Goldeneye,5880,JAN-2003,3,Good
GN,Goldeneye,5880,FEB-2003,0,Good
GN,Goldeneye,5880,OCT-2003,0,Good
GN,Goldeneye,5880,DEC-2003,0,Good
GN,Goldeneye,5880,JAN-2004,0,Good
GN,Goldeneye,5880,FEB-2004,0,Good
GN,Goldeneye,5880,OCT-2004,8,Good
GN,Goldeneye,5880,DEC-2004,2,Good
GN,Goldeneye,5880,JAN-2005,0,Good
GN,Goldeneye,5880,FEB-2005,0,Good
GN,Goldeneye,5880,OCT-2005,0,Good
GN,Goldeneye,5880,DEC-2005,2,Good
GN,Goldeneye,5880,JAN-2006,1,Good
GN,Goldeneye,5880,FEB-2006,0,Good
GN,Goldeneye,5880,OCT-2006,0,Good
GN,Goldeneye,5880,DEC-2006,0,Poor
GN,Goldeneye,5880,JAN-2007,0,Good
GN,Goldeneye,5880,FEB-2007,0,Good
GN,Goldeneye,5880,OCT-2007,0,Good
GN,Goldeneye,5880,DEC-2007,1,Poor
GN,Goldeneye,5880,JAN-2008,0,Poor
GN,Goldeneye,5880,FEB-2008,2,Good
GN,Goldeneye,5880,OCT-2008,0,Poor
GN,Goldeneye,5880,DEC-2008,0,Good
GN,Goldeneye,5880,JAN-2009,0,Good
GN,Goldeneye,5880,FEB-2009,0,Good
GN,Goldeneye,5880,OCT-2009,0,Good
GN,Goldeneye,5880,DEC-2009,0,Good
GN,Goldeneye,5880,JAN-2010,0,Good
GN,Goldeneye,5880,FEB-2010,0,Good
GN,Goldeneye,5880,OCT-2010,0,Good
GN,Goldeneye,5880,DEC-2010,1,Good
GN,Goldeneye,5880,JAN-2011,2,Good
GN,Goldeneye,5880,FEB-2011,2,Good
GN,Goldeneye,5880,OCT-2011,0,Poor
GN,Goldeneye,5880,DEC-2011,5,Good
GN,Goldeneye,5880,JAN-2012,0,Good
GN,Goldeneye,5880,FEB-2012,5,Good
GN,Goldeneye,5880,JUN-2012,0,Good
GN,Goldeneye,5880,OCT-2012,0,Good
GN,Goldeneye,5880,DEC-2012,7,Good
GN,Goldeneye,5880,JAN-2013,3,Good
GN,Goldeneye,5880,FEB-2013,0,Good
GN,Goldeneye,5880,OCT-2013,0,Good
GN,Goldeneye,5880,DEC-2013,0,Poor
GN,Goldeneye,5880,JAN-2014,1,Good
GN,Goldeneye,5880,FEB-2014,1,Good
GN,Goldeneye,5880,OCT-2014,0,Good
GN,Goldeneye,5880,DEC-2014,0,Good
GN,Goldeneye,5880,JAN-2015,1,Good
GN,Goldeneye,5880,FEB-2015,2,Good
GN,Goldeneye,5880,OCT-2015,0,Good
GN,Goldeneye,5880,DEC-2015,3,Good
GN,Goldeneye,5880,JAN-2016,2,Good
GN,Goldeneye,5880,FEB-2016,0,Good
GN,Goldeneye,5880,OCT-2016,0,Good
GN,Goldeneye,5880,DEC-2016,0,Good
GN,Goldeneye,5880,JAN-2017,23,Good
GN,Goldeneye,5880,FEB-2017,1,Good
GN,Goldeneye,5880,OCT-2017,0,Good
GN,Goldeneye,5880,DEC-2017,0,Good
GN,Goldeneye,5880,JAN-2018,10,Poor
GN,Goldeneye,5880,FEB-2018,46,Good
GN,Goldeneye,5880,OCT-2018,0,Good
GN,Goldeneye,5880,DEC-2018,0,Good
GN,Goldeneye,5880,JAN-2019,0,Good
GN,Goldeneye,5880,FEB-2019,76,Good
RM,Red-breasted Merganser,6030,OCT-1999,0,Good
RM,Red-breasted Merganser,6030,DEC-1999,0,Good
RM,Red-breasted Merganser,6030,JAN-2000,0,Good
RM,Red-breasted Merganser,6030,FEB-2000,0,Good
RM,Red-breasted Merganser,6030,OCT-2000,0,Good
RM,Red-breasted Merganser,6030,DEC-2000,0,Good
RM,Red-breasted Merganser,6030,JAN-2001,0,Good
RM,Red-breasted Merganser,6030,FEB-2001,0,Good
RM,Red-breasted Merganser,6030,OCT-2001,0,Good
RM,Red-breasted Merganser,6030,DEC-2001,0,Good
RM,Red-breasted Merganser,6030,JAN-2002,1,Good
RM,Red-breasted Merganser,6030,FEB-2002,0,Good
RM,Red-breasted Merganser,6030,OCT-2002,1,Good
RM,Red-breasted Merganser,6030,DEC-2002,0,Good
RM,Red-breasted Merganser,6030,JAN-2003,0,Good
RM,Red-breasted Merganser,6030,FEB-2003,0,Good
RM,Red-breasted Merganser,6030,OCT-2003,0,Good
RM,Red-breasted Merganser,6030,DEC-2003,0,Good
RM,Red-breasted Merganser,6030,JAN-2004,0,Good
RM,Red-breasted Merganser,6030,FEB-2004,0,Good
RM,Red-breasted Merganser,6030,OCT-2004,0,Good
RM,Red-breasted Merganser,6030,DEC-2004,1,Good
RM,Red-breasted Merganser,6030,JAN-2005,0,Good
RM,Red-breasted Merganser,6030,FEB-2005,0,Good
RM,Red-breasted Merganser,6030,OCT-2005,0,Good
RM,Red-breasted Merganser,6030,DEC-2005,0,Good
RM,Red-breasted Merganser,6030,JAN-2006,0,Good
RM,Red-breasted Merganser,6030,FEB-2006,0,Good
RM,Red-breasted Merganser,6030,OCT-2006,0,Good
RM,Red-breasted Merganser,6030,DEC-2006,0,Poor
RM,Red-breasted Merganser,6030,JAN-2007,0,Good
RM,Red-breasted Merganser,6030,FEB-2007,0,Good
RM,Red-breasted Merganser,6030,OCT-2007,0,Good
RM,Red-breasted Merganser,6030,DEC-2007,0,Poor
RM,Red-breasted Merganser,6030,JAN-2008,0,Poor
RM,Red-breasted Merganser,6030,FEB-2008,0,Good
RM,Red-breasted Merganser,6030,OCT-2008,0,Poor
RM,Red-breasted Merganser,6030,DEC-2008,0,Good
RM,Red-breasted Merganser,6030,JAN-2009,0,Good
RM,Red-breasted Merganser,6030,FEB-2009,0,Good
RM,Red-breasted Merganser,6030,OCT-2009,0,Good
RM,Red-breasted Merganser,6030,DEC-2009,0,Good
RM,Red-breasted Merganser,6030,JAN-2010,0,Good
RM,Red-breasted Merganser,6030,FEB-2010,0,Good
RM,Red-breasted Merganser,6030,OCT-2010,0,Good
RM,Red-breasted Merganser,6030,DEC-2010,0,Good
RM,Red-breasted Merganser,6030,JAN-2011,1,Good
RM,Red-breasted Merganser,6030,FEB-2011,1,Good
RM,Red-breasted Merganser,6030,OCT-2011,0,Poor
RM,Red-breasted Merganser,6030,DEC-2011,0,Good
RM,Red-breasted Merganser,6030,JAN-2012,0,Good
RM,Red-breasted Merganser,6030,FEB-2012,0,Good
RM,Red-breasted Merganser,6030,JUN-2012,0,Good
RM,Red-breasted Merganser,6030,OCT-2012,0,Good
RM,Red-breasted Merganser,6030,DEC-2012,0,Good
RM,Red-breasted Merganser,6030,JAN-2013,2,Good
RM,Red-breasted Merganser,6030,FEB-2013,0,Good
RM,Red-breasted Merganser,6030,OCT-2013,0,Good
RM,Red-breasted Merganser,6030,DEC-2013,0,Poor
RM,Red-breasted Merganser,6030,JAN-2014,0,Good
RM,Red-breasted Merganser,6030,FEB-2014,0,Good
RM,Red-breasted Merganser,6030,OCT-2014,0,Good
RM,Red-breasted Merganser,6030,DEC-2014,0,Good
RM,Red-breasted Merganser,6030,JAN-2015,0,Good
RM,Red-breasted Merganser,6030,FEB-2015,0,Good
RM,Red-breasted Merganser,6030,OCT-2015,0,Good
RM,Red-breasted Merganser,6030,DEC-2015,0,Good
RM,Red-breasted Merganser,6030,JAN-2016,0,Good
RM,Red-breasted Merganser,6030,FEB-2016,0,Good
RM,Red-breasted Merganser,6030,OCT-2016,0,Good
RM,Red-breasted Merganser,6030,DEC-2016,0,Good
RM,Red-breasted Merganser,6030,JAN-2017,0,Good
RM,Red-breasted Merganser,6030,FEB-2017,0,Good
RM,Red-breasted Merganser,6030,OCT-2017,0,Good
RM,Red-breasted Merganser,6030,DEC-2017,0,Good
RM,Red-breasted Merganser,6030,JAN-2018,0,Poor
RM,Red-breasted Merganser,6030,FEB-2018,0,Good
RM,Red-breasted Merganser,6030,OCT-2018,0,Good
RM,Red-breasted Merganser,6030,DEC-2018,0,Good
RM,Red-breasted Merganser,6030,JAN-2019,0,Good
RM,Red-breasted Merganser,6030,FEB-2019,0,Good
RH,Red-throated Diver,16760,OCT-1999,0,Good
RH,Red-throated Diver,16760,DEC-1999,0,Good
RH,Red-throated Diver,16760,JAN-2000,0,Good
RH,Red-throated Diver,16760,FEB-2000,0,Good
RH,Red-throated Diver,16760,OCT-2000,0,Good
RH,Red-throated Diver,16760,DEC-2000,0,Good
RH,Red-throated Diver,16760,JAN-2001,0,Good
RH,Red-throated Diver,16760,FEB-2001,0,Good
RH,Red-throated Diver,16760,OCT-2001,0,Good
RH,Red-throated Diver,16760,DEC-2001,0,Good
RH,Red-throated Diver,16760,JAN-2002,0,Good
RH,Red-throated Diver,16760,FEB-2002,2,Good
RH,Red-throated Diver,16760,OCT-2002,0,Good
RH,Red-throated Diver,16760,DEC-2002,0,Good
RH,Red-throated Diver,16760,JAN-2003,0,Good
RH,Red-throated Diver,16760,FEB-2003,0,Good
RH,Red-throated Diver,16760,OCT-2003,0,Good
RH,Red-throated Diver,16760,DEC-2003,0,Good
RH,Red-throated Diver,16760,JAN-2004,0,Good
RH,Red-throated Diver,16760,FEB-2004,0,Good
RH,Red-throated Diver,16760,OCT-2004,0,Good
RH,Red-throated Diver,16760,DEC-2004,0,Good
RH,Red-throated Diver,16760,JAN-2005,0,Good
RH,Red-throated Diver,16760,FEB-2005,0,Good
RH,Red-throated Diver,16760,OCT-2005,0,Good
RH,Red-throated Diver,16760,DEC-2005,0,Good
RH,Red-throated Diver,16760,JAN-2006,0,Good
RH,Red-throated Diver,16760,FEB-2006,0,Good
RH,Red-throated Diver,16760,OCT-2006,0,Good
RH,Red-throated Diver,16760,DEC-2006,0,Poor
RH,Red-throated Diver,16760,JAN-2007,0,Good
RH,Red-throated Diver,16760,FEB-2007,0,Good
RH,Red-throated Diver,16760,OCT-2007,0,Good
RH,Red-throated Diver,16760,DEC-2007,0,Poor
RH,Red-throated Diver,16760,JAN-2008,0,Poor
RH,Red-throated Diver,16760,FEB-2008,0,Good
RH,Red-throated Diver,16760,OCT-2008,0,Poor
RH,Red-throated Diver,16760,DEC-2008,0,Good
RH,Red-throated Diver,16760,JAN-2009,0,Good
RH,Red-throated Diver,16760,FEB-2009,0,Good
RH,Red-throated Diver,16760,OCT-2009,0,Good
RH,Red-throated Diver,16760,DEC-2009,0,Good
RH,Red-throated Diver,16760,JAN-2010,0,Good
RH,Red-throated Diver,16760,FEB-2010,0,Good
RH,Red-throated Diver,16760,OCT-2010,0,Good
RH,Red-throated Diver,16760,DEC-2010,0,Good
RH,Red-throated Diver,16760,JAN-2011,0,Good
RH,Red-throated Diver,16760,FEB-2011,0,Good
RH,Red-throated Diver,16760,OCT-2011,0,Poor
RH,Red-throated Diver,16760,DEC-2011,0,Good
RH,Red-throated Diver,16760,JAN-2012,0,Good
RH,Red-throated Diver,16760,FEB-2012,0,Good
RH,Red-throated Diver,16760,JUN-2012,0,Good
RH,Red-throated Diver,16760,OCT-2012,0,Good
RH,Red-throated Diver,16760,DEC-2012,0,Good
RH,Red-throated Diver,16760,JAN-2013,0,Good
RH,Red-throated Diver,16760,FEB-2013,0,Good
RH,Red-throated Diver,16760,OCT-2013,0,Good
RH,Red-throated Diver,16760,DEC-2013,0,Poor
RH,Red-throated Diver,16760,JAN-2014,0,Good
RH,Red-throated Diver,16760,FEB-2014,0,Good
RH,Red-throated Diver,16760,OCT-2014,0,Good
RH,Red-throated Diver,16760,DEC-2014,0,Good
RH,Red-throated Diver,16760,JAN-2015,0,Good
RH,Red-throated Diver,16760,FEB-2015,0,Good
RH,Red-throated Diver,16760,OCT-2015,0,Good
RH,Red-throated Diver,16760,DEC-2015,0,Good
RH,Red-throated Diver,16760,JAN-2016,0,Good
RH,Red-throated Diver,16760,FEB-2016,0,Good
RH,Red-throated Diver,16760,OCT-2016,0,Good
RH,Red-throated Diver,16760,DEC-2016,0,Good
RH,Red-throated Diver,16760,JAN-2017,0,Good
RH,Red-throated Diver,16760,FEB-2017,0,Good
RH,Red-throated Diver,16760,OCT-2017,0,Good
RH,Red-throated Diver,16760,DEC-2017,0,Good
RH,Red-throated Diver,16760,JAN-2018,0,Poor
RH,Red-throated Diver,16760,FEB-2018,0,Good
RH,Red-throated Diver,16760,OCT-2018,0,Good
RH,Red-throated Diver,16760,DEC-2018,0,Good
RH,Red-throated Diver,16760,JAN-2019,0,Good
RH,Red-throated Diver,16760,FEB-2019,0,Good
BV,Black-throated Diver,16770,OCT-1999,0,Good
BV,Black-throated Diver,16770,DEC-1999,0,Good
BV,Black-throated Diver,16770,JAN-2000,0,Good
BV,Black-throated Diver,16770,FEB-2000,0,Good
BV,Black-throated Diver,16770,OCT-2000,0,Good
BV,Black-throated Diver,16770,DEC-2000,0,Good
BV,Black-throated Diver,16770,JAN-2001,0,Good
BV,Black-throated Diver,16770,FEB-2001,0,Good
BV,Black-throated Diver,16770,OCT-2001,0,Good
BV,Black-throated Diver,16770,DEC-2001,0,Good
BV,Black-throated Diver,16770,JAN-2002,0,Good
BV,Black-throated Diver,16770,FEB-2002,0,Good
BV,Black-throated Diver,16770,OCT-2002,0,Good
BV,Black-throated Diver,16770,DEC-2002,0,Good
BV,Black-throated Diver,16770,JAN-2003,0,Good
BV,Black-throated Diver,16770,FEB-2003,0,Good
BV,Black-throated Diver,16770,OCT-2003,0,Good
BV,Black-throated Diver,16770,DEC-2003,0,Good
BV,Black-throated Diver,16770,JAN-2004,0,Good
BV,Black-throated Diver,16770,FEB-2004,0,Good
BV,Black-throated Diver,16770,OCT-2004,0,Good
BV,Black-throated Diver,16770,DEC-2004,1,Good
BV,Black-throated Diver,16770,JAN-2005,0,Good
BV,Black-throated Diver,16770,FEB-2005,0,Good
BV,Black-throated Diver,16770,OCT-2005,0,Good
BV,Black-throated Diver,16770,DEC-2005,0,Good
BV,Black-throated Diver,16770,JAN-2006,0,Good
BV,Black-throated Diver,16770,FEB-2006,0,Good
BV,Black-throated Diver,16770,OCT-2006,0,Good
BV,Black-throated Diver,16770,DEC-2006,0,Poor
BV,Black-throated Diver,16770,JAN-2007,0,Good
BV,Black-throated Diver,16770,FEB-2007,0,Good
BV,Black-throated Diver,16770,OCT-2007,0,Good
BV,Black-throated Diver,16770,DEC-2007,0,Poor
BV,Black-throated Diver,16770,JAN-2008,0,Poor
BV,Black-throated Diver,16770,FEB-2008,0,Good
BV,Black-throated Diver,16770,OCT-2008,0,Poor
BV,Black-throated Diver,16770,DEC-2008,0,Good
BV,Black-throated Diver,16770,JAN-2009,0,Good
BV,Black-throated Diver,16770,FEB-2009,0,Good
BV,Black-throated Diver,16770,OCT-2009,0,Good
BV,Black-throated Diver,16770,DEC-2009,0,Good
BV,Black-throated Diver,16770,JAN-2010,0,Good
BV,Black-throated Diver,16770,FEB-2010,0,Good
BV,Black-throated Diver,16770,OCT-2010,0,Good
BV,Black-throated Diver,16770,DEC-2010,0,Good
BV,Black-throated Diver,16770,JAN-2011,0,Good
BV,Black-throated Diver,16770,FEB-2011,0,Good
BV,Black-throated Diver,16770,OCT-2011,0,Poor
BV,Black-throated Diver,16770,DEC-2011,0,Good
BV,Black-throated Diver,16770,JAN-2012,0,Good
BV,Black-throated Diver,16770,FEB-2012,0,Good
BV,Black-throated Diver,16770,JUN-2012,0,Good
BV,Black-throated Diver,16770,OCT-2012,0,Good
BV,Black-throated Diver,16770,DEC-2012,0,Good
BV,Black-throated Diver,16770,JAN-2013,0,Good
BV,Black-throated Diver,16770,FEB-2013,0,Good
BV,Black-throated Diver,16770,OCT-2013,0,Good
BV,Black-throated Diver,16770,DEC-2013,0,Poor
BV,Black-throated Diver,16770,JAN-2014,0,Good
BV,Black-throated Diver,16770,FEB-2014,0,Good
BV,Black-throated Diver,16770,OCT-2014,0,Good
BV,Black-throated Diver,16770,DEC-2014,0,Good
BV,Black-throated Diver,16770,JAN-2015,0,Good
BV,Black-throated Diver,16770,FEB-2015,0,Good
BV,Black-throated Diver,16770,OCT-2015,0,Good
BV,Black-throated Diver,16770,DEC-2015,0,Good
BV,Black-throated Diver,16770,JAN-2016,0,Good
BV,Black-throated Diver,16770,FEB-2016,0,Good
BV,Black-throated Diver,16770,OCT-2016,0,Good
BV,Black-throated Diver,16770,DEC-2016,0,Good
BV,Black-throated Diver,16770,JAN-2017,0,Good
BV,Black-throated Diver,16770,FEB-2017,0,Good
BV,Black-throated Diver,16770,OCT-2017,0,Good
BV,Black-throated Diver,16770,DEC-2017,0,Good
BV,Black-throated Diver,16770,JAN-2018,0,Poor
BV,Black-throated Diver,16770,FEB-2018,0,Good
BV,Black-throated Diver,16770,OCT-2018,0,Good
BV,Black-throated Diver,16770,DEC-2018,0,Good
BV,Black-throated Diver,16770,JAN-2019,0,Good
BV,Black-throated Diver,16770,FEB-2019,0,Good
LG,Little Grebe,19830,OCT-1999,1,Good
LG,Little Grebe,19830,DEC-1999,0,Good
LG,Little Grebe,19830,JAN-2000,0,Good
LG,Little Grebe,19830,FEB-2000,0,Good
LG,Little Grebe,19830,OCT-2000,1,Good
LG,Little Grebe,19830,DEC-2000,0,Good
LG,Little Grebe,19830,JAN-2001,0,Good
LG,Little Grebe,19830,FEB-2001,0,Good
LG,Little Grebe,19830,OCT-2001,0,Good
LG,Little Grebe,19830,DEC-2001,0,Good
LG,Little Grebe,19830,JAN-2002,0,Good
LG,Little Grebe,19830,FEB-2002,0,Good
LG,Little Grebe,19830,OCT-2002,0,Good
LG,Little Grebe,19830,DEC-2002,0,Good
LG,Little Grebe,19830,JAN-2003,0,Good
LG,Little Grebe,19830,FEB-2003,0,Good
LG,Little Grebe,19830,OCT-2003,0,Good
LG,Little Grebe,19830,DEC-2003,0,Good
LG,Little Grebe,19830,JAN-2004,0,Good
LG,Little Grebe,19830,FEB-2004,0,Good
LG,Little Grebe,19830,OCT-2004,3,Good
LG,Little Grebe,19830,DEC-2004,1,Good
LG,Little Grebe,19830,JAN-2005,0,Good
LG,Little Grebe,19830,FEB-2005,0,Good
LG,Little Grebe,19830,OCT-2005,1,Good
LG,Little Grebe,19830,DEC-2005,0,Good
LG,Little Grebe,19830,JAN-2006,1,Good
LG,Little Grebe,19830,FEB-2006,0,Good
LG,Little Grebe,19830,OCT-2006,0,Good
LG,Little Grebe,19830,DEC-2006,2,Poor
LG,Little Grebe,19830,JAN-2007,0,Good
LG,Little Grebe,19830,FEB-2007,1,Good
LG,Little Grebe,19830,OCT-2007,0,Good
LG,Little Grebe,19830,DEC-2007,1,Poor
LG,Little Grebe,19830,JAN-2008,2,Poor
LG,Little Grebe,19830,FEB-2008,0,Good
LG,Little Grebe,19830,OCT-2008,0,Poor
LG,Little Grebe,19830,DEC-2008,0,Good
LG,Little Grebe,19830,JAN-2009,1,Good
LG,Little Grebe,19830,FEB-2009,0,Good
LG,Little Grebe,19830,OCT-2009,0,Good
LG,Little Grebe,19830,DEC-2009,3,Good
LG,Little Grebe,19830,JAN-2010,1,Good
LG,Little Grebe,19830,FEB-2010,0,Good
LG,Little Grebe,19830,OCT-2010,1,Good
LG,Little Grebe,19830,DEC-2010,0,Good
LG,Little Grebe,19830,JAN-2011,0,Good
LG,Little Grebe,19830,FEB-2011,0,Good
LG,Little Grebe,19830,OCT-2011,0,Poor
LG,Little Grebe,19830,DEC-2011,0,Good
LG,Little Grebe,19830,JAN-2012,0,Good
LG,Little Grebe,19830,FEB-2012,0,Good
LG,Little Grebe,19830,JUN-2012,0,Good
LG,Little Grebe,19830,OCT-2012,0,Good
LG,Little Grebe,19830,DEC-2012,0,Good
LG,Little Grebe,19830,JAN-2013,0,Good
LG,Little Grebe,19830,FEB-2013,0,Good
LG,Little Grebe,19830,OCT-2013,0,Good
LG,Little Grebe,19830,DEC-2013,0,Poor
LG,Little Grebe,19830,JAN-2014,0,Good
LG,Little Grebe,19830,FEB-2014,0,Good
LG,Little Grebe,19830,OCT-2014,1,Good
LG,Little Grebe,19830,DEC-2014,1,Good
LG,Little Grebe,19830,JAN-2015,0,Good
LG,Little Grebe,19830,FEB-2015,0,Good
LG,Little Grebe,19830,OCT-2015,0,Good
LG,Little Grebe,19830,DEC-2015,2,Good
LG,Little Grebe,19830,JAN-2016,1,Good
LG,Little Grebe,19830,FEB-2016,0,Good
LG,Little Grebe,19830,OCT-2016,1,Good
LG,Little Grebe,19830,DEC-2016,0,Good
LG,Little Grebe,19830,JAN-2017,2,Good
LG,Little Grebe,19830,FEB-2017,0,Good
LG,Little Grebe,19830,OCT-2017,0,Good
LG,Little Grebe,19830,DEC-2017,1,Good
LG,Little Grebe,19830,JAN-2018,0,Poor
LG,Little Grebe,19830,FEB-2018,0,Good
LG,Little Grebe,19830,OCT-2018,1,Good
LG,Little Grebe,19830,DEC-2018,0,Good
LG,Little Grebe,19830,JAN-2019,2,Good
LG,Little Grebe,19830,FEB-2019,1,Good
GG,Great Crested Grebe,20310,OCT-1999,0,Good
GG,Great Crested Grebe,20310,DEC-1999,0,Good
GG,Great Crested Grebe,20310,JAN-2000,0,Good
GG,Great Crested Grebe,20310,FEB-2000,0,Good
GG,Great Crested Grebe,20310,OCT-2000,0,Good
GG,Great Crested Grebe,20310,DEC-2000,0,Good
GG,Great Crested Grebe,20310,JAN-2001,0,Good
GG,Great Crested Grebe,20310,FEB-2001,0,Good
GG,Great Crested Grebe,20310,OCT-2001,0,Good
GG,Great Crested Grebe,20310,DEC-2001,0,Good
GG,Great Crested Grebe,20310,JAN-2002,0,Good
GG,Great Crested Grebe,20310,FEB-2002,0,Good
GG,Great Crested Grebe,20310,OCT-2002,0,Good
GG,Great Crested Grebe,20310,DEC-2002,0,Good
GG,Great Crested Grebe,20310,JAN-2003,0,Good
GG,Great Crested Grebe,20310,FEB-2003,0,Good
GG,Great Crested Grebe,20310,OCT-2003,0,Good
GG,Great Crested Grebe,20310,DEC-2003,0,Good
GG,Great Crested Grebe,20310,JAN-2004,0,Good
GG,Great Crested Grebe,20310,FEB-2004,0,Good
GG,Great Crested Grebe,20310,OCT-2004,0,Good
GG,Great Crested Grebe,20310,DEC-2004,0,Good
GG,Great Crested Grebe,20310,JAN-2005,0,Good
GG,Great Crested Grebe,20310,FEB-2005,0,Good
GG,Great Crested Grebe,20310,OCT-2005,0,Good
GG,Great Crested Grebe,20310,DEC-2005,0,Good
GG,Great Crested Grebe,20310,JAN-2006,0,Good
GG,Great Crested Grebe,20310,FEB-2006,0,Good
GG,Great Crested Grebe,20310,OCT-2006,0,Good
GG,Great Crested Grebe,20310,DEC-2006,0,Poor
GG,Great Crested Grebe,20310,JAN-2007,0,Good
GG,Great Crested Grebe,20310,FEB-2007,0,Good
GG,Great Crested Grebe,20310,OCT-2007,0,Good
GG,Great Crested Grebe,20310,DEC-2007,0,Poor
GG,Great Crested Grebe,20310,JAN-2008,0,Poor
GG,Great Crested Grebe,20310,FEB-2008,0,Good
GG,Great Crested Grebe,20310,OCT-2008,0,Poor
GG,Great Crested Grebe,20310,DEC-2008,0,Good
GG,Great Crested Grebe,20310,JAN-2009,0,Good
GG,Great Crested Grebe,20310,FEB-2009,0,Good
GG,Great Crested Grebe,20310,OCT-2009,0,Good
GG,Great Crested Grebe,20310,DEC-2009,0,Good
GG,Great Crested Grebe,20310,JAN-2010,0,Good
GG,Great Crested Grebe,20310,FEB-2010,0,Good
GG,Great Crested Grebe,20310,OCT-2010,0,Good
GG,Great Crested Grebe,20310,DEC-2010,0,Good
GG,Great Crested Grebe,20310,JAN-2011,0,Good
GG,Great Crested Grebe,20310,FEB-2011,0,Good
GG,Great Crested Grebe,20310,OCT-2011,0,Poor
GG,Great Crested Grebe,20310,DEC-2011,0,Good
GG,Great Crested Grebe,20310,JAN-2012,0,Good
GG,Great Crested Grebe,20310,FEB-2012,0,Good
GG,Great Crested Grebe,20310,JUN-2012,0,Good
GG,Great Crested Grebe,20310,OCT-2012,0,Good
GG,Great Crested Grebe,20310,DEC-2012,0,Good
GG,Great Crested Grebe,20310,JAN-2013,0,Good
GG,Great Crested Grebe,20310,FEB-2013,0,Good
GG,Great Crested Grebe,20310,OCT-2013,0,Good
GG,Great Crested Grebe,20310,DEC-2013,0,Poor
GG,Great Crested Grebe,20310,JAN-2014,0,Good
GG,Great Crested Grebe,20310,FEB-2014,0,Good
GG,Great Crested Grebe,20310,OCT-2014,0,Good
GG,Great Crested Grebe,20310,DEC-2014,0,Good
GG,Great Crested Grebe,20310,JAN-2015,0,Good
GG,Great Crested Grebe,20310,FEB-2015,0,Good
GG,Great Crested Grebe,20310,OCT-2015,0,Good
GG,Great Crested Grebe,20310,DEC-2015,0,Good
GG,Great Crested Grebe,20310,JAN-2016,0,Good
GG,Great Crested Grebe,20310,FEB-2016,0,Good
GG,Great Crested Grebe,20310,OCT-2016,0,Good
GG,Great Crested Grebe,20310,DEC-2016,0,Good
GG,Great Crested Grebe,20310,JAN-2017,0,Good
GG,Great Crested Grebe,20310,FEB-2017,0,Good
GG,Great Crested Grebe,20310,OCT-2017,0,Good
GG,Great Crested Grebe,20310,DEC-2017,0,Good
GG,Great Crested Grebe,20310,JAN-2018,0,Poor
GG,Great Crested Grebe,20310,FEB-2018,0,Good
GG,Great Crested Grebe,20310,OCT-2018,0,Good
GG,Great Crested Grebe,20310,DEC-2018,0,Good
GG,Great Crested Grebe,20310,JAN-2019,2,Good
GG,Great Crested Grebe,20310,FEB-2019,0,Good
H.,Grey Heron,23270,OCT-1999,0,Good
H.,Grey Heron,23270,DEC-1999,0,Good
H.,Grey Heron,23270,JAN-2000,0,Good
H.,Grey Heron,23270,FEB-2000,1,Good
H.,Grey Heron,23270,OCT-2000,0,Good
H.,Grey Heron,23270,DEC-2000,0,Good
H.,Grey Heron,23270,JAN-2001,0,Good
H.,Grey Heron,23270,FEB-2001,0,Good
H.,Grey Heron,23270,OCT-2001,2,Good
H.,Grey Heron,23270,DEC-2001,2,Good
H.,Grey Heron,23270,JAN-2002,1,Good
H.,Grey Heron,23270,FEB-2002,0,Good
H.,Grey Heron,23270,OCT-2002,0,Good
H.,Grey Heron,23270,DEC-2002,0,Good
H.,Grey Heron,23270,JAN-2003,0,Good
H.,Grey Heron,23270,FEB-2003,1,Good
H.,Grey Heron,23270,OCT-2003,5,Good
H.,Grey Heron,23270,DEC-2003,0,Good
H.,Grey Heron,23270,JAN-2004,0,Good
H.,Grey Heron,23270,FEB-2004,4,Good
H.,Grey Heron,23270,OCT-2004,0,Good
H.,Grey Heron,23270,DEC-2004,3,Good
H.,Grey Heron,23270,JAN-2005,1,Good
H.,Grey Heron,23270,FEB-2005,0,Good
H.,Grey Heron,23270,OCT-2005,0,Good
H.,Grey Heron,23270,DEC-2005,3,Good
H.,Grey Heron,23270,JAN-2006,0,Good
H.,Grey Heron,23270,FEB-2006,0,Good
H.,Grey Heron,23270,OCT-2006,2,Good
H.,Grey Heron,23270,DEC-2006,0,Poor
H.,Grey Heron,23270,JAN-2007,0,Good
H.,Grey Heron,23270,FEB-2007,1,Good
H.,Grey Heron,23270,OCT-2007,0,Good
H.,Grey Heron,23270,DEC-2007,0,Poor
H.,Grey Heron,23270,JAN-2008,5,Poor
H.,Grey Heron,23270,FEB-2008,0,Good
H.,Grey Heron,23270,OCT-2008,0,Poor
H.,Grey Heron,23270,DEC-2008,1,Good
H.,Grey Heron,23270,JAN-2009,3,Good
H.,Grey Heron,23270,FEB-2009,0,Good
H.,Grey Heron,23270,OCT-2009,0,Good
H.,Grey Heron,23270,DEC-2009,0,Good
H.,Grey Heron,23270,JAN-2010,1,Good
H.,Grey Heron,23270,FEB-2010,0,Good
H.,Grey Heron,23270,OCT-2010,2,Good
H.,Grey Heron,23270,DEC-2010,2,Good
H.,Grey Heron,23270,JAN-2011,5,Good
H.,Grey Heron,23270,FEB-2011,0,Good
H.,Grey Heron,23270,OCT-2011,0,Poor
H.,Grey Heron,23270,DEC-2011,1,Good
H.,Grey Heron,23270,JAN-2012,6,Good
H.,Grey Heron,23270,FEB-2012,0,Good
H.,Grey Heron,23270,JUN-2012,0,Good
H.,Grey Heron,23270,OCT-2012,0,Good
H.,Grey Heron,23270,DEC-2012,1,Good
H.,Grey Heron,23270,JAN-2013,0,Good
H.,Grey Heron,23270,FEB-2013,0,Good
H.,Grey Heron,23270,OCT-2013,0,Good
H.,Grey Heron,23270,DEC-2013,0,Poor
H.,Grey Heron,23270,JAN-2014,0,Good
H.,Grey Heron,23270,FEB-2014,0,Good
H.,Grey Heron,23270,OCT-2014,0,Good
H.,Grey Heron,23270,DEC-2014,0,Good
H.,Grey Heron,23270,JAN-2015,13,Good
H.,Grey Heron,23270,FEB-2015,0,Good
H.,Grey Heron,23270,OCT-2015,1,Good
H.,Grey Heron,23270,DEC-2015,1,Good
H.,Grey Heron,23270,JAN-2016,0,Good
H.,Grey Heron,23270,FEB-2016,0,Good
H.,Grey Heron,23270,OCT-2016,0,Good
H.,Grey Heron,23270,DEC-2016,0,Good
H.,Grey Heron,23270,JAN-2017,10,Good
H.,Grey Heron,23270,FEB-2017,0,Good
H.,Grey Heron,23270,OCT-2017,0,Good
H.,Grey Heron,23270,DEC-2017,1,Good
H.,Grey Heron,23270,JAN-2018,4,Poor
H.,Grey Heron,23270,FEB-2018,0,Good
H.,Grey Heron,23270,OCT-2018,1,Good
H.,Grey Heron,23270,DEC-2018,0,Good
H.,Grey Heron,23270,JAN-2019,1,Good
H.,Grey Heron,23270,FEB-2019,12,Good
SA,Shag,24940,OCT-1999,0,Good
SA,Shag,24940,DEC-1999,0,Good
SA,Shag,24940,JAN-2000,0,Good
SA,Shag,24940,FEB-2000,0,Good
SA,Shag,24940,OCT-2000,0,Good
SA,Shag,24940,DEC-2000,0,Good
SA,Shag,24940,JAN-2001,0,Good
SA,Shag,24940,FEB-2001,0,Good
SA,Shag,24940,OCT-2001,0,Good
SA,Shag,24940,DEC-2001,0,Good
SA,Shag,24940,JAN-2002,0,Good
SA,Shag,24940,FEB-2002,0,Good
SA,Shag,24940,OCT-2002,0,Good
SA,Shag,24940,DEC-2002,0,Good
SA,Shag,24940,JAN-2003,0,Good
SA,Shag,24940,FEB-2003,0,Good
SA,Shag,24940,OCT-2003,0,Good
SA,Shag,24940,DEC-2003,0,Good
SA,Shag,24940,JAN-2004,0,Good
SA,Shag,24940,FEB-2004,0,Good
SA,Shag,24940,OCT-2004,0,Good
SA,Shag,24940,DEC-2004,0,Good
SA,Shag,24940,JAN-2005,0,Good
SA,Shag,24940,FEB-2005,0,Good
SA,Shag,24940,OCT-2005,0,Good
SA,Shag,24940,DEC-2005,1,Good
SA,Shag,24940,JAN-2006,0,Good
SA,Shag,24940,FEB-2006,1,Good
SA,Shag,24940,OCT-2006,0,Good
SA,Shag,24940,DEC-2006,0,Poor
SA,Shag,24940,JAN-2007,0,Good
SA,Shag,24940,FEB-2007,0,Good
SA,Shag,24940,OCT-2007,0,Good
SA,Shag,24940,DEC-2007,0,Poor
SA,Shag,24940,JAN-2008,0,Poor
SA,Shag,24940,FEB-2008,0,Good
SA,Shag,24940,OCT-2008,0,Poor
SA,Shag,24940,DEC-2008,0,Good
SA,Shag,24940,JAN-2009,0,Good
SA,Shag,24940,FEB-2009,0,Good
SA,Shag,24940,OCT-2009,0,Good
SA,Shag,24940,DEC-2009,0,Good
SA,Shag,24940,JAN-2010,0,Good
SA,Shag,24940,FEB-2010,0,Good
SA,Shag,24940,OCT-2010,1,Good
SA,Shag,24940,DEC-2010,0,Good
SA,Shag,24940,JAN-2011,0,Good
SA,Shag,24940,FEB-2011,0,Good
SA,Shag,24940,OCT-2011,0,Poor
SA,Shag,24940,DEC-2011,0,Good
SA,Shag,24940,JAN-2012,0,Good
SA,Shag,24940,FEB-2012,0,Good
SA,Shag,24940,JUN-2012,0,Good
SA,Shag,24940,OCT-2012,0,Good
SA,Shag,24940,DEC-2012,1,Good
SA,Shag,24940,JAN-2013,0,Good
SA,Shag,24940,FEB-2013,0,Good
SA,Shag,24940,OCT-2013,0,Good
SA,Shag,24940,DEC-2013,0,Poor
SA,Shag,24940,JAN-2014,0,Good
SA,Shag,24940,FEB-2014,0,Good
SA,Shag,24940,OCT-2014,0,Good
SA,Shag,24940,DEC-2014,0,Good
SA,Shag,24940,JAN-2015,0,Good
SA,Shag,24940,FEB-2015,0,Good
SA,Shag,24940,OCT-2015,0,Good
SA,Shag,24940,DEC-2015,0,Good
SA,Shag,24940,JAN-2016,84,Good
SA,Shag,24940,FEB-2016,0,Good
SA,Shag,24940,OCT-2016,0,Good
SA,Shag,24940,DEC-2016,0,Good
SA,Shag,24940,JAN-2017,0,Good
SA,Shag,24940,FEB-2017,0,Good
SA,Shag,24940,OCT-2017,0,Good
SA,Shag,24940,DEC-2017,0,Good
SA,Shag,24940,JAN-2018,0,Poor
SA,Shag,24940,FEB-2018,0,Good
SA,Shag,24940,OCT-2018,0,Good
SA,Shag,24940,DEC-2018,0,Good
SA,Shag,24940,JAN-2019,0,Good
SA,Shag,24940,FEB-2019,0,Good
CA,Cormorant,25040,OCT-1999,7,Good
CA,Cormorant,25040,DEC-1999,0,Good
CA,Cormorant,25040,JAN-2000,1,Good
CA,Cormorant,25040,FEB-2000,9,Good
CA,Cormorant,25040,OCT-2000,3,Good
CA,Cormorant,25040,DEC-2000,0,Good
CA,Cormorant,25040,JAN-2001,0,Good
CA,Cormorant,25040,FEB-2001,1,Good
CA,Cormorant,25040,OCT-2001,1,Good
CA,Cormorant,25040,DEC-2001,0,Good
CA,Cormorant,25040,JAN-2002,0,Good
CA,Cormorant,25040,FEB-2002,0,Good
CA,Cormorant,25040,OCT-2002,5,Good
CA,Cormorant,25040,DEC-2002,0,Good
CA,Cormorant,25040,JAN-2003,2,Good
CA,Cormorant,25040,FEB-2003,3,Good
CA,Cormorant,25040,OCT-2003,0,Good
CA,Cormorant,25040,DEC-2003,1,Good
CA,Cormorant,25040,JAN-2004,4,Good
CA,Cormorant,25040,FEB-2004,4,Good
CA,Cormorant,25040,OCT-2004,16,Good
CA,Cormorant,25040,DEC-2004,1,Good
CA,Cormorant,25040,JAN-2005,0,Good
CA,Cormorant,25040,FEB-2005,1,Good
CA,Cormorant,25040,OCT-2005,0,Good
CA,Cormorant,25040,DEC-2005,0,Good
CA,Cormorant,25040,JAN-2006,1,Good
CA,Cormorant,25040,FEB-2006,1,Good
CA,Cormorant,25040,OCT-2006,0,Good
CA,Cormorant,25040,DEC-2006,1,Poor
CA,Cormorant,25040,JAN-2007,0,Good
CA,Cormorant,25040,FEB-2007,1,Good
CA,Cormorant,25040,OCT-2007,1,Good
CA,Cormorant,25040,DEC-2007,1,Poor
CA,Cormorant,25040,JAN-2008,4,Poor
CA,Cormorant,25040,FEB-2008,1,Good
CA,Cormorant,25040,OCT-2008,0,Poor
CA,Cormorant,25040,DEC-2008,0,Good
CA,Cormorant,25040,JAN-2009,0,Good
CA,Cormorant,25040,FEB-2009,4,Good
CA,Cormorant,25040,OCT-2009,0,Good
CA,Cormorant,25040,DEC-2009,1,Good
CA,Cormorant,25040,JAN-2010,4,Good
CA,Cormorant,25040,FEB-2010,1,Good
CA,Cormorant,25040,OCT-2010,0,Good
CA,Cormorant,25040,DEC-2010,0,Good
CA,Cormorant,25040,JAN-2011,1,Good
CA,Cormorant,25040,FEB-2011,0,Good
CA,Cormorant,25040,OCT-2011,0,Poor
CA,Cormorant,25040,DEC-2011,1,Good
CA,Cormorant,25040,JAN-2012,1,Good
CA,Cormorant,25040,FEB-2012,0,Good
CA,Cormorant,25040,JUN-2012,0,Good
CA,Cormorant,25040,OCT-2012,1,Good
CA,Cormorant,25040,DEC-2012,0,Good
CA,Cormorant,25040,JAN-2013,0,Good
CA,Cormorant,25040,FEB-2013,0,Good
CA,Cormorant,25040,OCT-2013,3,Good
CA,Cormorant,25040,DEC-2013,2,Poor
CA,Cormorant,25040,JAN-2014,1,Good
CA,Cormorant,25040,FEB-2014,4,Good
CA,Cormorant,25040,OCT-2014,0,Good
CA,Cormorant,25040,DEC-2014,0,Good
CA,Cormorant,25040,JAN-2015,0,Good
CA,Cormorant,25040,FEB-2015,0,Good
CA,Cormorant,25040,OCT-2015,0,Good
CA,Cormorant,25040,DEC-2015,1,Good
CA,Cormorant,25040,JAN-2016,0,Good
CA,Cormorant,25040,FEB-2016,0,Good
CA,Cormorant,25040,OCT-2016,0,Good
CA,Cormorant,25040,DEC-2016,2,Good
CA,Cormorant,25040,JAN-2017,0,Good
CA,Cormorant,25040,FEB-2017,0,Good
CA,Cormorant,25040,OCT-2017,0,Good
CA,Cormorant,25040,DEC-2017,0,Good
CA,Cormorant,25040,JAN-2018,0,Poor
CA,Cormorant,25040,FEB-2018,0,Good
CA,Cormorant,25040,OCT-2018,0,Good
CA,Cormorant,25040,DEC-2018,4,Good
CA,Cormorant,25040,JAN-2019,31,Good
CA,Cormorant,25040,FEB-2019,0,Good
MH,Moorhen,37680,OCT-1999,0,Good
MH,Moorhen,37680,DEC-1999,0,Good
MH,Moorhen,37680,JAN-2000,0,Good
MH,Moorhen,37680,FEB-2000,0,Good
MH,Moorhen,37680,OCT-2000,0,Good
MH,Moorhen,37680,DEC-2000,0,Good
MH,Moorhen,37680,JAN-2001,0,Good
MH,Moorhen,37680,FEB-2001,0,Good
MH,Moorhen,37680,OCT-2001,0,Good
MH,Moorhen,37680,DEC-2001,0,Good
MH,Moorhen,37680,JAN-2002,0,Good
MH,Moorhen,37680,FEB-2002,0,Good
MH,Moorhen,37680,OCT-2002,0,Good
MH,Moorhen,37680,DEC-2002,0,Good
MH,Moorhen,37680,JAN-2003,0,Good
MH,Moorhen,37680,FEB-2003,0,Good
MH,Moorhen,37680,OCT-2003,0,Good
MH,Moorhen,37680,DEC-2003,0,Good
MH,Moorhen,37680,JAN-2004,0,Good
MH,Moorhen,37680,FEB-2004,0,Good
MH,Moorhen,37680,OCT-2004,0,Good
MH,Moorhen,37680,DEC-2004,1,Good
MH,Moorhen,37680,JAN-2005,0,Good
MH,Moorhen,37680,FEB-2005,0,Good
MH,Moorhen,37680,OCT-2005,0,Good
MH,Moorhen,37680,DEC-2005,0,Good
MH,Moorhen,37680,JAN-2006,0,Good
MH,Moorhen,37680,FEB-2006,0,Good
MH,Moorhen,37680,OCT-2006,0,Good
MH,Moorhen,37680,DEC-2006,0,Poor
MH,Moorhen,37680,JAN-2007,0,Good
MH,Moorhen,37680,FEB-2007,0,Good
MH,Moorhen,37680,OCT-2007,0,Good
MH,Moorhen,37680,DEC-2007,0,Poor
MH,Moorhen,37680,JAN-2008,0,Poor
MH,Moorhen,37680,FEB-2008,0,Good
MH,Moorhen,37680,OCT-2008,0,Poor
MH,Moorhen,37680,DEC-2008,0,Good
MH,Moorhen,37680,JAN-2009,0,Good
MH,Moorhen,37680,FEB-2009,0,Good
MH,Moorhen,37680,OCT-2009,0,Good
MH,Moorhen,37680,DEC-2009,0,Good
MH,Moorhen,37680,JAN-2010,0,Good
MH,Moorhen,37680,FEB-2010,0,Good
MH,Moorhen,37680,OCT-2010,0,Good
MH,Moorhen,37680,DEC-2010,0,Good
MH,Moorhen,37680,JAN-2011,0,Good
MH,Moorhen,37680,FEB-2011,0,Good
MH,Moorhen,37680,OCT-2011,0,Poor
MH,Moorhen,37680,DEC-2011,0,Good
MH,Moorhen,37680,JAN-2012,0,Good
MH,Moorhen,37680,FEB-2012,0,Good
MH,Moorhen,37680,JUN-2012,0,Good
MH,Moorhen,37680,OCT-2012,0,Good
MH,Moorhen,37680,DEC-2012,0,Good
MH,Moorhen,37680,JAN-2013,0,Good
MH,Moorhen,37680,FEB-2013,0,Good
MH,Moorhen,37680,OCT-2013,0,Good
MH,Moorhen,37680,DEC-2013,0,Poor
MH,Moorhen,37680,JAN-2014,0,Good
MH,Moorhen,37680,FEB-2014,0,Good
MH,Moorhen,37680,OCT-2014,0,Good
MH,Moorhen,37680,DEC-2014,0,Good
MH,Moorhen,37680,JAN-2015,0,Good
MH,Moorhen,37680,FEB-2015,0,Good
MH,Moorhen,37680,OCT-2015,0,Good
MH,Moorhen,37680,DEC-2015,0,Good
MH,Moorhen,37680,JAN-2016,0,Good
MH,Moorhen,37680,FEB-2016,0,Good
MH,Moorhen,37680,OCT-2016,0,Good
MH,Moorhen,37680,DEC-2016,0,Good
MH,Moorhen,37680,JAN-2017,0,Good
MH,Moorhen,37680,FEB-2017,0,Good
MH,Moorhen,37680,OCT-2017,0,Good
MH,Moorhen,37680,DEC-2017,0,Good
MH,Moorhen,37680,JAN-2018,0,Poor
MH,Moorhen,37680,FEB-2018,0,Good
MH,Moorhen,37680,OCT-2018,0,Good
MH,Moorhen,37680,DEC-2018,0,Good
MH,Moorhen,37680,JAN-2019,0,Good
MH,Moorhen,37680,FEB-2019,0,Good
OC,Oystercatcher,39840,OCT-1999,0,Good
OC,Oystercatcher,39840,DEC-1999,0,Good
OC,Oystercatcher,39840,JAN-2000,0,Good
OC,Oystercatcher,39840,FEB-2000,0,Good
OC,Oystercatcher,39840,OCT-2000,0,Good
OC,Oystercatcher,39840,DEC-2000,0,Good
OC,Oystercatcher,39840,JAN-2001,2,Good
OC,Oystercatcher,39840,FEB-2001,2,Good
OC,Oystercatcher,39840,OCT-2001,35,Good
OC,Oystercatcher,39840,DEC-2001,10,Good
OC,Oystercatcher,39840,JAN-2002,0,Good
OC,Oystercatcher,39840,FEB-2002,41,Good
OC,Oystercatcher,39840,OCT-2002,0,Good
OC,Oystercatcher,39840,DEC-2002,5,Good
OC,Oystercatcher,39840,JAN-2003,1,Good
OC,Oystercatcher,39840,FEB-2003,1,Good
OC,Oystercatcher,39840,OCT-2003,23,Good
OC,Oystercatcher,39840,DEC-2003,66,Good
OC,Oystercatcher,39840,JAN-2004,9,Good
OC,Oystercatcher,39840,FEB-2004,0,Good
OC,Oystercatcher,39840,OCT-2004,0,Good
OC,Oystercatcher,39840,DEC-2004,16,Good
OC,Oystercatcher,39840,JAN-2005,75,Good
OC,Oystercatcher,39840,FEB-2005,75,Good
OC,Oystercatcher,39840,OCT-2005,2,Good
OC,Oystercatcher,39840,DEC-2005,4,Good
OC,Oystercatcher,39840,JAN-2006,2,Good
OC,Oystercatcher,39840,FEB-2006,61,Good
OC,Oystercatcher,39840,OCT-2006,0,Good
OC,Oystercatcher,39840,DEC-2006,22,Poor
OC,Oystercatcher,39840,JAN-2007,5,Good
OC,Oystercatcher,39840,FEB-2007,2,Good
OC,Oystercatcher,39840,OCT-2007,64,Good
OC,Oystercatcher,39840,DEC-2007,1,Poor
OC,Oystercatcher,39840,JAN-2008,57,Poor
OC,Oystercatcher,39840,FEB-2008,21,Good
OC,Oystercatcher,39840,OCT-2008,3,Poor
OC,Oystercatcher,39840,DEC-2008,0,Good
OC,Oystercatcher,39840,JAN-2009,5,Good
OC,Oystercatcher,39840,FEB-2009,93,Good
OC,Oystercatcher,39840,OCT-2009,0,Good
OC,Oystercatcher,39840,DEC-2009,75,Good
OC,Oystercatcher,39840,JAN-2010,0,Good
OC,Oystercatcher,39840,FEB-2010,20,Good
OC,Oystercatcher,39840,OCT-2010,0,Good
OC,Oystercatcher,39840,DEC-2010,0,Good
OC,Oystercatcher,39840,JAN-2011,8,Good
OC,Oystercatcher,39840,FEB-2011,2,Good
OC,Oystercatcher,39840,OCT-2011,0,Poor
OC,Oystercatcher,39840,DEC-2011,0,Good
OC,Oystercatcher,39840,JAN-2012,18,Good
OC,Oystercatcher,39840,FEB-2012,13,Good
OC,Oystercatcher,39840,JUN-2012,1,Good
OC,Oystercatcher,39840,OCT-2012,0,Good
OC,Oystercatcher,39840,DEC-2012,2,Good
OC,Oystercatcher,39840,JAN-2013,28,Good
OC,Oystercatcher,39840,FEB-2013,0,Good
OC,Oystercatcher,39840,OCT-2013,0,Good
OC,Oystercatcher,39840,DEC-2013,5,Poor
OC,Oystercatcher,39840,JAN-2014,0,Good
OC,Oystercatcher,39840,FEB-2014,19,Good
OC,Oystercatcher,39840,OCT-2014,2,Good
OC,Oystercatcher,39840,DEC-2014,0,Good
OC,Oystercatcher,39840,JAN-2015,12,Good
OC,Oystercatcher,39840,FEB-2015,35,Good
OC,Oystercatcher,39840,OCT-2015,2,Good
OC,Oystercatcher,39840,DEC-2015,4,Good
OC,Oystercatcher,39840,JAN-2016,5,Good
OC,Oystercatcher,39840,FEB-2016,0,Good
OC,Oystercatcher,39840,OCT-2016,0,Good
OC,Oystercatcher,39840,DEC-2016,0,Good
OC,Oystercatcher,39840,JAN-2017,0,Good
OC,Oystercatcher,39840,FEB-2017,0,Good
OC,Oystercatcher,39840,OCT-2017,0,Good
OC,Oystercatcher,39840,DEC-2017,1,Good
OC,Oystercatcher,39840,JAN-2018,37,Poor
OC,Oystercatcher,39840,FEB-2018,0,Good
OC,Oystercatcher,39840,OCT-2018,0,Good
OC,Oystercatcher,39840,DEC-2018,0,Good
OC,Oystercatcher,39840,JAN-2019,0,Good
OC,Oystercatcher,39840,FEB-2019,0,Good
L.,Lapwing,40200,OCT-1999,0,Good
L.,Lapwing,40200,DEC-1999,50,Good
L.,Lapwing,40200,JAN-2000,0,Good
L.,Lapwing,40200,FEB-2000,0,Good
L.,Lapwing,40200,OCT-2000,0,Good
L.,Lapwing,40200,DEC-2000,0,Good
L.,Lapwing,40200,JAN-2001,0,Good
L.,Lapwing,40200,FEB-2001,0,Good
L.,Lapwing,40200,OCT-2001,0,Good
L.,Lapwing,40200,DEC-2001,0,Good
L.,Lapwing,40200,JAN-2002,0,Good
L.,Lapwing,40200,FEB-2002,0,Good
L.,Lapwing,40200,OCT-2002,0,Good
L.,Lapwing,40200,DEC-2002,0,Good
L.,Lapwing,40200,JAN-2003,0,Good
L.,Lapwing,40200,FEB-2003,0,Good
L.,Lapwing,40200,OCT-2003,0,Good
L.,Lapwing,40200,DEC-2003,0,Good
L.,Lapwing,40200,JAN-2004,0,Good
L.,Lapwing,40200,FEB-2004,0,Good
L.,Lapwing,40200,OCT-2004,0,Good
L.,Lapwing,40200,DEC-2004,0,Good
L.,Lapwing,40200,JAN-2005,0,Good
L.,Lapwing,40200,FEB-2005,0,Good
L.,Lapwing,40200,OCT-2005,0,Good
L.,Lapwing,40200,DEC-2005,0,Good
L.,Lapwing,40200,JAN-2006,0,Good
L.,Lapwing,40200,FEB-2006,0,Good
L.,Lapwing,40200,OCT-2006,0,Good
L.,Lapwing,40200,DEC-2006,0,Poor
L.,Lapwing,40200,JAN-2007,0,Good
L.,Lapwing,40200,FEB-2007,0,Good
L.,Lapwing,40200,OCT-2007,0,Good
L.,Lapwing,40200,DEC-2007,0,Poor
L.,Lapwing,40200,JAN-2008,2,Poor
L.,Lapwing,40200,FEB-2008,2,Good
L.,Lapwing,40200,OCT-2008,0,Poor
L.,Lapwing,40200,DEC-2008,0,Good
L.,Lapwing,40200,JAN-2009,0,Good
L.,Lapwing,40200,FEB-2009,0,Good
L.,Lapwing,40200,OCT-2009,0,Good
L.,Lapwing,40200,DEC-2009,0,Good
L.,Lapwing,40200,JAN-2010,0,Good
L.,Lapwing,40200,FEB-2010,0,Good
L.,Lapwing,40200,OCT-2010,0,Good
L.,Lapwing,40200,DEC-2010,0,Good
L.,Lapwing,40200,JAN-2011,0,Good
L.,Lapwing,40200,FEB-2011,0,Good
L.,Lapwing,40200,OCT-2011,0,Poor
L.,Lapwing,40200,DEC-2011,0,Good
L.,Lapwing,40200,JAN-2012,0,Good
L.,Lapwing,40200,FEB-2012,0,Good
L.,Lapwing,40200,JUN-2012,0,Good
L.,Lapwing,40200,OCT-2012,0,Good
L.,Lapwing,40200,DEC-2012,0,Good
L.,Lapwing,40200,JAN-2013,0,Good
L.,Lapwing,40200,FEB-2013,0,Good
L.,Lapwing,40200,OCT-2013,0,Good
L.,Lapwing,40200,DEC-2013,0,Poor
L.,Lapwing,40200,JAN-2014,0,Good
L.,Lapwing,40200,FEB-2014,0,Good
L.,Lapwing,40200,OCT-2014,0,Good
L.,Lapwing,40200,DEC-2014,0,Good
L.,Lapwing,40200,JAN-2015,0,Good
L.,Lapwing,40200,FEB-2015,0,Good
L.,Lapwing,40200,OCT-2015,0,Good
L.,Lapwing,40200,DEC-2015,0,Good
L.,Lapwing,40200,JAN-2016,0,Good
L.,Lapwing,40200,FEB-2016,0,Good
L.,Lapwing,40200,OCT-2016,0,Good
L.,Lapwing,40200,DEC-2016,0,Good
L.,Lapwing,40200,JAN-2017,0,Good
L.,Lapwing,40200,FEB-2017,0,Good
L.,Lapwing,40200,OCT-2017,0,Good
L.,Lapwing,40200,DEC-2017,0,Good
L.,Lapwing,40200,JAN-2018,0,Poor
L.,Lapwing,40200,FEB-2018,0,Good
L.,Lapwing,40200,OCT-2018,0,Good
L.,Lapwing,40200,DEC-2018,0,Good
L.,Lapwing,40200,JAN-2019,0,Good
L.,Lapwing,40200,FEB-2019,0,Good
RP,Ringed Plover,40830,OCT-1999,0,Good
RP,Ringed Plover,40830,DEC-1999,0,Good
RP,Ringed Plover,40830,JAN-2000,0,Good
RP,Ringed Plover,40830,FEB-2000,0,Good
RP,Ringed Plover,40830,OCT-2000,0,Good
RP,Ringed Plover,40830,DEC-2000,0,Good
RP,Ringed Plover,40830,JAN-2001,0,Good
RP,Ringed Plover,40830,FEB-2001,0,Good
RP,Ringed Plover,40830,OCT-2001,0,Good
RP,Ringed Plover,40830,DEC-2001,0,Good
RP,Ringed Plover,40830,JAN-2002,0,Good
RP,Ringed Plover,40830,FEB-2002,0,Good
RP,Ringed Plover,40830,OCT-2002,0,Good
RP,Ringed Plover,40830,DEC-2002,0,Good
RP,Ringed Plover,40830,JAN-2003,0,Good
RP,Ringed Plover,40830,FEB-2003,0,Good
RP,Ringed Plover,40830,OCT-2003,0,Good
RP,Ringed Plover,40830,DEC-2003,0,Good
RP,Ringed Plover,40830,JAN-2004,0,Good
RP,Ringed Plover,40830,FEB-2004,0,Good
RP,Ringed Plover,40830,OCT-2004,0,Good
RP,Ringed Plover,40830,DEC-2004,0,Good
RP,Ringed Plover,40830,JAN-2005,0,Good
RP,Ringed Plover,40830,FEB-2005,0,Good
RP,Ringed Plover,40830,OCT-2005,0,Good
RP,Ringed Plover,40830,DEC-2005,0,Good
RP,Ringed Plover,40830,JAN-2006,0,Good
RP,Ringed Plover,40830,FEB-2006,0,Good
RP,Ringed Plover,40830,OCT-2006,0,Good
RP,Ringed Plover,40830,DEC-2006,0,Poor
RP,Ringed Plover,40830,JAN-2007,0,Good
RP,Ringed Plover,40830,FEB-2007,0,Good
RP,Ringed Plover,40830,OCT-2007,0,Good
RP,Ringed Plover,40830,DEC-2007,0,Poor
RP,Ringed Plover,40830,JAN-2008,0,Poor
RP,Ringed Plover,40830,FEB-2008,0,Good
RP,Ringed Plover,40830,OCT-2008,0,Poor
RP,Ringed Plover,40830,DEC-2008,0,Good
RP,Ringed Plover,40830,JAN-2009,0,Good
RP,Ringed Plover,40830,FEB-2009,0,Good
RP,Ringed Plover,40830,OCT-2009,0,Good
RP,Ringed Plover,40830,DEC-2009,0,Good
RP,Ringed Plover,40830,JAN-2010,0,Good
RP,Ringed Plover,40830,FEB-2010,0,Good
RP,Ringed Plover,40830,OCT-2010,0,Good
RP,Ringed Plover,40830,DEC-2010,0,Good
RP,Ringed Plover,40830,JAN-2011,0,Good
RP,Ringed Plover,40830,FEB-2011,0,Good
RP,Ringed Plover,40830,OCT-2011,0,Poor
RP,Ringed Plover,40830,DEC-2011,0,Good
RP,Ringed Plover,40830,JAN-2012,0,Good
RP,Ringed Plover,40830,FEB-2012,0,Good
RP,Ringed Plover,40830,JUN-2012,0,Good
RP,Ringed Plover,40830,OCT-2012,0,Good
RP,Ringed Plover,40830,DEC-2012,0,Good
RP,Ringed Plover,40830,JAN-2013,0,Good
RP,Ringed Plover,40830,FEB-2013,0,Good
RP,Ringed Plover,40830,OCT-2013,0,Good
RP,Ringed Plover,40830,DEC-2013,0,Poor
RP,Ringed Plover,40830,JAN-2014,0,Good
RP,Ringed Plover,40830,FEB-2014,0,Good
RP,Ringed Plover,40830,OCT-2014,0,Good
RP,Ringed Plover,40830,DEC-2014,0,Good
RP,Ringed Plover,40830,JAN-2015,0,Good
RP,Ringed Plover,40830,FEB-2015,0,Good
RP,Ringed Plover,40830,OCT-2015,0,Good
RP,Ringed Plover,40830,DEC-2015,0,Good
RP,Ringed Plover,40830,JAN-2016,0,Good
RP,Ringed Plover,40830,FEB-2016,0,Good
RP,Ringed Plover,40830,OCT-2016,0,Good
RP,Ringed Plover,40830,DEC-2016,0,Good
RP,Ringed Plover,40830,JAN-2017,0,Good
RP,Ringed Plover,40830,FEB-2017,0,Good
RP,Ringed Plover,40830,OCT-2017,0,Good
RP,Ringed Plover,40830,DEC-2017,0,Good
RP,Ringed Plover,40830,JAN-2018,2,Poor
RP,Ringed Plover,40830,FEB-2018,0,Good
RP,Ringed Plover,40830,OCT-2018,0,Good
RP,Ringed Plover,40830,DEC-2018,0,Good
RP,Ringed Plover,40830,JAN-2019,0,Good
RP,Ringed Plover,40830,FEB-2019,0,Good
CU,Curlew,42320,OCT-1999,0,Good
CU,Curlew,42320,DEC-1999,0,Good
CU,Curlew,42320,JAN-2000,0,Good
CU,Curlew,42320,FEB-2000,0,Good
CU,Curlew,42320,OCT-2000,0,Good
CU,Curlew,42320,DEC-2000,0,Good
CU,Curlew,42320,JAN-2001,1,Good
CU,Curlew,42320,FEB-2001,0,Good
CU,Curlew,42320,OCT-2001,20,Good
CU,Curlew,42320,DEC-2001,17,Good
CU,Curlew,42320,JAN-2002,1,Good
CU,Curlew,42320,FEB-2002,1,Good
CU,Curlew,42320,OCT-2002,0,Good
CU,Curlew,42320,DEC-2002,15,Good
CU,Curlew,42320,JAN-2003,1,Good
CU,Curlew,42320,FEB-2003,0,Good
CU,Curlew,42320,OCT-2003,13,Good
CU,Curlew,42320,DEC-2003,14,Good
CU,Curlew,42320,JAN-2004,0,Good
CU,Curlew,42320,FEB-2004,1,Good
CU,Curlew,42320,OCT-2004,11,Good
CU,Curlew,42320,DEC-2004,4,Good
CU,Curlew,42320,JAN-2005,19,Good
CU,Curlew,42320,FEB-2005,27,Good
CU,Curlew,42320,OCT-2005,0,Good
CU,Curlew,42320,DEC-2005,0,Good
CU,Curlew,42320,JAN-2006,1,Good
CU,Curlew,42320,FEB-2006,16,Good
CU,Curlew,42320,OCT-2006,0,Good
CU,Curlew,42320,DEC-2006,5,Poor
CU,Curlew,42320,JAN-2007,0,Good
CU,Curlew,42320,FEB-2007,0,Good
CU,Curlew,42320,OCT-2007,31,Good
CU,Curlew,42320,DEC-2007,0,Poor
CU,Curlew,42320,JAN-2008,13,Poor
CU,Curlew,42320,FEB-2008,17,Good
CU,Curlew,42320,OCT-2008,0,Poor
CU,Curlew,42320,DEC-2008,0,Good
CU,Curlew,42320,JAN-2009,0,Good
CU,Curlew,42320,FEB-2009,17,Good
CU,Curlew,42320,OCT-2009,1,Good
CU,Curlew,42320,DEC-2009,27,Good
CU,Curlew,42320,JAN-2010,0,Good
CU,Curlew,42320,FEB-2010,0,Good
CU,Curlew,42320,OCT-2010,0,Good
CU,Curlew,42320,DEC-2010,0,Good
CU,Curlew,42320,JAN-2011,2,Good
CU,Curlew,42320,FEB-2011,0,Good
CU,Curlew,42320,OCT-2011,0,Poor
CU,Curlew,42320,DEC-2011,0,Good
CU,Curlew,42320,JAN-2012,0,Good
CU,Curlew,42320,FEB-2012,0,Good
CU,Curlew,42320,JUN-2012,0,Good
CU,Curlew,42320,OCT-2012,0,Good
CU,Curlew,42320,DEC-2012,0,Good
CU,Curlew,42320,JAN-2013,0,Good
CU,Curlew,42320,FEB-2013,0,Good
CU,Curlew,42320,OCT-2013,0,Good
CU,Curlew,42320,DEC-2013,0,Poor
CU,Curlew,42320,JAN-2014,0,Good
CU,Curlew,42320,FEB-2014,0,Good
CU,Curlew,42320,OCT-2014,1,Good
CU,Curlew,42320,DEC-2014,0,Good
CU,Curlew,42320,JAN-2015,0,Good
CU,Curlew,42320,FEB-2015,0,Good
CU,Curlew,42320,OCT-2015,1,Good
CU,Curlew,42320,DEC-2015,0,Good
CU,Curlew,42320,JAN-2016,0,Good
CU,Curlew,42320,FEB-2016,0,Good
CU,Curlew,42320,OCT-2016,0,Good
CU,Curlew,42320,DEC-2016,0,Good
CU,Curlew,42320,JAN-2017,0,Good
CU,Curlew,42320,FEB-2017,1,Good
CU,Curlew,42320,OCT-2017,0,Good
CU,Curlew,42320,DEC-2017,0,Good
CU,Curlew,42320,JAN-2018,29,Poor
CU,Curlew,42320,FEB-2018,0,Good
CU,Curlew,42320,OCT-2018,0,Good
CU,Curlew,42320,DEC-2018,0,Good
CU,Curlew,42320,JAN-2019,0,Good
CU,Curlew,42320,FEB-2019,0,Good
BA,Bar-tailed Godwit,42370,OCT-1999,0,Good
BA,Bar-tailed Godwit,42370,DEC-1999,0,Good
BA,Bar-tailed Godwit,42370,JAN-2000,0,Good
BA,Bar-tailed Godwit,42370,FEB-2000,0,Good
BA,Bar-tailed Godwit,42370,OCT-2000,0,Good
BA,Bar-tailed Godwit,42370,DEC-2000,0,Good
BA,Bar-tailed Godwit,42370,JAN-2001,0,Good
BA,Bar-tailed Godwit,42370,FEB-2001,0,Good
BA,Bar-tailed Godwit,42370,OCT-2001,0,Good
BA,Bar-tailed Godwit,42370,DEC-2001,0,Good
BA,Bar-tailed Godwit,42370,JAN-2002,0,Good
BA,Bar-tailed Godwit,42370,FEB-2002,0,Good
BA,Bar-tailed Godwit,42370,OCT-2002,0,Good
BA,Bar-tailed Godwit,42370,DEC-2002,0,Good
BA,Bar-tailed Godwit,42370,JAN-2003,0,Good
BA,Bar-tailed Godwit,42370,FEB-2003,0,Good
BA,Bar-tailed Godwit,42370,OCT-2003,0,Good
BA,Bar-tailed Godwit,42370,DEC-2003,0,Good
BA,Bar-tailed Godwit,42370,JAN-2004,0,Good
BA,Bar-tailed Godwit,42370,FEB-2004,0,Good
BA,Bar-tailed Godwit,42370,OCT-2004,0,Good
BA,Bar-tailed Godwit,42370,DEC-2004,0,Good
BA,Bar-tailed Godwit,42370,JAN-2005,0,Good
BA,Bar-tailed Godwit,42370,FEB-2005,0,Good
BA,Bar-tailed Godwit,42370,OCT-2005,0,Good
BA,Bar-tailed Godwit,42370,DEC-2005,0,Good
BA,Bar-tailed Godwit,42370,JAN-2006,0,Good
BA,Bar-tailed Godwit,42370,FEB-2006,0,Good
BA,Bar-tailed Godwit,42370,OCT-2006,0,Good
BA,Bar-tailed Godwit,42370,DEC-2006,6,Poor
BA,Bar-tailed Godwit,42370,JAN-2007,0,Good
BA,Bar-tailed Godwit,42370,FEB-2007,0,Good
BA,Bar-tailed Godwit,42370,OCT-2007,0,Good
BA,Bar-tailed Godwit,42370,DEC-2007,0,Poor
BA,Bar-tailed Godwit,42370,JAN-2008,0,Poor
BA,Bar-tailed Godwit,42370,FEB-2008,0,Good
BA,Bar-tailed Godwit,42370,OCT-2008,0,Poor
BA,Bar-tailed Godwit,42370,DEC-2008,0,Good
BA,Bar-tailed Godwit,42370,JAN-2009,0,Good
BA,Bar-tailed Godwit,42370,FEB-2009,0,Good
BA,Bar-tailed Godwit,42370,OCT-2009,0,Good
BA,Bar-tailed Godwit,42370,DEC-2009,0,Good
BA,Bar-tailed Godwit,42370,JAN-2010,0,Good
BA,Bar-tailed Godwit,42370,FEB-2010,3,Good
BA,Bar-tailed Godwit,42370,OCT-2010,0,Good
BA,Bar-tailed Godwit,42370,DEC-2010,0,Good
BA,Bar-tailed Godwit,42370,JAN-2011,0,Good
BA,Bar-tailed Godwit,42370,FEB-2011,0,Good
BA,Bar-tailed Godwit,42370,OCT-2011,0,Poor
BA,Bar-tailed Godwit,42370,DEC-2011,0,Good
BA,Bar-tailed Godwit,42370,JAN-2012,0,Good
BA,Bar-tailed Godwit,42370,FEB-2012,0,Good
BA,Bar-tailed Godwit,42370,JUN-2012,0,Good
BA,Bar-tailed Godwit,42370,OCT-2012,0,Good
BA,Bar-tailed Godwit,42370,DEC-2012,0,Good
BA,Bar-tailed Godwit,42370,JAN-2013,0,Good
BA,Bar-tailed Godwit,42370,FEB-2013,0,Good
BA,Bar-tailed Godwit,42370,OCT-2013,0,Good
BA,Bar-tailed Godwit,42370,DEC-2013,0,Poor
BA,Bar-tailed Godwit,42370,JAN-2014,0,Good
BA,Bar-tailed Godwit,42370,FEB-2014,0,Good
BA,Bar-tailed Godwit,42370,OCT-2014,0,Good
BA,Bar-tailed Godwit,42370,DEC-2014,0,Good
BA,Bar-tailed Godwit,42370,JAN-2015,0,Good
BA,Bar-tailed Godwit,42370,FEB-2015,0,Good
BA,Bar-tailed Godwit,42370,OCT-2015,0,Good
BA,Bar-tailed Godwit,42370,DEC-2015,0,Good
BA,Bar-tailed Godwit,42370,JAN-2016,0,Good
BA,Bar-tailed Godwit,42370,FEB-2016,0,Good
BA,Bar-tailed Godwit,42370,OCT-2016,0,Good
BA,Bar-tailed Godwit,42370,DEC-2016,0,Good
BA,Bar-tailed Godwit,42370,JAN-2017,0,Good
BA,Bar-tailed Godwit,42370,FEB-2017,0,Good
BA,Bar-tailed Godwit,42370,OCT-2017,0,Good
BA,Bar-tailed Godwit,42370,DEC-2017,0,Good
BA,Bar-tailed Godwit,42370,JAN-2018,0,Poor
BA,Bar-tailed Godwit,42370,FEB-2018,0,Good
BA,Bar-tailed Godwit,42370,OCT-2018,0,Good
BA,Bar-tailed Godwit,42370,DEC-2018,0,Good
BA,Bar-tailed Godwit,42370,JAN-2019,0,Good
BA,Bar-tailed Godwit,42370,FEB-2019,0,Good
DN,Dunlin,42840,OCT-1999,0,Good
DN,Dunlin,42840,DEC-1999,0,Good
DN,Dunlin,42840,JAN-2000,0,Good
DN,Dunlin,42840,FEB-2000,0,Good
DN,Dunlin,42840,OCT-2000,0,Good
DN,Dunlin,42840,DEC-2000,0,Good
DN,Dunlin,42840,JAN-2001,0,Good
DN,Dunlin,42840,FEB-2001,0,Good
DN,Dunlin,42840,OCT-2001,0,Good
DN,Dunlin,42840,DEC-2001,0,Good
DN,Dunlin,42840,JAN-2002,0,Good
DN,Dunlin,42840,FEB-2002,0,Good
DN,Dunlin,42840,OCT-2002,0,Good
DN,Dunlin,42840,DEC-2002,0,Good
DN,Dunlin,42840,JAN-2003,0,Good
DN,Dunlin,42840,FEB-2003,10,Good
DN,Dunlin,42840,OCT-2003,0,Good
DN,Dunlin,42840,DEC-2003,0,Good
DN,Dunlin,42840,JAN-2004,0,Good
DN,Dunlin,42840,FEB-2004,0,Good
DN,Dunlin,42840,OCT-2004,0,Good
DN,Dunlin,42840,DEC-2004,0,Good
DN,Dunlin,42840,JAN-2005,90,Good
DN,Dunlin,42840,FEB-2005,0,Good
DN,Dunlin,42840,OCT-2005,0,Good
DN,Dunlin,42840,DEC-2005,0,Good
DN,Dunlin,42840,JAN-2006,0,Good
DN,Dunlin,42840,FEB-2006,0,Good
DN,Dunlin,42840,OCT-2006,0,Good
DN,Dunlin,42840,DEC-2006,20,Poor
DN,Dunlin,42840,JAN-2007,0,Good
DN,Dunlin,42840,FEB-2007,0,Good
DN,Dunlin,42840,OCT-2007,0,Good
DN,Dunlin,42840,DEC-2007,0,Poor
DN,Dunlin,42840,JAN-2008,0,Poor
DN,Dunlin,42840,FEB-2008,0,Good
DN,Dunlin,42840,OCT-2008,0,Poor
DN,Dunlin,42840,DEC-2008,0,Good
DN,Dunlin,42840,JAN-2009,0,Good
DN,Dunlin,42840,FEB-2009,0,Good
DN,Dunlin,42840,OCT-2009,0,Good
DN,Dunlin,42840,DEC-2009,0,Good
DN,Dunlin,42840,JAN-2010,0,Good
DN,Dunlin,42840,FEB-2010,0,Good
DN,Dunlin,42840,OCT-2010,0,Good
DN,Dunlin,42840,DEC-2010,0,Good
DN,Dunlin,42840,JAN-2011,0,Good
DN,Dunlin,42840,FEB-2011,0,Good
DN,Dunlin,42840,OCT-2011,0,Poor
DN,Dunlin,42840,DEC-2011,0,Good
DN,Dunlin,42840,JAN-2012,0,Good
DN,Dunlin,42840,FEB-2012,0,Good
DN,Dunlin,42840,JUN-2012,0,Good
DN,Dunlin,42840,OCT-2012,0,Good
DN,Dunlin,42840,DEC-2012,0,Good
DN,Dunlin,42840,JAN-2013,0,Good
DN,Dunlin,42840,FEB-2013,0,Good
DN,Dunlin,42840,OCT-2013,0,Good
DN,Dunlin,42840,DEC-2013,0,Poor
DN,Dunlin,42840,JAN-2014,0,Good
DN,Dunlin,42840,FEB-2014,0,Good
DN,Dunlin,42840,OCT-2014,0,Good
DN,Dunlin,42840,DEC-2014,0,Good
DN,Dunlin,42840,JAN-2015,0,Good
DN,Dunlin,42840,FEB-2015,0,Good
DN,Dunlin,42840,OCT-2015,0,Good
DN,Dunlin,42840,DEC-2015,0,Good
DN,Dunlin,42840,JAN-2016,0,Good
DN,Dunlin,42840,FEB-2016,0,Good
DN,Dunlin,42840,OCT-2016,0,Good
DN,Dunlin,42840,DEC-2016,0,Good
DN,Dunlin,42840,JAN-2017,0,Good
DN,Dunlin,42840,FEB-2017,0,Good
DN,Dunlin,42840,OCT-2017,0,Good
DN,Dunlin,42840,DEC-2017,0,Good
DN,Dunlin,42840,JAN-2018,0,Poor
DN,Dunlin,42840,FEB-2018,0,Good
DN,Dunlin,42840,OCT-2018,0,Good
DN,Dunlin,42840,DEC-2018,0,Good
DN,Dunlin,42840,JAN-2019,0,Good
DN,Dunlin,42840,FEB-2019,0,Good
SN,Snipe,43540,OCT-1999,0,Good
SN,Snipe,43540,DEC-1999,0,Good
SN,Snipe,43540,JAN-2000,0,Good
SN,Snipe,43540,FEB-2000,0,Good
SN,Snipe,43540,OCT-2000,0,Good
SN,Snipe,43540,DEC-2000,0,Good
SN,Snipe,43540,JAN-2001,0,Good
SN,Snipe,43540,FEB-2001,0,Good
SN,Snipe,43540,OCT-2001,0,Good
SN,Snipe,43540,DEC-2001,0,Good
SN,Snipe,43540,JAN-2002,0,Good
SN,Snipe,43540,FEB-2002,0,Good
SN,Snipe,43540,OCT-2002,0,Good
SN,Snipe,43540,DEC-2002,0,Good
SN,Snipe,43540,JAN-2003,0,Good
SN,Snipe,43540,FEB-2003,0,Good
SN,Snipe,43540,OCT-2003,0,Good
SN,Snipe,43540,DEC-2003,0,Good
SN,Snipe,43540,JAN-2004,0,Good
SN,Snipe,43540,FEB-2004,0,Good
SN,Snipe,43540,OCT-2004,0,Good
SN,Snipe,43540,DEC-2004,0,Good
SN,Snipe,43540,JAN-2005,0,Good
SN,Snipe,43540,FEB-2005,0,Good
SN,Snipe,43540,OCT-2005,0,Good
SN,Snipe,43540,DEC-2005,0,Good
SN,Snipe,43540,JAN-2006,0,Good
SN,Snipe,43540,FEB-2006,0,Good
SN,Snipe,43540,OCT-2006,0,Good
SN,Snipe,43540,DEC-2006,0,Poor
SN,Snipe,43540,JAN-2007,0,Good
SN,Snipe,43540,FEB-2007,0,Good
SN,Snipe,43540,OCT-2007,0,Good
SN,Snipe,43540,DEC-2007,0,Poor
SN,Snipe,43540,JAN-2008,0,Poor
SN,Snipe,43540,FEB-2008,0,Good
SN,Snipe,43540,OCT-2008,0,Poor
SN,Snipe,43540,DEC-2008,0,Good
SN,Snipe,43540,JAN-2009,0,Good
SN,Snipe,43540,FEB-2009,0,Good
SN,Snipe,43540,OCT-2009,0,Good
SN,Snipe,43540,DEC-2009,0,Good
SN,Snipe,43540,JAN-2010,0,Good
SN,Snipe,43540,FEB-2010,0,Good
SN,Snipe,43540,OCT-2010,0,Good
SN,Snipe,43540,DEC-2010,1,Good
SN,Snipe,43540,JAN-2011,0,Good
SN,Snipe,43540,FEB-2011,0,Good
SN,Snipe,43540,OCT-2011,0,Poor
SN,Snipe,43540,DEC-2011,0,Good
SN,Snipe,43540,JAN-2012,0,Good
SN,Snipe,43540,FEB-2012,0,Good
SN,Snipe,43540,JUN-2012,0,Good
SN,Snipe,43540,OCT-2012,0,Good
SN,Snipe,43540,DEC-2012,0,Good
SN,Snipe,43540,JAN-2013,0,Good
SN,Snipe,43540,FEB-2013,0,Good
SN,Snipe,43540,OCT-2013,0,Good
SN,Snipe,43540,DEC-2013,0,Poor
SN,Snipe,43540,JAN-2014,0,Good
SN,Snipe,43540,FEB-2014,0,Good
SN,Snipe,43540,OCT-2014,0,Good
SN,Snipe,43540,DEC-2014,0,Good
SN,Snipe,43540,JAN-2015,0,Good
SN,Snipe,43540,FEB-2015,0,Good
SN,Snipe,43540,OCT-2015,0,Good
SN,Snipe,43540,DEC-2015,0,Good
SN,Snipe,43540,JAN-2016,0,Good
SN,Snipe,43540,FEB-2016,0,Good
SN,Snipe,43540,OCT-2016,0,Good
SN,Snipe,43540,DEC-2016,0,Good
SN,Snipe,43540,JAN-2017,0,Good
SN,Snipe,43540,FEB-2017,0,Good
SN,Snipe,43540,OCT-2017,0,Good
SN,Snipe,43540,DEC-2017,0,Good
SN,Snipe,43540,JAN-2018,0,Poor
SN,Snipe,43540,FEB-2018,0,Good
SN,Snipe,43540,OCT-2018,0,Good
SN,Snipe,43540,DEC-2018,0,Good
SN,Snipe,43540,JAN-2019,0,Good
SN,Snipe,43540,FEB-2019,0,Good
RK,Redshank,43920,OCT-1999,80,Good
RK,Redshank,43920,DEC-1999,120,Good
RK,Redshank,43920,JAN-2000,140,Good
RK,Redshank,43920,FEB-2000,75,Good
RK,Redshank,43920,OCT-2000,137,Good
RK,Redshank,43920,DEC-2000,91,Good
RK,Redshank,43920,JAN-2001,66,Good
RK,Redshank,43920,FEB-2001,81,Good
RK,Redshank,43920,OCT-2001,98,Good
RK,Redshank,43920,DEC-2001,41,Good
RK,Redshank,43920,JAN-2002,70,Good
RK,Redshank,43920,FEB-2002,72,Good
RK,Redshank,43920,OCT-2002,56,Good
RK,Redshank,43920,DEC-2002,52,Good
RK,Redshank,43920,JAN-2003,111,Good
RK,Redshank,43920,FEB-2003,311,Good
RK,Redshank,43920,OCT-2003,112,Good
RK,Redshank,43920,DEC-2003,90,Good
RK,Redshank,43920,JAN-2004,284,Good
RK,Redshank,43920,FEB-2004,72,Good
RK,Redshank,43920,OCT-2004,85,Good
RK,Redshank,43920,DEC-2004,26,Good
RK,Redshank,43920,JAN-2005,176,Good
RK,Redshank,43920,FEB-2005,316,Good
RK,Redshank,43920,OCT-2005,114,Good
RK,Redshank,43920,DEC-2005,24,Good
RK,Redshank,43920,JAN-2006,69,Good
RK,Redshank,43920,FEB-2006,69,Good
RK,Redshank,43920,OCT-2006,110,Good
RK,Redshank,43920,DEC-2006,340,Poor
RK,Redshank,43920,JAN-2007,16,Good
RK,Redshank,43920,FEB-2007,20,Good
RK,Redshank,43920,OCT-2007,0,Good
RK,Redshank,43920,DEC-2007,22,Poor
RK,Redshank,43920,JAN-2008,8,Poor
RK,Redshank,43920,FEB-2008,25,Good
RK,Redshank,43920,OCT-2008,51,Poor
RK,Redshank,43920,DEC-2008,16,Good
RK,Redshank,43920,JAN-2009,21,Good
RK,Redshank,43920,FEB-2009,0,Good
RK,Redshank,43920,OCT-2009,71,Good
RK,Redshank,43920,DEC-2009,1,Good
RK,Redshank,43920,JAN-2010,0,Good
RK,Redshank,43920,FEB-2010,22,Good
RK,Redshank,43920,OCT-2010,0,Good
RK,Redshank,43920,DEC-2010,0,Good
RK,Redshank,43920,JAN-2011,6,Good
RK,Redshank,43920,FEB-2011,9,Good
RK,Redshank,43920,OCT-2011,0,Poor
RK,Redshank,43920,DEC-2011,0,Good
RK,Redshank,43920,JAN-2012,2,Good
RK,Redshank,43920,FEB-2012,1,Good
RK,Redshank,43920,JUN-2012,0,Good
RK,Redshank,43920,OCT-2012,0,Good
RK,Redshank,43920,DEC-2012,0,Good
RK,Redshank,43920,JAN-2013,0,Good
RK,Redshank,43920,FEB-2013,0,Good
RK,Redshank,43920,OCT-2013,0,Good
RK,Redshank,43920,DEC-2013,0,Poor
RK,Redshank,43920,JAN-2014,0,Good
RK,Redshank,43920,FEB-2014,0,Good
RK,Redshank,43920,OCT-2014,0,Good
RK,Redshank,43920,DEC-2014,0,Good
RK,Redshank,43920,JAN-2015,26,Good
RK,Redshank,43920,FEB-2015,19,Good
RK,Redshank,43920,OCT-2015,0,Good
RK,Redshank,43920,DEC-2015,0,Good
RK,Redshank,43920,JAN-2016,0,Good
RK,Redshank,43920,FEB-2016,0,Good
RK,Redshank,43920,OCT-2016,30,Good
RK,Redshank,43920,DEC-2016,1,Good
RK,Redshank,43920,JAN-2017,0,Good
RK,Redshank,43920,FEB-2017,17,Good
RK,Redshank,43920,OCT-2017,0,Good
RK,Redshank,43920,DEC-2017,29,Good
RK,Redshank,43920,JAN-2018,8,Poor
RK,Redshank,43920,FEB-2018,32,Good
RK,Redshank,43920,OCT-2018,31,Good
RK,Redshank,43920,DEC-2018,22,Good
RK,Redshank,43920,JAN-2019,13,Good
RK,Redshank,43920,FEB-2019,20,Good
CM,Common Gull,45530,OCT-2004,0,Good
CM,Common Gull,45530,JUN-2012,1,Good
CM,Common Gull,45530,FEB-2018,0,Good
GB,Great Black-backed Gull,45620,OCT-2004,0,Good
GB,Great Black-backed Gull,45620,JUN-2012,1,Good
GB,Great Black-backed Gull,45620,FEB-2018,0,Good
HG,Herring Gull,45830,OCT-2004,5,Good
HG,Herring Gull,45830,JUN-2012,19,Good
HG,Herring Gull,45830,FEB-2018,0,Good
