SpeciesCode,Species,TaxonSort,Visit,Count,SpeciesCover
BY,Barnacle Goose,2955,JAN-2015,0,Good
BY,Barnacle Goose,2955,FEB-2015,0,Good
BY,Barnacle Goose,2955,MAR-2015,0,Good
BY,Barnacle Goose,2955,APR-2015,0,Good
BY,Barnacle Goose,2955,MAY-2015,0,Good
BY,Barnacle Goose,2955,JUN-2015,0,Good
BY,Barnacle Goose,2955,JUL-2015,0,Poor
BY,Barnacle Goose,2955,AUG-2015,0,Poor
BY,Barnacle Goose,2955,SEP-2015,0,Good
BY,Barnacle Goose,2955,OCT-2015,5,Good
BY,Barnacle Goose,2955,NOV-2015,0,Good
BY,Barnacle Goose,2955,DEC-2015,0,Good
BY,Barnacle Goose,2955,JAN-2016,0,Good
BY,Barnacle Goose,2955,FEB-2016,0,Good
BY,Barnacle Goose,2955,MAR-2016,0,Good
BY,Barnacle Goose,2955,SEP-2016,0,Good
BY,Barnacle Goose,2955,OCT-2016,24,Good
BY,Barnacle Goose,2955,NOV-2016,0,Good
BY,Barnacle Goose,2955,DEC-2016,0,Good
BY,Barnacle Goose,2955,JAN-2017,0,Good
BY,Barnacle Goose,2955,FEB-2017,0,Good
BY,Barnacle Goose,2955,MAR-2017,0,Good
BY,Barnacle Goose,2955,SEP-2017,0,Good
BY,Barnacle Goose,2955,OCT-2017,0,Good
BY,Barnacle Goose,2955,NOV-2017,0,Good
BY,Barnacle Goose,2955,DEC-2017,0,Good
BY,Barnacle Goose,2955,JAN-2018,0,Good
BY,Barnacle Goose,2955,FEB-2018,0,Good
BY,Barnacle Goose,2955,MAR-2018,0,Good
JI,Greylag Goose (Icelandic),3100,JAN-2015,0,Good
JI,Greylag Goose (Icelandic),3100,FEB-2015,5,Good
JI,Greylag Goose (Icelandic),3100,MAR-2015,0,Good
JI,Greylag Goose (Icelandic),3100,APR-2015,0,Good
JI,Greylag Goose (Icelandic),3100,MAY-2015,0,Good
JI,Greylag Goose (Icelandic),3100,JUN-2015,0,Good
JI,Greylag Goose (Icelandic),3100,JUL-2015,0,Poor
JI,Greylag Goose (Icelandic),3100,AUG-2015,0,Poor
JI,Greylag Goose (Icelandic),3100,SEP-2015,0,Good
JI,Greylag Goose (Icelandic),3100,OCT-2015,0,Good
JI,Greylag Goose (Icelandic),3100,NOV-2015,0,Good
JI,Greylag Goose (Icelandic),3100,DEC-2015,0,Good
JI,Greylag Goose (Icelandic),3100,JAN-2016,0,Good
JI,Greylag Goose (Icelandic),3100,FEB-2016,0,Good
JI,Greylag Goose (Icelandic),3100,MAR-2016,0,Good
JI,Greylag Goose (Icelandic),3100,SEP-2016,0,Good
JI,Greylag Goose (Icelandic),3100,OCT-2016,0,Good
JI,Greylag Goose (Icelandic),3100,NOV-2016,0,Good
JI,Greylag Goose (Icelandic),3100,DEC-2016,0,Good
JI,Greylag Goose (Icelandic),3100,JAN-2017,0,Good
JI,Greylag Goose (Icelandic),3100,FEB-2017,0,Good
JI,Greylag Goose (Icelandic),3100,MAR-2017,0,Good
JI,Greylag Goose (Icelandic),3100,SEP-2017,0,Good
JI,Greylag Goose (Icelandic),3100,OCT-2017,0,Good
JI,Greylag Goose (Icelandic),3100,NOV-2017,0,Good
JI,Greylag Goose (Icelandic),3100,DEC-2017,0,Good
JI,Greylag Goose (Icelandic),3100,JAN-2018,0,Good
JI,Greylag Goose (Icelandic),3100,FEB-2018,0,Good
JI,Greylag Goose (Icelandic),3100,MAR-2018,0,Good
PG,Pink-footed Goose,3225,JAN-2015,0,Good
PG,Pink-footed Goose,3225,FEB-2015,0,Good
PG,Pink-footed Goose,3225,MAR-2015,0,Good
PG,Pink-footed Goose,3225,APR-2015,0,Good
PG,Pink-footed Goose,3225,MAY-2015,0,Good
PG,Pink-footed Goose,3225,JUN-2015,0,Good
PG,Pink-footed Goose,3225,JUL-2015,0,Poor
PG,Pink-footed Goose,3225,AUG-2015,0,Poor
PG,Pink-footed Goose,3225,SEP-2015,0,Good
PG,Pink-footed Goose,3225,OCT-2015,0,Good
PG,Pink-footed Goose,3225,NOV-2015,0,Good
PG,Pink-footed Goose,3225,DEC-2015,0,Good
PG,Pink-footed Goose,3225,JAN-2016,0,Good
PG,Pink-footed Goose,3225,FEB-2016,0,Good
PG,Pink-footed Goose,3225,MAR-2016,0,Good
PG,Pink-footed Goose,3225,SEP-2016,0,Good
PG,Pink-footed Goose,3225,OCT-2016,0,Good
PG,Pink-footed Goose,3225,NOV-2016,0,Good
PG,Pink-footed Goose,3225,DEC-2016,0,Good
PG,Pink-footed Goose,3225,JAN-2017,0,Good
PG,Pink-footed Goose,3225,FEB-2017,0,Good
PG,Pink-footed Goose,3225,MAR-2017,0,Good
PG,Pink-footed Goose,3225,SEP-2017,0,Good
PG,Pink-footed Goose,3225,OCT-2017,3,Good
PG,Pink-footed Goose,3225,NOV-2017,0,Good
PG,Pink-footed Goose,3225,DEC-2017,0,Good
PG,Pink-footed Goose,3225,JAN-2018,0,Good
PG,Pink-footed Goose,3225,FEB-2018,0,Good
PG,Pink-footed Goose,3225,MAR-2018,0,Good
MS,Mute Swan,3380,JAN-2015,0,Good
MS,Mute Swan,3380,FEB-2015,0,Good
MS,Mute Swan,3380,MAR-2015,3,Good
MS,Mute Swan,3380,APR-2015,2,Good
MS,Mute Swan,3380,MAY-2015,4,Good
MS,Mute Swan,3380,JUN-2015,11,Good
MS,Mute Swan,3380,JUL-2015,3,Poor
MS,Mute Swan,3380,AUG-2015,1,Poor
MS,Mute Swan,3380,SEP-2015,2,Good
MS,Mute Swan,3380,OCT-2015,0,Good
MS,Mute Swan,3380,NOV-2015,0,Good
MS,Mute Swan,3380,DEC-2015,1,Good
MS,Mute Swan,3380,JAN-2016,0,Good
MS,Mute Swan,3380,FEB-2016,0,Good
MS,Mute Swan,3380,MAR-2016,0,Good
MS,Mute Swan,3380,SEP-2016,1,Good
MS,Mute Swan,3380,OCT-2016,0,Good
MS,Mute Swan,3380,NOV-2016,0,Good
MS,Mute Swan,3380,DEC-2016,0,Good
MS,Mute Swan,3380,JAN-2017,0,Good
MS,Mute Swan,3380,FEB-2017,0,Good
MS,Mute Swan,3380,MAR-2017,0,Good
MS,Mute Swan,3380,SEP-2017,0,Good
MS,Mute Swan,3380,OCT-2017,0,Good
MS,Mute Swan,3380,NOV-2017,0,Good
MS,Mute Swan,3380,DEC-2017,0,Good
MS,Mute Swan,3380,JAN-2018,0,Good
MS,Mute Swan,3380,FEB-2018,0,Good
MS,Mute Swan,3380,MAR-2018,0,Good
WS,Whooper Swan,3430,JAN-2015,0,Good
WS,Whooper Swan,3430,FEB-2015,0,Good
WS,Whooper Swan,3430,MAR-2015,0,Good
WS,Whooper Swan,3430,APR-2015,0,Good
WS,Whooper Swan,3430,MAY-2015,0,Good
WS,Whooper Swan,3430,JUN-2015,0,Good
WS,Whooper Swan,3430,JUL-2015,0,Poor
WS,Whooper Swan,3430,AUG-2015,0,Poor
WS,Whooper Swan,3430,SEP-2015,0,Good
WS,Whooper Swan,3430,OCT-2015,0,Good
WS,Whooper Swan,3430,NOV-2015,0,Good
WS,Whooper Swan,3430,DEC-2015,0,Good
WS,Whooper Swan,3430,JAN-2016,0,Good
WS,Whooper Swan,3430,FEB-2016,0,Good
WS,Whooper Swan,3430,MAR-2016,0,Good
WS,Whooper Swan,3430,SEP-2016,0,Good
WS,Whooper Swan,3430,OCT-2016,0,Good
WS,Whooper Swan,3430,NOV-2016,0,Good
WS,Whooper Swan,3430,DEC-2016,0,Good
WS,Whooper Swan,3430,JAN-2017,0,Good
WS,Whooper Swan,3430,FEB-2017,0,Good
WS,Whooper Swan,3430,MAR-2017,0,Good
WS,Whooper Swan,3430,SEP-2017,0,Good
WS,Whooper Swan,3430,OCT-2017,0,Good
WS,Whooper Swan,3430,NOV-2017,1,Good
WS,Whooper Swan,3430,DEC-2017,0,Good
WS,Whooper Swan,3430,JAN-2018,0,Good
WS,Whooper Swan,3430,FEB-2018,0,Good
WS,Whooper Swan,3430,MAR-2018,0,Good
SU,Shelduck,3920,JAN-2015,0,Good
SU,Shelduck,3920,FEB-2015,0,Good
SU,Shelduck,3920,MAR-2015,7,Good
SU,Shelduck,3920,APR-2015,8,Good
SU,Shelduck,3920,MAY-2015,0,Good
SU,Shelduck,3920,JUN-2015,8,Good
SU,Shelduck,3920,JUL-2015,0,Poor
SU,Shelduck,3920,AUG-2015,0,Poor
SU,Shelduck,3920,SEP-2015,0,Good
SU,Shelduck,3920,OCT-2015,0,Good
SU,Shelduck,3920,NOV-2015,0,Good
SU,Shelduck,3920,DEC-2015,0,Good
SU,Shelduck,3920,JAN-2016,0,Good
SU,Shelduck,3920,FEB-2016,0,Good
SU,Shelduck,3920,MAR-2016,2,Good
SU,Shelduck,3920,SEP-2016,0,Good
SU,Shelduck,3920,OCT-2016,0,Good
SU,Shelduck,3920,NOV-2016,0,Good
SU,Shelduck,3920,DEC-2016,0,Good
SU,Shelduck,3920,JAN-2017,0,Good
SU,Shelduck,3920,FEB-2017,0,Good
SU,Shelduck,3920,MAR-2017,3,Good
SU,Shelduck,3920,SEP-2017,0,Good
SU,Shelduck,3920,OCT-2017,0,Good
SU,Shelduck,3920,NOV-2017,0,Good
SU,Shelduck,3920,DEC-2017,0,Good
SU,Shelduck,3920,JAN-2018,0,Good
SU,Shelduck,3920,FEB-2018,0,Good
SU,Shelduck,3920,MAR-2018,1,Good
WN,Wigeon,4620,JAN-2015,0,Good
WN,Wigeon,4620,FEB-2015,377,Good
WN,Wigeon,4620,MAR-2015,55,Good
WN,Wigeon,4620,APR-2015,11,Good
WN,Wigeon,4620,MAY-2015,0,Good
WN,Wigeon,4620,JUN-2015,9,Good
WN,Wigeon,4620,JUL-2015,0,Poor
WN,Wigeon,4620,AUG-2015,0,Poor
WN,Wigeon,4620,SEP-2015,35,Good
WN,Wigeon,4620,OCT-2015,0,Good
WN,Wigeon,4620,NOV-2015,89,Good
WN,Wigeon,4620,DEC-2015,134,Good
WN,Wigeon,4620,JAN-2016,0,Good
WN,Wigeon,4620,FEB-2016,116,Good
WN,Wigeon,4620,MAR-2016,70,Good
WN,Wigeon,4620,SEP-2016,29,Good
WN,Wigeon,4620,OCT-2016,450,Good
WN,Wigeon,4620,NOV-2016,205,Good
WN,Wigeon,4620,DEC-2016,300,Good
WN,Wigeon,4620,JAN-2017,137,Good
WN,Wigeon,4620,FEB-2017,0,Good
WN,Wigeon,4620,MAR-2017,88,Good
WN,Wigeon,4620,SEP-2017,24,Good
WN,Wigeon,4620,OCT-2017,0,Good
WN,Wigeon,4620,NOV-2017,0,Good
WN,Wigeon,4620,DEC-2017,225,Good
WN,Wigeon,4620,JAN-2018,0,Good
WN,Wigeon,4620,FEB-2018,159,Good
WN,Wigeon,4620,MAR-2018,0,Good
MA,Mallard,4840,JAN-2015,0,Good
MA,Mallard,4840,FEB-2015,0,Good
MA,Mallard,4840,MAR-2015,0,Good
MA,Mallard,4840,APR-2015,0,Good
MA,Mallard,4840,MAY-2015,0,Good
MA,Mallard,4840,JUN-2015,0,Good
MA,Mallard,4840,JUL-2015,6,Poor
MA,Mallard,4840,AUG-2015,7,Poor
MA,Mallard,4840,SEP-2015,0,Good
MA,Mallard,4840,OCT-2015,37,Good
MA,Mallard,4840,NOV-2015,0,Good
MA,Mallard,4840,DEC-2015,0,Good
MA,Mallard,4840,JAN-2016,0,Good
MA,Mallard,4840,FEB-2016,27,Good
MA,Mallard,4840,MAR-2016,0,Good
MA,Mallard,4840,SEP-2016,0,Good
MA,Mallard,4840,OCT-2016,0,Good
MA,Mallard,4840,NOV-2016,21,Good
MA,Mallard,4840,DEC-2016,0,Good
MA,Mallard,4840,JAN-2017,0,Good
MA,Mallard,4840,FEB-2017,0,Good
MA,Mallard,4840,MAR-2017,0,Good
MA,Mallard,4840,SEP-2017,0,Good
MA,Mallard,4840,OCT-2017,0,Good
MA,Mallard,4840,NOV-2017,0,Good
MA,Mallard,4840,DEC-2017,0,Good
MA,Mallard,4840,JAN-2018,0,Good
MA,Mallard,4840,FEB-2018,0,Good
MA,Mallard,4840,MAR-2018,0,Good
T.,Teal,5080,JAN-2015,0,Good
T.,Teal,5080,FEB-2015,0,Good
T.,Teal,5080,MAR-2015,23,Good
T.,Teal,5080,APR-2015,32,Good
T.,Teal,5080,MAY-2015,0,Good
T.,Teal,5080,JUN-2015,0,Good
T.,Teal,5080,JUL-2015,9,Poor
T.,Teal,5080,AUG-2015,0,Poor
T.,Teal,5080,SEP-2015,44,Good
T.,Teal,5080,OCT-2015,43,Good
T.,Teal,5080,NOV-2015,9,Good
T.,Teal,5080,DEC-2015,0,Good
T.,Teal,5080,JAN-2016,0,Good
T.,Teal,5080,FEB-2016,15,Good
T.,Teal,5080,MAR-2016,10,Good
T.,Teal,5080,SEP-2016,190,Good
T.,Teal,5080,OCT-2016,0,Good
T.,Teal,5080,NOV-2016,0,Good
T.,Teal,5080,DEC-2016,0,Good
T.,Teal,5080,JAN-2017,0,Good
T.,Teal,5080,FEB-2017,0,Good
T.,Teal,5080,MAR-2017,25,Good
T.,Teal,5080,SEP-2017,45,Good
T.,Teal,5080,OCT-2017,0,Good
T.,Teal,5080,NOV-2017,0,Good
T.,Teal,5080,DEC-2017,0,Good
T.,Teal,5080,JAN-2018,0,Good
T.,Teal,5080,FEB-2018,0,Good
T.,Teal,5080,MAR-2018,0,Good
TU,Tufted Duck,5510,JAN-2015,0,Good
TU,Tufted Duck,5510,FEB-2015,0,Good
TU,Tufted Duck,5510,MAR-2015,0,Good
TU,Tufted Duck,5510,APR-2015,0,Good
TU,Tufted Duck,5510,MAY-2015,0,Good
TU,Tufted Duck,5510,JUN-2015,0,Good
TU,Tufted Duck,5510,JUL-2015,0,Poor
TU,Tufted Duck,5510,AUG-2015,0,Poor
TU,Tufted Duck,5510,SEP-2015,0,Good
TU,Tufted Duck,5510,OCT-2015,0,Good
TU,Tufted Duck,5510,NOV-2015,0,Good
TU,Tufted Duck,5510,DEC-2015,0,Good
TU,Tufted Duck,5510,JAN-2016,0,Good
TU,Tufted Duck,5510,FEB-2016,0,Good
TU,Tufted Duck,5510,MAR-2016,0,Good
TU,Tufted Duck,5510,SEP-2016,0,Good
TU,Tufted Duck,5510,OCT-2016,0,Good
TU,Tufted Duck,5510,NOV-2016,0,Good
TU,Tufted Duck,5510,DEC-2016,0,Good
TU,Tufted Duck,5510,JAN-2017,0,Good
TU,Tufted Duck,5510,FEB-2017,0,Good
TU,Tufted Duck,5510,MAR-2017,0,Good
TU,Tufted Duck,5510,SEP-2017,0,Good
TU,Tufted Duck,5510,OCT-2017,9,Good
TU,Tufted Duck,5510,NOV-2017,0,Good
TU,Tufted Duck,5510,DEC-2017,0,Good
TU,Tufted Duck,5510,JAN-2018,0,Good
TU,Tufted Duck,5510,FEB-2018,0,Good
TU,Tufted Duck,5510,MAR-2018,0,Good
EE,Eider (except Shetland),5690,JAN-2015,2,Good
EE,Eider (except Shetland),5690,FEB-2015,5,Good
EE,Eider (except Shetland),5690,MAR-2015,3,Good
EE,Eider (except Shetland),5690,APR-2015,9,Good
EE,Eider (except Shetland),5690,MAY-2015,0,Good
EE,Eider (except Shetland),5690,JUN-2015,10,Good
EE,Eider (except Shetland),5690,JUL-2015,0,Poor
EE,Eider (except Shetland),5690,AUG-2015,0,Poor
EE,Eider (except Shetland),5690,SEP-2015,2,Good
EE,Eider (except Shetland),5690,OCT-2015,0,Good
EE,Eider (except Shetland),5690,NOV-2015,0,Good
EE,Eider (except Shetland),5690,DEC-2015,0,Good
EE,Eider (except Shetland),5690,JAN-2016,0,Good
EE,Eider (except Shetland),5690,FEB-2016,2,Good
EE,Eider (except Shetland),5690,MAR-2016,0,Good
EE,Eider (except Shetland),5690,SEP-2016,0,Good
EE,Eider (except Shetland),5690,OCT-2016,0,Good
EE,Eider (except Shetland),5690,NOV-2016,0,Good
EE,Eider (except Shetland),5690,DEC-2016,0,Good
EE,Eider (except Shetland),5690,JAN-2017,2,Good
EE,Eider (except Shetland),5690,FEB-2017,0,Good
EE,Eider (except Shetland),5690,MAR-2017,1,Good
EE,Eider (except Shetland),5690,SEP-2017,0,Good
EE,Eider (except Shetland),5690,OCT-2017,0,Good
EE,Eider (except Shetland),5690,NOV-2017,0,Good
EE,Eider (except Shetland),5690,DEC-2017,0,Good
EE,Eider (except Shetland),5690,JAN-2018,1,Good
EE,Eider (except Shetland),5690,FEB-2018,1,Good
EE,Eider (except Shetland),5690,MAR-2018,0,Good
CX,Common Scoter,5810,JAN-2015,0,Good
CX,Common Scoter,5810,FEB-2015,0,Good
CX,Common Scoter,5810,MAR-2015,0,Good
CX,Common Scoter,5810,APR-2015,560,Good
CX,Common Scoter,5810,MAY-2015,0,Good
CX,Common Scoter,5810,JUN-2015,4,Good
CX,Common Scoter,5810,JUL-2015,0,Poor
CX,Common Scoter,5810,AUG-2015,0,Poor
CX,Common Scoter,5810,SEP-2015,0,Good
CX,Common Scoter,5810,OCT-2015,0,Good
CX,Common Scoter,5810,NOV-2015,0,Good
CX,Common Scoter,5810,DEC-2015,0,Good
CX,Common Scoter,5810,JAN-2016,0,Good
CX,Common Scoter,5810,FEB-2016,0,Good
CX,Common Scoter,5810,MAR-2016,0,Good
CX,Common Scoter,5810,SEP-2016,0,Good
CX,Common Scoter,5810,OCT-2016,0,Good
CX,Common Scoter,5810,NOV-2016,0,Good
CX,Common Scoter,5810,DEC-2016,0,Good
CX,Common Scoter,5810,JAN-2017,0,Good
CX,Common Scoter,5810,FEB-2017,0,Good
CX,Common Scoter,5810,MAR-2017,0,Good
CX,Common Scoter,5810,SEP-2017,0,Good
CX,Common Scoter,5810,OCT-2017,0,Good
CX,Common Scoter,5810,NOV-2017,0,Good
CX,Common Scoter,5810,DEC-2017,0,Good
CX,Common Scoter,5810,JAN-2018,0,Good
CX,Common Scoter,5810,FEB-2018,0,Good
CX,Common Scoter,5810,MAR-2018,0,Good
LN,Long-tailed Duck,5850,JAN-2015,0,Good
LN,Long-tailed Duck,5850,FEB-2015,0,Good
LN,Long-tailed Duck,5850,MAR-2015,15,Good
LN,Long-tailed Duck,5850,APR-2015,980,Good
LN,Long-tailed Duck,5850,MAY-2015,0,Good
LN,Long-tailed Duck,5850,JUN-2015,0,Good
LN,Long-tailed Duck,5850,JUL-2015,0,Poor
LN,Long-tailed Duck,5850,AUG-2015,0,Poor
LN,Long-tailed Duck,5850,SEP-2015,0,Good
LN,Long-tailed Duck,5850,OCT-2015,0,Good
LN,Long-tailed Duck,5850,NOV-2015,0,Good
LN,Long-tailed Duck,5850,DEC-2015,0,Good
LN,Long-tailed Duck,5850,JAN-2016,0,Good
LN,Long-tailed Duck,5850,FEB-2016,0,Good
LN,Long-tailed Duck,5850,MAR-2016,8,Good
LN,Long-tailed Duck,5850,SEP-2016,0,Good
LN,Long-tailed Duck,5850,OCT-2016,0,Good
LN,Long-tailed Duck,5850,NOV-2016,0,Good
LN,Long-tailed Duck,5850,DEC-2016,0,Good
LN,Long-tailed Duck,5850,JAN-2017,1,Good
LN,Long-tailed Duck,5850,FEB-2017,0,Good
LN,Long-tailed Duck,5850,MAR-2017,0,Good
LN,Long-tailed Duck,5850,SEP-2017,0,Good
LN,Long-tailed Duck,5850,OCT-2017,0,Good
LN,Long-tailed Duck,5850,NOV-2017,0,Good
LN,Long-tailed Duck,5850,DEC-2017,0,Good
LN,Long-tailed Duck,5850,JAN-2018,0,Good
LN,Long-tailed Duck,5850,FEB-2018,0,Good
LN,Long-tailed Duck,5850,MAR-2018,0,Good
GN,Goldeneye,5880,JAN-2015,11,Good
GN,Goldeneye,5880,FEB-2015,8,Good
GN,Goldeneye,5880,MAR-2015,13,Good
GN,Goldeneye,5880,APR-2015,3,Good
GN,Goldeneye,5880,MAY-2015,0,Good
GN,Goldeneye,5880,JUN-2015,0,Good
GN,Goldeneye,5880,JUL-2015,0,Poor
GN,Goldeneye,5880,AUG-2015,0,Poor
GN,Goldeneye,5880,SEP-2015,0,Good
GN,Goldeneye,5880,OCT-2015,1,Good
GN,Goldeneye,5880,NOV-2015,5,Good
GN,Goldeneye,5880,DEC-2015,13,Good
GN,Goldeneye,5880,JAN-2016,11,Good
GN,Goldeneye,5880,FEB-2016,3,Good
GN,Goldeneye,5880,MAR-2016,6,Good
GN,Goldeneye,5880,SEP-2016,0,Good
GN,Goldeneye,5880,OCT-2016,1,Good
GN,Goldeneye,5880,NOV-2016,2,Good
GN,Goldeneye,5880,DEC-2016,19,Good
GN,Goldeneye,5880,JAN-2017,36,Good
GN,Goldeneye,5880,FEB-2017,39,Good
GN,Goldeneye,5880,MAR-2017,25,Good
GN,Goldeneye,5880,SEP-2017,0,Good
GN,Goldeneye,5880,OCT-2017,1,Good
GN,Goldeneye,5880,NOV-2017,15,Good
GN,Goldeneye,5880,DEC-2017,9,Good
GN,Goldeneye,5880,JAN-2018,6,Good
GN,Goldeneye,5880,FEB-2018,6,Good
GN,Goldeneye,5880,MAR-2018,10,Good
GD,Goosander,5990,JAN-2015,2,Good
GD,Goosander,5990,FEB-2015,3,Good
GD,Goosander,5990,MAR-2015,4,Good
GD,Goosander,5990,APR-2015,9,Good
GD,Goosander,5990,MAY-2015,49,Good
GD,Goosander,5990,JUN-2015,84,Good
GD,Goosander,5990,JUL-2015,18,Poor
GD,Goosander,5990,AUG-2015,10,Poor
GD,Goosander,5990,SEP-2015,110,Good
GD,Goosander,5990,OCT-2015,0,Good
GD,Goosander,5990,NOV-2015,0,Good
GD,Goosander,5990,DEC-2015,4,Good
GD,Goosander,5990,JAN-2016,0,Good
GD,Goosander,5990,FEB-2016,0,Good
GD,Goosander,5990,MAR-2016,0,Good
GD,Goosander,5990,SEP-2016,0,Good
GD,Goosander,5990,OCT-2016,5,Good
GD,Goosander,5990,NOV-2016,0,Good
GD,Goosander,5990,DEC-2016,1,Good
GD,Goosander,5990,JAN-2017,1,Good
GD,Goosander,5990,FEB-2017,1,Good
GD,Goosander,5990,MAR-2017,1,Good
GD,Goosander,5990,SEP-2017,0,Good
GD,Goosander,5990,OCT-2017,0,Good
GD,Goosander,5990,NOV-2017,0,Good
GD,Goosander,5990,DEC-2017,0,Good
GD,Goosander,5990,JAN-2018,0,Good
GD,Goosander,5990,FEB-2018,1,Good
GD,Goosander,5990,MAR-2018,2,Good
RM,Red-breasted Merganser,6030,JAN-2015,4,Good
RM,Red-breasted Merganser,6030,FEB-2015,1,Good
RM,Red-breasted Merganser,6030,MAR-2015,3,Good
RM,Red-breasted Merganser,6030,APR-2015,6,Good
RM,Red-breasted Merganser,6030,MAY-2015,0,Good
RM,Red-breasted Merganser,6030,JUN-2015,3,Good
RM,Red-breasted Merganser,6030,JUL-2015,0,Poor
RM,Red-breasted Merganser,6030,AUG-2015,0,Poor
RM,Red-breasted Merganser,6030,SEP-2015,0,Good
RM,Red-breasted Merganser,6030,OCT-2015,0,Good
RM,Red-breasted Merganser,6030,NOV-2015,0,Good
RM,Red-breasted Merganser,6030,DEC-2015,5,Good
RM,Red-breasted Merganser,6030,JAN-2016,3,Good
RM,Red-breasted Merganser,6030,FEB-2016,1,Good
RM,Red-breasted Merganser,6030,MAR-2016,1,Good
RM,Red-breasted Merganser,6030,SEP-2016,0,Good
RM,Red-breasted Merganser,6030,OCT-2016,0,Good
RM,Red-breasted Merganser,6030,NOV-2016,5,Good
RM,Red-breasted Merganser,6030,DEC-2016,2,Good
RM,Red-breasted Merganser,6030,JAN-2017,1,Good
RM,Red-breasted Merganser,6030,FEB-2017,3,Good
RM,Red-breasted Merganser,6030,MAR-2017,0,Good
RM,Red-breasted Merganser,6030,SEP-2017,0,Good
RM,Red-breasted Merganser,6030,OCT-2017,1,Good
RM,Red-breasted Merganser,6030,NOV-2017,1,Good
RM,Red-breasted Merganser,6030,DEC-2017,14,Good
RM,Red-breasted Merganser,6030,JAN-2018,1,Good
RM,Red-breasted Merganser,6030,FEB-2018,3,Good
RM,Red-breasted Merganser,6030,MAR-2018,1,Good
RH,Red-throated Diver,16760,JAN-2015,0,Good
RH,Red-throated Diver,16760,FEB-2015,1,Good
RH,Red-throated Diver,16760,MAR-2015,1,Good
RH,Red-throated Diver,16760,APR-2015,0,Good
RH,Red-throated Diver,16760,MAY-2015,0,Good
RH,Red-throated Diver,16760,JUN-2015,0,Good
RH,Red-throated Diver,16760,JUL-2015,0,Poor
RH,Red-throated Diver,16760,AUG-2015,0,Poor
RH,Red-throated Diver,16760,SEP-2015,0,Good
RH,Red-throated Diver,16760,OCT-2015,0,Good
RH,Red-throated Diver,16760,NOV-2015,0,Good
RH,Red-throated Diver,16760,DEC-2015,0,Good
RH,Red-throated Diver,16760,JAN-2016,0,Good
RH,Red-throated Diver,16760,FEB-2016,0,Good
RH,Red-throated Diver,16760,MAR-2016,0,Good
RH,Red-throated Diver,16760,SEP-2016,0,Good
RH,Red-throated Diver,16760,OCT-2016,0,Good
RH,Red-throated Diver,16760,NOV-2016,0,Good
RH,Red-throated Diver,16760,DEC-2016,0,Good
RH,Red-throated Diver,16760,JAN-2017,0,Good
RH,Red-throated Diver,16760,FEB-2017,0,Good
RH,Red-throated Diver,16760,MAR-2017,0,Good
RH,Red-throated Diver,16760,SEP-2017,0,Good
RH,Red-throated Diver,16760,OCT-2017,0,Good
RH,Red-throated Diver,16760,NOV-2017,0,Good
RH,Red-throated Diver,16760,DEC-2017,0,Good
RH,Red-throated Diver,16760,JAN-2018,0,Good
RH,Red-throated Diver,16760,FEB-2018,0,Good
RH,Red-throated Diver,16760,MAR-2018,0,Good
BV,Black-throated Diver,16770,JAN-2015,0,Good
BV,Black-throated Diver,16770,FEB-2015,0,Good
BV,Black-throated Diver,16770,MAR-2015,1,Good
BV,Black-throated Diver,16770,APR-2015,1,Good
BV,Black-throated Diver,16770,MAY-2015,0,Good
BV,Black-throated Diver,16770,JUN-2015,0,Good
BV,Black-throated Diver,16770,JUL-2015,0,Poor
BV,Black-throated Diver,16770,AUG-2015,0,Poor
BV,Black-throated Diver,16770,SEP-2015,0,Good
BV,Black-throated Diver,16770,OCT-2015,0,Good
BV,Black-throated Diver,16770,NOV-2015,0,Good
BV,Black-throated Diver,16770,DEC-2015,0,Good
BV,Black-throated Diver,16770,JAN-2016,0,Good
BV,Black-throated Diver,16770,FEB-2016,0,Good
BV,Black-throated Diver,16770,MAR-2016,0,Good
BV,Black-throated Diver,16770,SEP-2016,0,Good
BV,Black-throated Diver,16770,OCT-2016,0,Good
BV,Black-throated Diver,16770,NOV-2016,0,Good
BV,Black-throated Diver,16770,DEC-2016,0,Good
BV,Black-throated Diver,16770,JAN-2017,0,Good
BV,Black-throated Diver,16770,FEB-2017,0,Good
BV,Black-throated Diver,16770,MAR-2017,0,Good
BV,Black-throated Diver,16770,SEP-2017,0,Good
BV,Black-throated Diver,16770,OCT-2017,0,Good
BV,Black-throated Diver,16770,NOV-2017,0,Good
BV,Black-throated Diver,16770,DEC-2017,0,Good
BV,Black-throated Diver,16770,JAN-2018,0,Good
BV,Black-throated Diver,16770,FEB-2018,0,Good
BV,Black-throated Diver,16770,MAR-2018,0,Good
LG,Little Grebe,19830,JAN-2015,1,Good
LG,Little Grebe,19830,FEB-2015,0,Good
LG,Little Grebe,19830,MAR-2015,0,Good
LG,Little Grebe,19830,APR-2015,0,Good
LG,Little Grebe,19830,MAY-2015,0,Good
LG,Little Grebe,19830,JUN-2015,0,Good
LG,Little Grebe,19830,JUL-2015,0,Poor
LG,Little Grebe,19830,AUG-2015,0,Poor
LG,Little Grebe,19830,SEP-2015,0,Good
LG,Little Grebe,19830,OCT-2015,0,Good
LG,Little Grebe,19830,NOV-2015,0,Good
LG,Little Grebe,19830,DEC-2015,1,Good
LG,Little Grebe,19830,JAN-2016,0,Good
LG,Little Grebe,19830,FEB-2016,0,Good
LG,Little Grebe,19830,MAR-2016,0,Good
LG,Little Grebe,19830,SEP-2016,0,Good
LG,Little Grebe,19830,OCT-2016,0,Good
LG,Little Grebe,19830,NOV-2016,0,Good
LG,Little Grebe,19830,DEC-2016,0,Good
LG,Little Grebe,19830,JAN-2017,0,Good
LG,Little Grebe,19830,FEB-2017,0,Good
LG,Little Grebe,19830,MAR-2017,0,Good
LG,Little Grebe,19830,SEP-2017,0,Good
LG,Little Grebe,19830,OCT-2017,0,Good
LG,Little Grebe,19830,NOV-2017,1,Good
LG,Little Grebe,19830,DEC-2017,1,Good
LG,Little Grebe,19830,JAN-2018,1,Good
LG,Little Grebe,19830,FEB-2018,0,Good
LG,Little Grebe,19830,MAR-2018,0,Good
H.,Grey Heron,23270,JAN-2015,0,Good
H.,Grey Heron,23270,FEB-2015,0,Good
H.,Grey Heron,23270,MAR-2015,0,Good
H.,Grey Heron,23270,APR-2015,0,Good
H.,Grey Heron,23270,MAY-2015,0,Good
H.,Grey Heron,23270,JUN-2015,2,Good
H.,Grey Heron,23270,JUL-2015,2,Poor
H.,Grey Heron,23270,AUG-2015,3,Poor
H.,Grey Heron,23270,SEP-2015,1,Good
H.,Grey Heron,23270,OCT-2015,1,Good
H.,Grey Heron,23270,NOV-2015,0,Good
H.,Grey Heron,23270,DEC-2015,3,Good
H.,Grey Heron,23270,JAN-2016,0,Good
H.,Grey Heron,23270,FEB-2016,0,Good
H.,Grey Heron,23270,MAR-2016,0,Good
H.,Grey Heron,23270,SEP-2016,1,Good
H.,Grey Heron,23270,OCT-2016,0,Good
H.,Grey Heron,23270,NOV-2016,0,Good
H.,Grey Heron,23270,DEC-2016,0,Good
H.,Grey Heron,23270,JAN-2017,0,Good
H.,Grey Heron,23270,FEB-2017,0,Good
H.,Grey Heron,23270,MAR-2017,0,Good
H.,Grey Heron,23270,SEP-2017,2,Good
H.,Grey Heron,23270,OCT-2017,2,Good
H.,Grey Heron,23270,NOV-2017,0,Good
H.,Grey Heron,23270,DEC-2017,0,Good
H.,Grey Heron,23270,JAN-2018,0,Good
H.,Grey Heron,23270,FEB-2018,0,Good
H.,Grey Heron,23270,MAR-2018,0,Good
CA,Cormorant,25040,JAN-2015,8,Good
CA,Cormorant,25040,FEB-2015,4,Good
CA,Cormorant,25040,MAR-2015,0,Good
CA,Cormorant,25040,APR-2015,0,Good
CA,Cormorant,25040,MAY-2015,0,Good
CA,Cormorant,25040,JUN-2015,0,Good
CA,Cormorant,25040,JUL-2015,0,Poor
CA,Cormorant,25040,AUG-2015,0,Poor
CA,Cormorant,25040,SEP-2015,0,Good
CA,Cormorant,25040,OCT-2015,14,Good
CA,Cormorant,25040,NOV-2015,0,Good
CA,Cormorant,25040,DEC-2015,0,Good
CA,Cormorant,25040,JAN-2016,0,Good
CA,Cormorant,25040,FEB-2016,0,Good
CA,Cormorant,25040,MAR-2016,0,Good
CA,Cormorant,25040,SEP-2016,0,Good
CA,Cormorant,25040,OCT-2016,20,Good
CA,Cormorant,25040,NOV-2016,0,Good
CA,Cormorant,25040,DEC-2016,8,Good
CA,Cormorant,25040,JAN-2017,17,Good
CA,Cormorant,25040,FEB-2017,3,Good
CA,Cormorant,25040,MAR-2017,0,Good
CA,Cormorant,25040,SEP-2017,0,Good
CA,Cormorant,25040,OCT-2017,43,Good
CA,Cormorant,25040,NOV-2017,19,Good
CA,Cormorant,25040,DEC-2017,0,Good
CA,Cormorant,25040,JAN-2018,1,Good
CA,Cormorant,25040,FEB-2018,0,Good
CA,Cormorant,25040,MAR-2018,0,Good
OC,Oystercatcher,39840,JAN-2015,0,Good
OC,Oystercatcher,39840,FEB-2015,2,Good
OC,Oystercatcher,39840,MAR-2015,4,Good
OC,Oystercatcher,39840,APR-2015,1,Good
OC,Oystercatcher,39840,MAY-2015,2,Good
OC,Oystercatcher,39840,JUN-2015,2,Good
OC,Oystercatcher,39840,JUL-2015,0,Poor
OC,Oystercatcher,39840,AUG-2015,0,Poor
OC,Oystercatcher,39840,SEP-2015,0,Good
OC,Oystercatcher,39840,OCT-2015,0,Good
OC,Oystercatcher,39840,NOV-2015,0,Good
OC,Oystercatcher,39840,DEC-2015,0,Good
OC,Oystercatcher,39840,JAN-2016,4,Good
OC,Oystercatcher,39840,FEB-2016,1,Good
OC,Oystercatcher,39840,MAR-2016,1,Good
OC,Oystercatcher,39840,SEP-2016,0,Good
OC,Oystercatcher,39840,OCT-2016,0,Good
OC,Oystercatcher,39840,NOV-2016,0,Good
OC,Oystercatcher,39840,DEC-2016,0,Good
OC,Oystercatcher,39840,JAN-2017,1,Good
OC,Oystercatcher,39840,FEB-2017,0,Good
OC,Oystercatcher,39840,MAR-2017,0,Good
OC,Oystercatcher,39840,SEP-2017,0,Good
OC,Oystercatcher,39840,OCT-2017,0,Good
OC,Oystercatcher,39840,NOV-2017,0,Good
OC,Oystercatcher,39840,DEC-2017,0,Good
OC,Oystercatcher,39840,JAN-2018,0,Good
OC,Oystercatcher,39840,FEB-2018,0,Good
OC,Oystercatcher,39840,MAR-2018,0,Good
L.,Lapwing,40200,JAN-2015,12,Good
L.,Lapwing,40200,FEB-2015,0,Good
L.,Lapwing,40200,MAR-2015,0,Good
L.,Lapwing,40200,APR-2015,0,Good
L.,Lapwing,40200,MAY-2015,0,Good
L.,Lapwing,40200,JUN-2015,0,Good
L.,Lapwing,40200,JUL-2015,5,Poor
L.,Lapwing,40200,AUG-2015,70,Poor
L.,Lapwing,40200,SEP-2015,0,Good
L.,Lapwing,40200,OCT-2015,2,Good
L.,Lapwing,40200,NOV-2015,0,Good
L.,Lapwing,40200,DEC-2015,0,Good
L.,Lapwing,40200,JAN-2016,0,Good
L.,Lapwing,40200,FEB-2016,0,Good
L.,Lapwing,40200,MAR-2016,0,Good
L.,Lapwing,40200,SEP-2016,0,Good
L.,Lapwing,40200,OCT-2016,0,Good
L.,Lapwing,40200,NOV-2016,0,Good
L.,Lapwing,40200,DEC-2016,0,Good
L.,Lapwing,40200,JAN-2017,0,Good
L.,Lapwing,40200,FEB-2017,1,Good
L.,Lapwing,40200,MAR-2017,0,Good
L.,Lapwing,40200,SEP-2017,0,Good
L.,Lapwing,40200,OCT-2017,65,Good
L.,Lapwing,40200,NOV-2017,119,Good
L.,Lapwing,40200,DEC-2017,8,Good
L.,Lapwing,40200,JAN-2018,31,Good
L.,Lapwing,40200,FEB-2018,0,Good
L.,Lapwing,40200,MAR-2018,0,Good
RP,Ringed Plover,40830,JAN-2015,0,Good
RP,Ringed Plover,40830,FEB-2015,0,Good
RP,Ringed Plover,40830,MAR-2015,0,Good
RP,Ringed Plover,40830,APR-2015,5,Good
RP,Ringed Plover,40830,MAY-2015,43,Good
RP,Ringed Plover,40830,JUN-2015,26,Good
RP,Ringed Plover,40830,JUL-2015,5,Poor
RP,Ringed Plover,40830,AUG-2015,19,Poor
RP,Ringed Plover,40830,SEP-2015,0,Good
RP,Ringed Plover,40830,OCT-2015,0,Good
RP,Ringed Plover,40830,NOV-2015,0,Good
RP,Ringed Plover,40830,DEC-2015,0,Good
RP,Ringed Plover,40830,JAN-2016,0,Good
RP,Ringed Plover,40830,FEB-2016,0,Good
RP,Ringed Plover,40830,MAR-2016,0,Good
RP,Ringed Plover,40830,SEP-2016,2,Good
RP,Ringed Plover,40830,OCT-2016,0,Good
RP,Ringed Plover,40830,NOV-2016,0,Good
RP,Ringed Plover,40830,DEC-2016,0,Good
RP,Ringed Plover,40830,JAN-2017,0,Good
RP,Ringed Plover,40830,FEB-2017,0,Good
RP,Ringed Plover,40830,MAR-2017,0,Good
RP,Ringed Plover,40830,SEP-2017,0,Good
RP,Ringed Plover,40830,OCT-2017,0,Good
RP,Ringed Plover,40830,NOV-2017,0,Good
RP,Ringed Plover,40830,DEC-2017,0,Good
RP,Ringed Plover,40830,JAN-2018,0,Good
RP,Ringed Plover,40830,FEB-2018,0,Good
RP,Ringed Plover,40830,MAR-2018,7,Good
CU,Curlew,42320,JAN-2015,0,Good
CU,Curlew,42320,FEB-2015,35,Good
CU,Curlew,42320,MAR-2015,0,Good
CU,Curlew,42320,APR-2015,0,Good
CU,Curlew,42320,MAY-2015,0,Good
CU,Curlew,42320,JUN-2015,0,Good
CU,Curlew,42320,JUL-2015,1,Poor
CU,Curlew,42320,AUG-2015,20,Poor
CU,Curlew,42320,SEP-2015,90,Good
CU,Curlew,42320,OCT-2015,0,Good
CU,Curlew,42320,NOV-2015,0,Good
CU,Curlew,42320,DEC-2015,0,Good
CU,Curlew,42320,JAN-2016,0,Good
CU,Curlew,42320,FEB-2016,0,Good
CU,Curlew,42320,MAR-2016,0,Good
CU,Curlew,42320,SEP-2016,100,Good
CU,Curlew,42320,OCT-2016,0,Good
CU,Curlew,42320,NOV-2016,0,Good
CU,Curlew,42320,DEC-2016,0,Good
CU,Curlew,42320,JAN-2017,0,Good
CU,Curlew,42320,FEB-2017,0,Good
CU,Curlew,42320,MAR-2017,0,Good
CU,Curlew,42320,SEP-2017,45,Good
CU,Curlew,42320,OCT-2017,87,Good
CU,Curlew,42320,NOV-2017,0,Good
CU,Curlew,42320,DEC-2017,0,Good
CU,Curlew,42320,JAN-2018,0,Good
CU,Curlew,42320,FEB-2018,1,Good
CU,Curlew,42320,MAR-2018,0,Good
BW,Black-tailed Godwit,42420,JAN-2015,0,Good
BW,Black-tailed Godwit,42420,FEB-2015,0,Good
BW,Black-tailed Godwit,42420,MAR-2015,0,Good
BW,Black-tailed Godwit,42420,APR-2015,0,Good
BW,Black-tailed Godwit,42420,MAY-2015,0,Good
BW,Black-tailed Godwit,42420,JUN-2015,0,Good
BW,Black-tailed Godwit,42420,JUL-2015,1,Poor
BW,Black-tailed Godwit,42420,AUG-2015,0,Poor
BW,Black-tailed Godwit,42420,SEP-2015,4,Good
BW,Black-tailed Godwit,42420,OCT-2015,0,Good
BW,Black-tailed Godwit,42420,NOV-2015,0,Good
BW,Black-tailed Godwit,42420,DEC-2015,0,Good
BW,Black-tailed Godwit,42420,JAN-2016,0,Good
BW,Black-tailed Godwit,42420,FEB-2016,0,Good
BW,Black-tailed Godwit,42420,MAR-2016,0,Good
BW,Black-tailed Godwit,42420,SEP-2016,4,Good
BW,Black-tailed Godwit,42420,OCT-2016,0,Good
BW,Black-tailed Godwit,42420,NOV-2016,0,Good
BW,Black-tailed Godwit,42420,DEC-2016,0,Good
BW,Black-tailed Godwit,42420,JAN-2017,0,Good
BW,Black-tailed Godwit,42420,FEB-2017,0,Good
BW,Black-tailed Godwit,42420,MAR-2017,0,Good
BW,Black-tailed Godwit,42420,SEP-2017,0,Good
BW,Black-tailed Godwit,42420,OCT-2017,0,Good
BW,Black-tailed Godwit,42420,NOV-2017,0,Good
BW,Black-tailed Godwit,42420,DEC-2017,0,Good
BW,Black-tailed Godwit,42420,JAN-2018,0,Good
BW,Black-tailed Godwit,42420,FEB-2018,0,Good
BW,Black-tailed Godwit,42420,MAR-2018,0,Good
TT,Turnstone,42510,JAN-2015,0,Good
TT,Turnstone,42510,FEB-2015,0,Good
TT,Turnstone,42510,MAR-2015,0,Good
TT,Turnstone,42510,APR-2015,0,Good
TT,Turnstone,42510,MAY-2015,0,Good
TT,Turnstone,42510,JUN-2015,19,Good
TT,Turnstone,42510,JUL-2015,0,Poor
TT,Turnstone,42510,AUG-2015,0,Poor
TT,Turnstone,42510,SEP-2015,0,Good
TT,Turnstone,42510,OCT-2015,0,Good
TT,Turnstone,42510,NOV-2015,6,Good
TT,Turnstone,42510,DEC-2015,0,Good
TT,Turnstone,42510,JAN-2016,25,Good
TT,Turnstone,42510,FEB-2016,0,Good
TT,Turnstone,42510,MAR-2016,0,Good
TT,Turnstone,42510,SEP-2016,24,Good
TT,Turnstone,42510,OCT-2016,2,Good
TT,Turnstone,42510,NOV-2016,0,Good
TT,Turnstone,42510,DEC-2016,1,Good
TT,Turnstone,42510,JAN-2017,0,Good
TT,Turnstone,42510,FEB-2017,0,Good
TT,Turnstone,42510,MAR-2017,13,Good
TT,Turnstone,42510,SEP-2017,34,Good
TT,Turnstone,42510,OCT-2017,0,Good
TT,Turnstone,42510,NOV-2017,0,Good
TT,Turnstone,42510,DEC-2017,0,Good
TT,Turnstone,42510,JAN-2018,2,Good
TT,Turnstone,42510,FEB-2018,0,Good
TT,Turnstone,42510,MAR-2018,17,Good
KN,Knot,42620,JAN-2015,0,Good
KN,Knot,42620,FEB-2015,0,Good
KN,Knot,42620,MAR-2015,0,Good
KN,Knot,42620,APR-2015,0,Good
KN,Knot,42620,MAY-2015,0,Good
KN,Knot,42620,JUN-2015,0,Good
KN,Knot,42620,JUL-2015,7,Poor
KN,Knot,42620,AUG-2015,3,Poor
KN,Knot,42620,SEP-2015,0,Good
KN,Knot,42620,OCT-2015,0,Good
KN,Knot,42620,NOV-2015,0,Good
KN,Knot,42620,DEC-2015,0,Good
KN,Knot,42620,JAN-2016,0,Good
KN,Knot,42620,FEB-2016,0,Good
KN,Knot,42620,MAR-2016,0,Good
KN,Knot,42620,SEP-2016,17,Good
KN,Knot,42620,OCT-2016,0,Good
KN,Knot,42620,NOV-2016,0,Good
KN,Knot,42620,DEC-2016,0,Good
KN,Knot,42620,JAN-2017,0,Good
KN,Knot,42620,FEB-2017,0,Good
KN,Knot,42620,MAR-2017,0,Good
KN,Knot,42620,SEP-2017,0,Good
KN,Knot,42620,OCT-2017,0,Good
KN,Knot,42620,NOV-2017,0,Good
KN,Knot,42620,DEC-2017,0,Good
KN,Knot,42620,JAN-2018,0,Good
KN,Knot,42620,FEB-2018,0,Good
KN,Knot,42620,MAR-2018,0,Good
SS,Sanderling,42810,JAN-2015,0,Good
SS,Sanderling,42810,FEB-2015,0,Good
SS,Sanderling,42810,MAR-2015,0,Good
SS,Sanderling,42810,APR-2015,0,Good
SS,Sanderling,42810,MAY-2015,0,Good
SS,Sanderling,42810,JUN-2015,1,Good
SS,Sanderling,42810,JUL-2015,0,Poor
SS,Sanderling,42810,AUG-2015,0,Poor
SS,Sanderling,42810,SEP-2015,0,Good
SS,Sanderling,42810,OCT-2015,0,Good
SS,Sanderling,42810,NOV-2015,0,Good
SS,Sanderling,42810,DEC-2015,0,Good
SS,Sanderling,42810,JAN-2016,0,Good
SS,Sanderling,42810,FEB-2016,0,Good
SS,Sanderling,42810,MAR-2016,0,Good
SS,Sanderling,42810,SEP-2016,0,Good
SS,Sanderling,42810,OCT-2016,0,Good
SS,Sanderling,42810,NOV-2016,0,Good
SS,Sanderling,42810,DEC-2016,0,Good
SS,Sanderling,42810,JAN-2017,0,Good
SS,Sanderling,42810,FEB-2017,0,Good
SS,Sanderling,42810,MAR-2017,0,Good
SS,Sanderling,42810,SEP-2017,0,Good
SS,Sanderling,42810,OCT-2017,0,Good
SS,Sanderling,42810,NOV-2017,0,Good
SS,Sanderling,42810,DEC-2017,0,Good
SS,Sanderling,42810,JAN-2018,0,Good
SS,Sanderling,42810,FEB-2018,0,Good
SS,Sanderling,42810,MAR-2018,0,Good
DN,Dunlin,42840,JAN-2015,0,Good
DN,Dunlin,42840,FEB-2015,0,Good
DN,Dunlin,42840,MAR-2015,0,Good
DN,Dunlin,42840,APR-2015,0,Good
DN,Dunlin,42840,MAY-2015,55,Good
DN,Dunlin,42840,JUN-2015,26,Good
DN,Dunlin,42840,JUL-2015,4,Poor
DN,Dunlin,42840,AUG-2015,4,Poor
DN,Dunlin,42840,SEP-2015,4,Good
DN,Dunlin,42840,OCT-2015,0,Good
DN,Dunlin,42840,NOV-2015,0,Good
DN,Dunlin,42840,DEC-2015,0,Good
DN,Dunlin,42840,JAN-2016,0,Good
DN,Dunlin,42840,FEB-2016,0,Good
DN,Dunlin,42840,MAR-2016,13,Good
DN,Dunlin,42840,SEP-2016,50,Good
DN,Dunlin,42840,OCT-2016,35,Good
DN,Dunlin,42840,NOV-2016,0,Good
DN,Dunlin,42840,DEC-2016,0,Good
DN,Dunlin,42840,JAN-2017,2,Good
DN,Dunlin,42840,FEB-2017,0,Good
DN,Dunlin,42840,MAR-2017,4,Good
DN,Dunlin,42840,SEP-2017,45,Good
DN,Dunlin,42840,OCT-2017,1,Good
DN,Dunlin,42840,NOV-2017,0,Good
DN,Dunlin,42840,DEC-2017,0,Good
DN,Dunlin,42840,JAN-2018,0,Good
DN,Dunlin,42840,FEB-2018,0,Good
DN,Dunlin,42840,MAR-2018,43,Good
LX,Little Stint,43030,JAN-2015,0,Good
LX,Little Stint,43030,FEB-2015,0,Good
LX,Little Stint,43030,MAR-2015,0,Good
LX,Little Stint,43030,APR-2015,0,Good
LX,Little Stint,43030,MAY-2015,0,Good
LX,Little Stint,43030,JUN-2015,1,Good
LX,Little Stint,43030,JUL-2015,0,Poor
LX,Little Stint,43030,AUG-2015,0,Poor
LX,Little Stint,43030,SEP-2015,0,Good
LX,Little Stint,43030,OCT-2015,0,Good
LX,Little Stint,43030,NOV-2015,0,Good
LX,Little Stint,43030,DEC-2015,0,Good
LX,Little Stint,43030,JAN-2016,0,Good
LX,Little Stint,43030,FEB-2016,0,Good
LX,Little Stint,43030,MAR-2016,0,Good
LX,Little Stint,43030,SEP-2016,0,Good
LX,Little Stint,43030,OCT-2016,0,Good
LX,Little Stint,43030,NOV-2016,0,Good
LX,Little Stint,43030,DEC-2016,0,Good
LX,Little Stint,43030,JAN-2017,0,Good
LX,Little Stint,43030,FEB-2017,0,Good
LX,Little Stint,43030,MAR-2017,0,Good
LX,Little Stint,43030,SEP-2017,0,Good
LX,Little Stint,43030,OCT-2017,0,Good
LX,Little Stint,43030,NOV-2017,0,Good
LX,Little Stint,43030,DEC-2017,0,Good
LX,Little Stint,43030,JAN-2018,0,Good
LX,Little Stint,43030,FEB-2018,0,Good
LX,Little Stint,43030,MAR-2018,0,Good
SN,Snipe,43540,JAN-2015,0,Good
SN,Snipe,43540,FEB-2015,0,Good
SN,Snipe,43540,MAR-2015,0,Good
SN,Snipe,43540,APR-2015,0,Good
SN,Snipe,43540,MAY-2015,0,Good
SN,Snipe,43540,JUN-2015,0,Good
SN,Snipe,43540,JUL-2015,0,Poor
SN,Snipe,43540,AUG-2015,0,Poor
SN,Snipe,43540,SEP-2015,0,Good
SN,Snipe,43540,OCT-2015,0,Good
SN,Snipe,43540,NOV-2015,0,Good
SN,Snipe,43540,DEC-2015,0,Good
SN,Snipe,43540,JAN-2016,0,Good
SN,Snipe,43540,FEB-2016,0,Good
SN,Snipe,43540,MAR-2016,0,Good
SN,Snipe,43540,SEP-2016,2,Good
SN,Snipe,43540,OCT-2016,0,Good
SN,Snipe,43540,NOV-2016,0,Good
SN,Snipe,43540,DEC-2016,0,Good
SN,Snipe,43540,JAN-2017,0,Good
SN,Snipe,43540,FEB-2017,0,Good
SN,Snipe,43540,MAR-2017,0,Good
SN,Snipe,43540,SEP-2017,0,Good
SN,Snipe,43540,OCT-2017,13,Good
SN,Snipe,43540,NOV-2017,0,Good
SN,Snipe,43540,DEC-2017,0,Good
SN,Snipe,43540,JAN-2018,1,Good
SN,Snipe,43540,FEB-2018,0,Good
SN,Snipe,43540,MAR-2018,0,Good
CS,Common Sandpiper,43790,JAN-2015,0,Good
CS,Common Sandpiper,43790,FEB-2015,0,Good
CS,Common Sandpiper,43790,MAR-2015,0,Good
CS,Common Sandpiper,43790,APR-2015,0,Good
CS,Common Sandpiper,43790,MAY-2015,0,Good
CS,Common Sandpiper,43790,JUN-2015,1,Good
CS,Common Sandpiper,43790,JUL-2015,4,Poor
CS,Common Sandpiper,43790,AUG-2015,0,Poor
CS,Common Sandpiper,43790,SEP-2015,0,Good
CS,Common Sandpiper,43790,OCT-2015,0,Good
CS,Common Sandpiper,43790,NOV-2015,0,Good
CS,Common Sandpiper,43790,DEC-2015,0,Good
CS,Common Sandpiper,43790,JAN-2016,0,Good
CS,Common Sandpiper,43790,FEB-2016,0,Good
CS,Common Sandpiper,43790,MAR-2016,0,Good
CS,Common Sandpiper,43790,SEP-2016,0,Good
CS,Common Sandpiper,43790,OCT-2016,0,Good
CS,Common Sandpiper,43790,NOV-2016,0,Good
CS,Common Sandpiper,43790,DEC-2016,0,Good
CS,Common Sandpiper,43790,JAN-2017,0,Good
CS,Common Sandpiper,43790,FEB-2017,0,Good
CS,Common Sandpiper,43790,MAR-2017,0,Good
CS,Common Sandpiper,43790,SEP-2017,1,Good
CS,Common Sandpiper,43790,OCT-2017,0,Good
CS,Common Sandpiper,43790,NOV-2017,0,Good
CS,Common Sandpiper,43790,DEC-2017,0,Good
CS,Common Sandpiper,43790,JAN-2018,0,Good
CS,Common Sandpiper,43790,FEB-2018,0,Good
CS,Common Sandpiper,43790,MAR-2018,0,Good
RK,Redshank,43920,JAN-2015,0,Good
RK,Redshank,43920,FEB-2015,5,Good
RK,Redshank,43920,MAR-2015,7,Good
RK,Redshank,43920,APR-2015,3,Good
RK,Redshank,43920,MAY-2015,0,Good
RK,Redshank,43920,JUN-2015,0,Good
RK,Redshank,43920,JUL-2015,7,Poor
RK,Redshank,43920,AUG-2015,3,Poor
RK,Redshank,43920,SEP-2015,0,Good
RK,Redshank,43920,OCT-2015,0,Good
RK,Redshank,43920,NOV-2015,2,Good
RK,Redshank,43920,DEC-2015,6,Good
RK,Redshank,43920,JAN-2016,3,Good
RK,Redshank,43920,FEB-2016,0,Good
RK,Redshank,43920,MAR-2016,2,Good
RK,Redshank,43920,SEP-2016,11,Good
RK,Redshank,43920,OCT-2016,1,Good
RK,Redshank,43920,NOV-2016,1,Good
RK,Redshank,43920,DEC-2016,4,Good
RK,Redshank,43920,JAN-2017,3,Good
RK,Redshank,43920,FEB-2017,1,Good
RK,Redshank,43920,MAR-2017,5,Good
RK,Redshank,43920,SEP-2017,0,Good
RK,Redshank,43920,OCT-2017,1,Good
RK,Redshank,43920,NOV-2017,1,Good
RK,Redshank,43920,DEC-2017,2,Good
RK,Redshank,43920,JAN-2018,1,Good
RK,Redshank,43920,FEB-2018,1,Good
RK,Redshank,43920,MAR-2018,1,Good
KI,Kittiwake,45000,JAN-2015,0,Good
KI,Kittiwake,45000,FEB-2015,0,Good
KI,Kittiwake,45000,MAR-2015,0,Good
KI,Kittiwake,45000,APR-2015,0,Good
KI,Kittiwake,45000,MAY-2015,3,Good
KI,Kittiwake,45000,JUN-2015,0,Good
KI,Kittiwake,45000,JUL-2015,0,Poor
KI,Kittiwake,45000,AUG-2015,0,Poor
KI,Kittiwake,45000,SEP-2015,0,Good
KI,Kittiwake,45000,OCT-2015,0,Good
KI,Kittiwake,45000,NOV-2015,1,Good
KI,Kittiwake,45000,FEB-2016,0,Good
KI,Kittiwake,45000,SEP-2016,350,Good
KI,Kittiwake,45000,OCT-2016,1240,Good
KI,Kittiwake,45000,FEB-2017,0,Good
KI,Kittiwake,45000,MAR-2018,0,Good
BH,Black-headed Gull,45190,JAN-2015,0,Good
BH,Black-headed Gull,45190,FEB-2015,0,Good
BH,Black-headed Gull,45190,MAR-2015,0,Good
BH,Black-headed Gull,45190,APR-2015,0,Good
BH,Black-headed Gull,45190,MAY-2015,0,Good
BH,Black-headed Gull,45190,JUN-2015,0,Good
BH,Black-headed Gull,45190,JUL-2015,0,Poor
BH,Black-headed Gull,45190,AUG-2015,0,Poor
BH,Black-headed Gull,45190,SEP-2015,50,Good
BH,Black-headed Gull,45190,OCT-2015,0,Good
BH,Black-headed Gull,45190,NOV-2015,0,Good
BH,Black-headed Gull,45190,FEB-2016,0,Good
BH,Black-headed Gull,45190,SEP-2016,0,Good
BH,Black-headed Gull,45190,OCT-2016,0,Good
BH,Black-headed Gull,45190,FEB-2017,0,Good
BH,Black-headed Gull,45190,MAR-2018,0,Good
CM,Common Gull,45530,JAN-2015,0,Good
CM,Common Gull,45530,FEB-2015,310,Good
CM,Common Gull,45530,MAR-2015,0,Good
CM,Common Gull,45530,APR-2015,0,Good
CM,Common Gull,45530,MAY-2015,0,Good
CM,Common Gull,45530,JUN-2015,0,Good
CM,Common Gull,45530,JUL-2015,0,Poor
CM,Common Gull,45530,AUG-2015,10,Poor
CM,Common Gull,45530,SEP-2015,850,Good
CM,Common Gull,45530,OCT-2015,430,Good
CM,Common Gull,45530,NOV-2015,0,Good
CM,Common Gull,45530,FEB-2016,0,Good
CM,Common Gull,45530,SEP-2016,0,Good
CM,Common Gull,45530,OCT-2016,0,Good
CM,Common Gull,45530,FEB-2017,0,Good
CM,Common Gull,45530,MAR-2018,0,Good
GB,Great Black-backed Gull,45620,JAN-2015,0,Good
GB,Great Black-backed Gull,45620,FEB-2015,32,Good
GB,Great Black-backed Gull,45620,MAR-2015,0,Good
GB,Great Black-backed Gull,45620,APR-2015,0,Good
GB,Great Black-backed Gull,45620,MAY-2015,0,Good
GB,Great Black-backed Gull,45620,JUN-2015,71,Good
GB,Great Black-backed Gull,45620,JUL-2015,0,Poor
GB,Great Black-backed Gull,45620,AUG-2015,6,Poor
GB,Great Black-backed Gull,45620,SEP-2015,340,Good
GB,Great Black-backed Gull,45620,OCT-2015,260,Good
GB,Great Black-backed Gull,45620,NOV-2015,90,Good
GB,Great Black-backed Gull,45620,FEB-2016,10,Good
GB,Great Black-backed Gull,45620,SEP-2016,0,Good
GB,Great Black-backed Gull,45620,OCT-2016,260,Good
GB,Great Black-backed Gull,45620,FEB-2017,0,Good
GB,Great Black-backed Gull,45620,MAR-2018,0,Good
GZ,Glaucous Gull,45740,JAN-2015,0,Good
GZ,Glaucous Gull,45740,FEB-2015,0,Good
GZ,Glaucous Gull,45740,MAR-2015,0,Good
GZ,Glaucous Gull,45740,APR-2015,0,Good
GZ,Glaucous Gull,45740,MAY-2015,0,Good
GZ,Glaucous Gull,45740,JUN-2015,0,Good
GZ,Glaucous Gull,45740,JUL-2015,0,Poor
GZ,Glaucous Gull,45740,AUG-2015,0,Poor
GZ,Glaucous Gull,45740,SEP-2015,0,Good
GZ,Glaucous Gull,45740,OCT-2015,0,Good
GZ,Glaucous Gull,45740,NOV-2015,0,Good
GZ,Glaucous Gull,45740,FEB-2016,0,Good
GZ,Glaucous Gull,45740,SEP-2016,0,Good
GZ,Glaucous Gull,45740,OCT-2016,0,Good
GZ,Glaucous Gull,45740,FEB-2017,0,Good
GZ,Glaucous Gull,45740,MAR-2018,1,Good
IG,Iceland Gull,45790,JAN-2015,0,Good
IG,Iceland Gull,45790,FEB-2015,0,Good
IG,Iceland Gull,45790,MAR-2015,0,Good
IG,Iceland Gull,45790,APR-2015,0,Good
IG,Iceland Gull,45790,MAY-2015,0,Good
IG,Iceland Gull,45790,JUN-2015,0,Good
IG,Iceland Gull,45790,JUL-2015,0,Poor
IG,Iceland Gull,45790,AUG-2015,0,Poor
IG,Iceland Gull,45790,SEP-2015,0,Good
IG,Iceland Gull,45790,OCT-2015,0,Good
IG,Iceland Gull,45790,NOV-2015,0,Good
IG,Iceland Gull,45790,FEB-2016,0,Good
IG,Iceland Gull,45790,SEP-2016,0,Good
IG,Iceland Gull,45790,OCT-2016,0,Good
IG,Iceland Gull,45790,FEB-2017,1,Good
IG,Iceland Gull,45790,MAR-2018,0,Good
HG,Herring Gull,45830,JAN-2015,0,Good
HG,Herring Gull,45830,FEB-2015,460,Good
HG,Herring Gull,45830,MAR-2015,0,Good
HG,Herring Gull,45830,APR-2015,0,Good
HG,Herring Gull,45830,MAY-2015,0,Good
HG,Herring Gull,45830,JUN-2015,0,Good
HG,Herring Gull,45830,JUL-2015,0,Poor
HG,Herring Gull,45830,AUG-2015,0,Poor
HG,Herring Gull,45830,SEP-2015,760,Good
HG,Herring Gull,45830,OCT-2015,120,Good
HG,Herring Gull,45830,NOV-2015,0,Good
HG,Herring Gull,45830,FEB-2016,330,Good
HG,Herring Gull,45830,SEP-2016,0,Good
HG,Herring Gull,45830,OCT-2016,0,Good
HG,Herring Gull,45830,FEB-2017,0,Good
HG,Herring Gull,45830,MAR-2018,0,Good
LB,Lesser Black-backed Gull,45980,JAN-2015,0,Good
LB,Lesser Black-backed Gull,45980,FEB-2015,0,Good
LB,Lesser Black-backed Gull,45980,MAR-2015,0,Good
LB,Lesser Black-backed Gull,45980,APR-2015,0,Good
LB,Lesser Black-backed Gull,45980,MAY-2015,0,Good
LB,Lesser Black-backed Gull,45980,JUN-2015,2,Good
LB,Lesser Black-backed Gull,45980,JUL-2015,0,Poor
LB,Lesser Black-backed Gull,45980,AUG-2015,0,Poor
LB,Lesser Black-backed Gull,45980,SEP-2015,1,Good
LB,Lesser Black-backed Gull,45980,OCT-2015,0,Good
LB,Lesser Black-backed Gull,45980,NOV-2015,0,Good
LB,Lesser Black-backed Gull,45980,FEB-2016,0,Good
LB,Lesser Black-backed Gull,45980,SEP-2016,0,Good
LB,Lesser Black-backed Gull,45980,OCT-2016,0,Good
LB,Lesser Black-backed Gull,45980,FEB-2017,0,Good
LB,Lesser Black-backed Gull,45980,MAR-2018,0,Good
TE,Sandwich Tern,46400,JAN-2015,0,Good
TE,Sandwich Tern,46400,FEB-2015,0,Good
TE,Sandwich Tern,46400,MAR-2015,0,Good
TE,Sandwich Tern,46400,APR-2015,0,Good
TE,Sandwich Tern,46400,MAY-2015,0,Good
TE,Sandwich Tern,46400,JUN-2015,0,Good
TE,Sandwich Tern,46400,JUL-2015,0,Poor
TE,Sandwich Tern,46400,AUG-2015,6,Poor
TE,Sandwich Tern,46400,SEP-2015,0,Good
TE,Sandwich Tern,46400,OCT-2015,0,Good
AF,Little Tern,46470,JAN-2015,0,Good
AF,Little Tern,46470,FEB-2015,0,Good
AF,Little Tern,46470,MAR-2015,0,Good
AF,Little Tern,46470,APR-2015,0,Good
AF,Little Tern,46470,MAY-2015,1,Good
AF,Little Tern,46470,JUN-2015,0,Good
AF,Little Tern,46470,JUL-2015,0,Poor
AF,Little Tern,46470,AUG-2015,0,Poor
AF,Little Tern,46470,SEP-2015,0,Good
AF,Little Tern,46470,OCT-2015,0,Good
AE,Arctic Tern,46990,JAN-2015,0,Good
AE,Arctic Tern,46990,FEB-2015,0,Good
AE,Arctic Tern,46990,MAR-2015,0,Good
AE,Arctic Tern,46990,APR-2015,0,Good
AE,Arctic Tern,46990,MAY-2015,50,Good
AE,Arctic Tern,46990,JUN-2015,0,Good
AE,Arctic Tern,46990,JUL-2015,0,Poor
AE,Arctic Tern,46990,AUG-2015,0,Poor
AE,Arctic Tern,46990,SEP-2015,0,Good
AE,Arctic Tern,46990,OCT-2015,0,Good
UI,Common/Arctic Tern,47130,JAN-2015,0,Good
UI,Common/Arctic Tern,47130,FEB-2015,0,Good
UI,Common/Arctic Tern,47130,MAR-2015,0,Good
UI,Common/Arctic Tern,47130,APR-2015,0,Good
UI,Common/Arctic Tern,47130,MAY-2015,0,Good
UI,Common/Arctic Tern,47130,JUN-2015,0,Good
UI,Common/Arctic Tern,47130,JUL-2015,14,Poor
UI,Common/Arctic Tern,47130,AUG-2015,0,Poor
UI,Common/Arctic Tern,47130,SEP-2015,0,Good
UI,Common/Arctic Tern,47130,OCT-2015,0,Good
