SpeciesCode,Species,TaxonSort,Visit,Count,SpeciesCover
JI,Greylag Goose (Icelandic),3100,OCT-2002,0,Good
JI,Greylag Goose (Icelandic),3100,DEC-2002,0,Good
JI,Greylag Goose (Icelandic),3100,JAN-2003,0,Good
JI,Greylag Goose (Icelandic),3100,FEB-2003,0,Good
JI,Greylag Goose (Icelandic),3100,OCT-2003,0,Good
JI,Greylag Goose (Icelandic),3100,DEC-2003,0,Good
JI,Greylag Goose (Icelandic),3100,JAN-2004,0,Good
JI,Greylag Goose (Icelandic),3100,FEB-2004,0,Good
JI,Greylag Goose (Icelandic),3100,OCT-2004,0,Good
JI,Greylag Goose (Icelandic),3100,DEC-2004,750,Good
JI,Greylag Goose (Icelandic),3100,JAN-2005,0,Good
JI,Greylag Goose (Icelandic),3100,FEB-2005,0,Good
JI,Greylag Goose (Icelandic),3100,OCT-2005,0,Good
JI,Greylag Goose (Icelandic),3100,DEC-2005,0,Good
JI,Greylag Goose (Icelandic),3100,JAN-2006,0,Good
JI,Greylag Goose (Icelandic),3100,FEB-2006,0,Good
JI,Greylag Goose (Icelandic),3100,OCT-2006,0,Good
JI,Greylag Goose (Icelandic),3100,DEC-2006,0,Good
JI,Greylag Goose (Icelandic),3100,JAN-2007,0,Good
JI,Greylag Goose (Icelandic),3100,FEB-2007,0,Good
JI,Greylag Goose (Icelandic),3100,OCT-2007,0,Good
JI,Greylag Goose (Icelandic),3100,DEC-2007,0,Poor
JI,Greylag Goose (Icelandic),3100,JAN-2008,0,Good
JI,Greylag Goose (Icelandic),3100,FEB-2008,0,Good
JI,Greylag Goose (Icelandic),3100,OCT-2008,0,Poor
JI,Greylag Goose (Icelandic),3100,DEC-2008,0,Good
JI,Greylag Goose (Icelandic),3100,JAN-2009,0,Good
JI,Greylag Goose (Icelandic),3100,FEB-2009,0,Good
JI,Greylag Goose (Icelandic),3100,OCT-2009,9,Good
JI,Greylag Goose (Icelandic),3100,DEC-2009,1,Good
JI,Greylag Goose (Icelandic),3100,JAN-2010,0,Good
JI,Greylag Goose (Icelandic),3100,FEB-2010,0,Good
JI,Greylag Goose (Icelandic),3100,OCT-2010,0,Good
JI,Greylag Goose (Icelandic),3100,DEC-2010,0,Good
JI,Greylag Goose (Icelandic),3100,JAN-2011,0,Good
JI,Greylag Goose (Icelandic),3100,FEB-2011,0,Good
JI,Greylag Goose (Icelandic),3100,OCT-2011,0,Good
JI,Greylag Goose (Icelandic),3100,DEC-2011,0,Good
JI,Greylag Goose (Icelandic),3100,JAN-2012,0,Good
JI,Greylag Goose (Icelandic),3100,FEB-2012,0,Good
JI,Greylag Goose (Icelandic),3100,OCT-2012,0,Good
JI,Greylag Goose (Icelandic),3100,DEC-2012,0,Good
JI,Greylag Goose (Icelandic),3100,JAN-2013,0,Good
JI,Greylag Goose (Icelandic),3100,FEB-2013,0,Good
JI,Greylag Goose (Icelandic),3100,OCT-2013,0,Good
JI,Greylag Goose (Icelandic),3100,DEC-2013,18,Good
JI,Greylag Goose (Icelandic),3100,JAN-2014,0,Good
JI,Greylag Goose (Icelandic),3100,FEB-2014,0,Good
JI,Greylag Goose (Icelandic),3100,OCT-2014,0,Good
JI,Greylag Goose (Icelandic),3100,DEC-2014,0,Good
JI,Greylag Goose (Icelandic),3100,JAN-2015,0,Good
JI,Greylag Goose (Icelandic),3100,FEB-2015,0,Good
JI,Greylag Goose (Icelandic),3100,OCT-2015,0,Good
JI,Greylag Goose (Icelandic),3100,DEC-2015,0,Good
JI,Greylag Goose (Icelandic),3100,JAN-2016,0,Good
JI,Greylag Goose (Icelandic),3100,OCT-2016,0,Good
JI,Greylag Goose (Icelandic),3100,DEC-2016,0,Good
JI,Greylag Goose (Icelandic),3100,JAN-2017,0,Good
JI,Greylag Goose (Icelandic),3100,FEB-2017,0,Good
JI,Greylag Goose (Icelandic),3100,OCT-2017,0,Good
JI,Greylag Goose (Icelandic),3100,DEC-2017,0,Good
JI,Greylag Goose (Icelandic),3100,JAN-2018,3,Good
JI,Greylag Goose (Icelandic),3100,FEB-2018,0,Good
JI,Greylag Goose (Icelandic),3100,OCT-2018,0,Good
JI,Greylag Goose (Icelandic),3100,DEC-2018,0,Good
JI,Greylag Goose (Icelandic),3100,JAN-2019,0,Good
JI,Greylag Goose (Icelandic),3100,FEB-2019,0,Good
MS,Mute Swan,3380,OCT-2002,0,Good
MS,Mute Swan,3380,DEC-2002,0,Good
MS,Mute Swan,3380,JAN-2003,0,Good
MS,Mute Swan,3380,FEB-2003,0,Good
MS,Mute Swan,3380,OCT-2003,0,Good
MS,Mute Swan,3380,DEC-2003,0,Good
MS,Mute Swan,3380,JAN-2004,0,Good
MS,Mute Swan,3380,FEB-2004,0,Good
MS,Mute Swan,3380,OCT-2004,0,Good
MS,Mute Swan,3380,DEC-2004,0,Good
MS,Mute Swan,3380,JAN-2005,0,Good
MS,Mute Swan,3380,FEB-2005,0,Good
MS,Mute Swan,3380,OCT-2005,0,Good
MS,Mute Swan,3380,DEC-2005,0,Good
MS,Mute Swan,3380,JAN-2006,0,Good
MS,Mute Swan,3380,FEB-2006,0,Good
MS,Mute Swan,3380,OCT-2006,0,Good
MS,Mute Swan,3380,DEC-2006,0,Good
MS,Mute Swan,3380,JAN-2007,0,Good
MS,Mute Swan,3380,FEB-2007,2,Good
MS,Mute Swan,3380,OCT-2007,0,Good
MS,Mute Swan,3380,DEC-2007,0,Poor
MS,Mute Swan,3380,JAN-2008,0,Good
MS,Mute Swan,3380,FEB-2008,0,Good
MS,Mute Swan,3380,OCT-2008,0,Poor
MS,Mute Swan,3380,DEC-2008,0,Good
MS,Mute Swan,3380,JAN-2009,0,Good
MS,Mute Swan,3380,FEB-2009,2,Good
MS,Mute Swan,3380,OCT-2009,0,Good
MS,Mute Swan,3380,DEC-2009,0,Good
MS,Mute Swan,3380,JAN-2010,0,Good
MS,Mute Swan,3380,FEB-2010,0,Good
MS,Mute Swan,3380,OCT-2010,0,Good
MS,Mute Swan,3380,DEC-2010,0,Good
MS,Mute Swan,3380,JAN-2011,3,Good
MS,Mute Swan,3380,FEB-2011,0,Good
MS,Mute Swan,3380,OCT-2011,0,Good
MS,Mute Swan,3380,DEC-2011,0,Good
MS,Mute Swan,3380,JAN-2012,0,Good
MS,Mute Swan,3380,FEB-2012,0,Good
MS,Mute Swan,3380,OCT-2012,0,Good
MS,Mute Swan,3380,DEC-2012,0,Good
MS,Mute Swan,3380,JAN-2013,0,Good
MS,Mute Swan,3380,FEB-2013,0,Good
MS,Mute Swan,3380,OCT-2013,0,Good
MS,Mute Swan,3380,DEC-2013,0,Good
MS,Mute Swan,3380,JAN-2014,2,Good
MS,Mute Swan,3380,FEB-2014,2,Good
MS,Mute Swan,3380,OCT-2014,1,Good
MS,Mute Swan,3380,DEC-2014,2,Good
MS,Mute Swan,3380,JAN-2015,0,Good
MS,Mute Swan,3380,FEB-2015,1,Good
MS,Mute Swan,3380,OCT-2015,0,Good
MS,Mute Swan,3380,DEC-2015,2,Good
MS,Mute Swan,3380,JAN-2016,2,Good
MS,Mute Swan,3380,OCT-2016,0,Good
MS,Mute Swan,3380,DEC-2016,0,Good
MS,Mute Swan,3380,JAN-2017,0,Good
MS,Mute Swan,3380,FEB-2017,0,Good
MS,Mute Swan,3380,OCT-2017,0,Good
MS,Mute Swan,3380,DEC-2017,0,Good
MS,Mute Swan,3380,JAN-2018,0,Good
MS,Mute Swan,3380,FEB-2018,0,Good
MS,Mute Swan,3380,OCT-2018,0,Good
MS,Mute Swan,3380,DEC-2018,0,Good
MS,Mute Swan,3380,JAN-2019,0,Good
MS,Mute Swan,3380,FEB-2019,0,Good
WS,Whooper Swan,3430,OCT-2002,0,Good
WS,Whooper Swan,3430,DEC-2002,0,Good
WS,Whooper Swan,3430,JAN-2003,0,Good
WS,Whooper Swan,3430,FEB-2003,0,Good
WS,Whooper Swan,3430,OCT-2003,44,Good
WS,Whooper Swan,3430,DEC-2003,0,Good
WS,Whooper Swan,3430,JAN-2004,1,Good
WS,Whooper Swan,3430,FEB-2004,0,Good
WS,Whooper Swan,3430,OCT-2004,0,Good
WS,Whooper Swan,3430,DEC-2004,306,Good
WS,Whooper Swan,3430,JAN-2005,0,Good
WS,Whooper Swan,3430,FEB-2005,0,Good
WS,Whooper Swan,3430,OCT-2005,0,Good
WS,Whooper Swan,3430,DEC-2005,0,Good
WS,Whooper Swan,3430,JAN-2006,0,Good
WS,Whooper Swan,3430,FEB-2006,202,Good
WS,Whooper Swan,3430,OCT-2006,0,Good
WS,Whooper Swan,3430,DEC-2006,0,Good
WS,Whooper Swan,3430,JAN-2007,0,Good
WS,Whooper Swan,3430,FEB-2007,0,Good
WS,Whooper Swan,3430,OCT-2007,0,Good
WS,Whooper Swan,3430,DEC-2007,0,Poor
WS,Whooper Swan,3430,JAN-2008,0,Good
WS,Whooper Swan,3430,FEB-2008,0,Good
WS,Whooper Swan,3430,OCT-2008,0,Poor
WS,Whooper Swan,3430,DEC-2008,0,Good
WS,Whooper Swan,3430,JAN-2009,0,Good
WS,Whooper Swan,3430,FEB-2009,0,Good
WS,Whooper Swan,3430,OCT-2009,0,Good
WS,Whooper Swan,3430,DEC-2009,1,Good
WS,Whooper Swan,3430,JAN-2010,0,Good
WS,Whooper Swan,3430,FEB-2010,0,Good
WS,Whooper Swan,3430,OCT-2010,0,Good
WS,Whooper Swan,3430,DEC-2010,0,Good
WS,Whooper Swan,3430,JAN-2011,0,Good
WS,Whooper Swan,3430,FEB-2011,0,Good
WS,Whooper Swan,3430,OCT-2011,0,Good
WS,Whooper Swan,3430,DEC-2011,0,Good
WS,Whooper Swan,3430,JAN-2012,12,Good
WS,Whooper Swan,3430,FEB-2012,0,Good
WS,Whooper Swan,3430,OCT-2012,0,Good
WS,Whooper Swan,3430,DEC-2012,2,Good
WS,Whooper Swan,3430,JAN-2013,0,Good
WS,Whooper Swan,3430,FEB-2013,0,Good
WS,Whooper Swan,3430,OCT-2013,0,Good
WS,Whooper Swan,3430,DEC-2013,0,Good
WS,Whooper Swan,3430,JAN-2014,0,Good
WS,Whooper Swan,3430,FEB-2014,0,Good
WS,Whooper Swan,3430,OCT-2014,0,Good
WS,Whooper Swan,3430,DEC-2014,0,Good
WS,Whooper Swan,3430,JAN-2015,0,Good
WS,Whooper Swan,3430,FEB-2015,0,Good
WS,Whooper Swan,3430,OCT-2015,0,Good
WS,Whooper Swan,3430,DEC-2015,3,Good
WS,Whooper Swan,3430,JAN-2016,0,Good
WS,Whooper Swan,3430,OCT-2016,0,Good
WS,Whooper Swan,3430,DEC-2016,0,Good
WS,Whooper Swan,3430,JAN-2017,0,Good
WS,Whooper Swan,3430,FEB-2017,0,Good
WS,Whooper Swan,3430,OCT-2017,0,Good
WS,Whooper Swan,3430,DEC-2017,0,Good
WS,Whooper Swan,3430,JAN-2018,0,Good
WS,Whooper Swan,3430,FEB-2018,0,Good
WS,Whooper Swan,3430,OCT-2018,0,Good
WS,Whooper Swan,3430,DEC-2018,0,Good
WS,Whooper Swan,3430,JAN-2019,0,Good
WS,Whooper Swan,3430,FEB-2019,0,Good
SU,Shelduck,3920,OCT-2002,0,Good
SU,Shelduck,3920,DEC-2002,0,Good
SU,Shelduck,3920,JAN-2003,0,Good
SU,Shelduck,3920,FEB-2003,0,Good
SU,Shelduck,3920,OCT-2003,0,Good
SU,Shelduck,3920,DEC-2003,0,Good
SU,Shelduck,3920,JAN-2004,0,Good
SU,Shelduck,3920,FEB-2004,0,Good
SU,Shelduck,3920,OCT-2004,0,Good
SU,Shelduck,3920,DEC-2004,0,Good
SU,Shelduck,3920,JAN-2005,0,Good
SU,Shelduck,3920,FEB-2005,0,Good
SU,Shelduck,3920,OCT-2005,0,Good
SU,Shelduck,3920,DEC-2005,0,Good
SU,Shelduck,3920,JAN-2006,0,Good
SU,Shelduck,3920,FEB-2006,0,Good
SU,Shelduck,3920,OCT-2006,0,Good
SU,Shelduck,3920,DEC-2006,0,Good
SU,Shelduck,3920,JAN-2007,0,Good
SU,Shelduck,3920,FEB-2007,0,Good
SU,Shelduck,3920,OCT-2007,0,Good
SU,Shelduck,3920,DEC-2007,0,Poor
SU,Shelduck,3920,JAN-2008,0,Good
SU,Shelduck,3920,FEB-2008,1,Good
SU,Shelduck,3920,OCT-2008,0,Poor
SU,Shelduck,3920,DEC-2008,0,Good
SU,Shelduck,3920,JAN-2009,0,Good
SU,Shelduck,3920,FEB-2009,0,Good
SU,Shelduck,3920,OCT-2009,0,Good
SU,Shelduck,3920,DEC-2009,0,Good
SU,Shelduck,3920,JAN-2010,0,Good
SU,Shelduck,3920,FEB-2010,0,Good
SU,Shelduck,3920,OCT-2010,0,Good
SU,Shelduck,3920,DEC-2010,0,Good
SU,Shelduck,3920,JAN-2011,2,Good
SU,Shelduck,3920,FEB-2011,0,Good
SU,Shelduck,3920,OCT-2011,0,Good
SU,Shelduck,3920,DEC-2011,0,Good
SU,Shelduck,3920,JAN-2012,0,Good
SU,Shelduck,3920,FEB-2012,0,Good
SU,Shelduck,3920,OCT-2012,0,Good
SU,Shelduck,3920,DEC-2012,0,Good
SU,Shelduck,3920,JAN-2013,0,Good
SU,Shelduck,3920,FEB-2013,0,Good
SU,Shelduck,3920,OCT-2013,0,Good
SU,Shelduck,3920,DEC-2013,0,Good
SU,Shelduck,3920,JAN-2014,0,Good
SU,Shelduck,3920,FEB-2014,0,Good
SU,Shelduck,3920,OCT-2014,0,Good
SU,Shelduck,3920,DEC-2014,0,Good
SU,Shelduck,3920,JAN-2015,0,Good
SU,Shelduck,3920,FEB-2015,0,Good
SU,Shelduck,3920,OCT-2015,0,Good
SU,Shelduck,3920,DEC-2015,0,Good
SU,Shelduck,3920,JAN-2016,1,Good
SU,Shelduck,3920,OCT-2016,0,Good
SU,Shelduck,3920,DEC-2016,0,Good
SU,Shelduck,3920,JAN-2017,0,Good
SU,Shelduck,3920,FEB-2017,0,Good
SU,Shelduck,3920,OCT-2017,0,Good
SU,Shelduck,3920,DEC-2017,0,Good
SU,Shelduck,3920,JAN-2018,0,Good
SU,Shelduck,3920,FEB-2018,0,Good
SU,Shelduck,3920,OCT-2018,0,Good
SU,Shelduck,3920,DEC-2018,0,Good
SU,Shelduck,3920,JAN-2019,0,Good
SU,Shelduck,3920,FEB-2019,0,Good
WN,Wigeon,4620,OCT-2002,0,Good
WN,Wigeon,4620,DEC-2002,175,Good
WN,Wigeon,4620,JAN-2003,255,Good
WN,Wigeon,4620,FEB-2003,78,Good
WN,Wigeon,4620,OCT-2003,0,Good
WN,Wigeon,4620,DEC-2003,50,Good
WN,Wigeon,4620,JAN-2004,20,Good
WN,Wigeon,4620,FEB-2004,2,Good
WN,Wigeon,4620,OCT-2004,115,Good
WN,Wigeon,4620,DEC-2004,140,Good
WN,Wigeon,4620,JAN-2005,300,Good
WN,Wigeon,4620,FEB-2005,8,Good
WN,Wigeon,4620,OCT-2005,62,Good
WN,Wigeon,4620,DEC-2005,1270,Good
WN,Wigeon,4620,JAN-2006,27,Good
WN,Wigeon,4620,FEB-2006,422,Good
WN,Wigeon,4620,OCT-2006,0,Good
WN,Wigeon,4620,DEC-2006,0,Good
WN,Wigeon,4620,JAN-2007,3,Good
WN,Wigeon,4620,FEB-2007,1,Good
WN,Wigeon,4620,OCT-2007,0,Good
WN,Wigeon,4620,DEC-2007,0,Poor
WN,Wigeon,4620,JAN-2008,0,Good
WN,Wigeon,4620,FEB-2008,75,Good
WN,Wigeon,4620,OCT-2008,0,Poor
WN,Wigeon,4620,DEC-2008,82,Good
WN,Wigeon,4620,JAN-2009,90,Good
WN,Wigeon,4620,FEB-2009,28,Good
WN,Wigeon,4620,OCT-2009,0,Good
WN,Wigeon,4620,DEC-2009,86,Good
WN,Wigeon,4620,JAN-2010,140,Good
WN,Wigeon,4620,FEB-2010,55,Good
WN,Wigeon,4620,OCT-2010,0,Good
WN,Wigeon,4620,DEC-2010,90,Good
WN,Wigeon,4620,JAN-2011,45,Good
WN,Wigeon,4620,FEB-2011,0,Good
WN,Wigeon,4620,OCT-2011,8,Good
WN,Wigeon,4620,DEC-2011,51,Good
WN,Wigeon,4620,JAN-2012,105,Good
WN,Wigeon,4620,FEB-2012,100,Good
WN,Wigeon,4620,OCT-2012,0,Good
WN,Wigeon,4620,DEC-2012,84,Good
WN,Wigeon,4620,JAN-2013,38,Good
WN,Wigeon,4620,FEB-2013,0,Good
WN,Wigeon,4620,OCT-2013,18,Good
WN,Wigeon,4620,DEC-2013,70,Good
WN,Wigeon,4620,JAN-2014,70,Good
WN,Wigeon,4620,FEB-2014,46,Good
WN,Wigeon,4620,OCT-2014,0,Good
WN,Wigeon,4620,DEC-2014,57,Good
WN,Wigeon,4620,JAN-2015,38,Good
WN,Wigeon,4620,FEB-2015,85,Good
WN,Wigeon,4620,OCT-2015,0,Good
WN,Wigeon,4620,DEC-2015,16,Good
WN,Wigeon,4620,JAN-2016,52,Good
WN,Wigeon,4620,OCT-2016,0,Good
WN,Wigeon,4620,DEC-2016,56,Good
WN,Wigeon,4620,JAN-2017,0,Good
WN,Wigeon,4620,FEB-2017,36,Good
WN,Wigeon,4620,OCT-2017,0,Good
WN,Wigeon,4620,DEC-2017,0,Good
WN,Wigeon,4620,JAN-2018,26,Good
WN,Wigeon,4620,FEB-2018,12,Good
WN,Wigeon,4620,OCT-2018,0,Good
WN,Wigeon,4620,DEC-2018,5,Good
WN,Wigeon,4620,JAN-2019,28,Good
WN,Wigeon,4620,FEB-2019,6,Good
MA,Mallard,4840,OCT-2002,0,Good
MA,Mallard,4840,DEC-2002,53,Good
MA,Mallard,4840,JAN-2003,6,Good
MA,Mallard,4840,FEB-2003,2,Good
MA,Mallard,4840,OCT-2003,0,Good
MA,Mallard,4840,DEC-2003,90,Good
MA,Mallard,4840,JAN-2004,2,Good
MA,Mallard,4840,FEB-2004,22,Good
MA,Mallard,4840,OCT-2004,30,Good
MA,Mallard,4840,DEC-2004,6,Good
MA,Mallard,4840,JAN-2005,51,Good
MA,Mallard,4840,FEB-2005,6,Good
MA,Mallard,4840,OCT-2005,81,Good
MA,Mallard,4840,DEC-2005,0,Good
MA,Mallard,4840,JAN-2006,0,Good
MA,Mallard,4840,FEB-2006,6,Good
MA,Mallard,4840,OCT-2006,9,Good
MA,Mallard,4840,DEC-2006,0,Good
MA,Mallard,4840,JAN-2007,0,Good
MA,Mallard,4840,FEB-2007,0,Good
MA,Mallard,4840,OCT-2007,0,Good
MA,Mallard,4840,DEC-2007,0,Poor
MA,Mallard,4840,JAN-2008,13,Good
MA,Mallard,4840,FEB-2008,0,Good
MA,Mallard,4840,OCT-2008,16,Poor
MA,Mallard,4840,DEC-2008,30,Good
MA,Mallard,4840,JAN-2009,8,Good
MA,Mallard,4840,FEB-2009,0,Good
MA,Mallard,4840,OCT-2009,0,Good
MA,Mallard,4840,DEC-2009,0,Good
MA,Mallard,4840,JAN-2010,0,Good
MA,Mallard,4840,FEB-2010,0,Good
MA,Mallard,4840,OCT-2010,0,Good
MA,Mallard,4840,DEC-2010,6,Good
MA,Mallard,4840,JAN-2011,0,Good
MA,Mallard,4840,FEB-2011,2,Good
MA,Mallard,4840,OCT-2011,0,Good
MA,Mallard,4840,DEC-2011,15,Good
MA,Mallard,4840,JAN-2012,20,Good
MA,Mallard,4840,FEB-2012,0,Good
MA,Mallard,4840,OCT-2012,6,Good
MA,Mallard,4840,DEC-2012,9,Good
MA,Mallard,4840,JAN-2013,6,Good
MA,Mallard,4840,FEB-2013,6,Good
MA,Mallard,4840,OCT-2013,5,Good
MA,Mallard,4840,DEC-2013,8,Good
MA,Mallard,4840,JAN-2014,8,Good
MA,Mallard,4840,FEB-2014,7,Good
MA,Mallard,4840,OCT-2014,2,Good
MA,Mallard,4840,DEC-2014,2,Good
MA,Mallard,4840,JAN-2015,0,Good
MA,Mallard,4840,FEB-2015,0,Good
MA,Mallard,4840,OCT-2015,1,Good
MA,Mallard,4840,DEC-2015,4,Good
MA,Mallard,4840,JAN-2016,3,Good
MA,Mallard,4840,OCT-2016,0,Good
MA,Mallard,4840,DEC-2016,7,Good
MA,Mallard,4840,JAN-2017,0,Good
MA,Mallard,4840,FEB-2017,6,Good
MA,Mallard,4840,OCT-2017,0,Good
MA,Mallard,4840,DEC-2017,0,Good
MA,Mallard,4840,JAN-2018,14,Good
MA,Mallard,4840,FEB-2018,2,Good
MA,Mallard,4840,OCT-2018,0,Good
MA,Mallard,4840,DEC-2018,10,Good
MA,Mallard,4840,JAN-2019,4,Good
MA,Mallard,4840,FEB-2019,0,Good
T.,Teal,5080,OCT-2002,77,Good
T.,Teal,5080,DEC-2002,163,Good
T.,Teal,5080,JAN-2003,180,Good
T.,Teal,5080,FEB-2003,50,Good
T.,Teal,5080,OCT-2003,36,Good
T.,Teal,5080,DEC-2003,150,Good
T.,Teal,5080,JAN-2004,90,Good
T.,Teal,5080,FEB-2004,40,Good
T.,Teal,5080,OCT-2004,125,Good
T.,Teal,5080,DEC-2004,80,Good
T.,Teal,5080,JAN-2005,120,Good
T.,Teal,5080,FEB-2005,30,Good
T.,Teal,5080,OCT-2005,1,Good
T.,Teal,5080,DEC-2005,130,Good
T.,Teal,5080,JAN-2006,18,Good
T.,Teal,5080,FEB-2006,40,Good
T.,Teal,5080,OCT-2006,0,Good
T.,Teal,5080,DEC-2006,1,Good
T.,Teal,5080,JAN-2007,50,Good
T.,Teal,5080,FEB-2007,31,Good
T.,Teal,5080,OCT-2007,90,Good
T.,Teal,5080,DEC-2007,0,Poor
T.,Teal,5080,JAN-2008,0,Good
T.,Teal,5080,FEB-2008,60,Good
T.,Teal,5080,OCT-2008,71,Poor
T.,Teal,5080,DEC-2008,42,Good
T.,Teal,5080,JAN-2009,0,Good
T.,Teal,5080,FEB-2009,0,Good
T.,Teal,5080,OCT-2009,35,Good
T.,Teal,5080,DEC-2009,64,Good
T.,Teal,5080,JAN-2010,30,Good
T.,Teal,5080,FEB-2010,2,Good
T.,Teal,5080,OCT-2010,0,Good
T.,Teal,5080,DEC-2010,31,Good
T.,Teal,5080,JAN-2011,46,Good
T.,Teal,5080,FEB-2011,40,Good
T.,Teal,5080,OCT-2011,34,Good
T.,Teal,5080,DEC-2011,55,Good
T.,Teal,5080,JAN-2012,55,Good
T.,Teal,5080,FEB-2012,70,Good
T.,Teal,5080,OCT-2012,12,Good
T.,Teal,5080,DEC-2012,8,Good
T.,Teal,5080,JAN-2013,70,Good
T.,Teal,5080,FEB-2013,0,Good
T.,Teal,5080,OCT-2013,20,Good
T.,Teal,5080,DEC-2013,45,Good
T.,Teal,5080,JAN-2014,15,Good
T.,Teal,5080,FEB-2014,26,Good
T.,Teal,5080,OCT-2014,15,Good
T.,Teal,5080,DEC-2014,38,Good
T.,Teal,5080,JAN-2015,45,Good
T.,Teal,5080,FEB-2015,13,Good
T.,Teal,5080,OCT-2015,10,Good
T.,Teal,5080,DEC-2015,43,Good
T.,Teal,5080,JAN-2016,49,Good
T.,Teal,5080,OCT-2016,0,Good
T.,Teal,5080,DEC-2016,111,Good
T.,Teal,5080,JAN-2017,0,Good
T.,Teal,5080,FEB-2017,42,Good
T.,Teal,5080,OCT-2017,0,Good
T.,Teal,5080,DEC-2017,15,Good
T.,Teal,5080,JAN-2018,100,Good
T.,Teal,5080,FEB-2018,42,Good
T.,Teal,5080,OCT-2018,44,Good
T.,Teal,5080,DEC-2018,38,Good
T.,Teal,5080,JAN-2019,46,Good
T.,Teal,5080,FEB-2019,43,Good
EE,Eider (except Shetland),5690,OCT-2002,0,Good
EE,Eider (except Shetland),5690,DEC-2002,6,Good
EE,Eider (except Shetland),5690,JAN-2003,3,Good
EE,Eider (except Shetland),5690,FEB-2003,16,Good
EE,Eider (except Shetland),5690,OCT-2003,0,Good
EE,Eider (except Shetland),5690,DEC-2003,2,Good
EE,Eider (except Shetland),5690,JAN-2004,2,Good
EE,Eider (except Shetland),5690,FEB-2004,4,Good
EE,Eider (except Shetland),5690,OCT-2004,0,Good
EE,Eider (except Shetland),5690,DEC-2004,0,Good
EE,Eider (except Shetland),5690,JAN-2005,1,Good
EE,Eider (except Shetland),5690,FEB-2005,15,Good
EE,Eider (except Shetland),5690,OCT-2005,0,Good
EE,Eider (except Shetland),5690,DEC-2005,0,Good
EE,Eider (except Shetland),5690,JAN-2006,2,Good
EE,Eider (except Shetland),5690,FEB-2006,0,Good
EE,Eider (except Shetland),5690,OCT-2006,0,Good
EE,Eider (except Shetland),5690,DEC-2006,0,Good
EE,Eider (except Shetland),5690,JAN-2007,0,Good
EE,Eider (except Shetland),5690,FEB-2007,0,Good
EE,Eider (except Shetland),5690,OCT-2007,3,Good
EE,Eider (except Shetland),5690,DEC-2007,1,Poor
EE,Eider (except Shetland),5690,JAN-2008,6,Good
EE,Eider (except Shetland),5690,FEB-2008,0,Good
EE,Eider (except Shetland),5690,OCT-2008,0,Poor
EE,Eider (except Shetland),5690,DEC-2008,7,Good
EE,Eider (except Shetland),5690,JAN-2009,0,Good
EE,Eider (except Shetland),5690,FEB-2009,0,Good
EE,Eider (except Shetland),5690,OCT-2009,0,Good
EE,Eider (except Shetland),5690,DEC-2009,2,Good
EE,Eider (except Shetland),5690,JAN-2010,3,Good
EE,Eider (except Shetland),5690,FEB-2010,0,Good
EE,Eider (except Shetland),5690,OCT-2010,0,Good
EE,Eider (except Shetland),5690,DEC-2010,0,Good
EE,Eider (except Shetland),5690,JAN-2011,0,Good
EE,Eider (except Shetland),5690,FEB-2011,32,Good
EE,Eider (except Shetland),5690,OCT-2011,7,Good
EE,Eider (except Shetland),5690,DEC-2011,3,Good
EE,Eider (except Shetland),5690,JAN-2012,85,Good
EE,Eider (except Shetland),5690,FEB-2012,36,Good
EE,Eider (except Shetland),5690,OCT-2012,4,Good
EE,Eider (except Shetland),5690,DEC-2012,102,Good
EE,Eider (except Shetland),5690,JAN-2013,4,Good
EE,Eider (except Shetland),5690,FEB-2013,21,Good
EE,Eider (except Shetland),5690,OCT-2013,0,Good
EE,Eider (except Shetland),5690,DEC-2013,19,Good
EE,Eider (except Shetland),5690,JAN-2014,230,Good
EE,Eider (except Shetland),5690,FEB-2014,86,Good
EE,Eider (except Shetland),5690,OCT-2014,22,Good
EE,Eider (except Shetland),5690,DEC-2014,8,Good
EE,Eider (except Shetland),5690,JAN-2015,82,Good
EE,Eider (except Shetland),5690,FEB-2015,56,Good
EE,Eider (except Shetland),5690,OCT-2015,10,Good
EE,Eider (except Shetland),5690,DEC-2015,4,Good
EE,Eider (except Shetland),5690,JAN-2016,0,Good
EE,Eider (except Shetland),5690,OCT-2016,1,Good
EE,Eider (except Shetland),5690,DEC-2016,9,Good
EE,Eider (except Shetland),5690,JAN-2017,0,Good
EE,Eider (except Shetland),5690,FEB-2017,51,Good
EE,Eider (except Shetland),5690,OCT-2017,0,Good
EE,Eider (except Shetland),5690,DEC-2017,41,Good
EE,Eider (except Shetland),5690,JAN-2018,34,Good
EE,Eider (except Shetland),5690,FEB-2018,52,Good
EE,Eider (except Shetland),5690,OCT-2018,5,Good
EE,Eider (except Shetland),5690,DEC-2018,0,Good
EE,Eider (except Shetland),5690,JAN-2019,5,Good
EE,Eider (except Shetland),5690,FEB-2019,2,Good
CX,Common Scoter,5810,OCT-2002,0,Good
CX,Common Scoter,5810,DEC-2002,0,Good
CX,Common Scoter,5810,JAN-2003,0,Good
CX,Common Scoter,5810,FEB-2003,0,Good
CX,Common Scoter,5810,OCT-2003,0,Good
CX,Common Scoter,5810,DEC-2003,0,Good
CX,Common Scoter,5810,JAN-2004,0,Good
CX,Common Scoter,5810,FEB-2004,0,Good
CX,Common Scoter,5810,OCT-2004,0,Good
CX,Common Scoter,5810,DEC-2004,0,Good
CX,Common Scoter,5810,JAN-2005,0,Good
CX,Common Scoter,5810,FEB-2005,0,Good
CX,Common Scoter,5810,OCT-2005,0,Good
CX,Common Scoter,5810,DEC-2005,0,Good
CX,Common Scoter,5810,JAN-2006,0,Good
CX,Common Scoter,5810,FEB-2006,0,Good
CX,Common Scoter,5810,OCT-2006,1,Good
CX,Common Scoter,5810,DEC-2006,0,Good
CX,Common Scoter,5810,JAN-2007,0,Good
CX,Common Scoter,5810,FEB-2007,0,Good
CX,Common Scoter,5810,OCT-2007,0,Good
CX,Common Scoter,5810,DEC-2007,0,Poor
CX,Common Scoter,5810,JAN-2008,0,Good
CX,Common Scoter,5810,FEB-2008,1,Good
CX,Common Scoter,5810,OCT-2008,0,Poor
CX,Common Scoter,5810,DEC-2008,0,Good
CX,Common Scoter,5810,JAN-2009,0,Good
CX,Common Scoter,5810,FEB-2009,0,Good
CX,Common Scoter,5810,OCT-2009,0,Good
CX,Common Scoter,5810,DEC-2009,0,Good
CX,Common Scoter,5810,JAN-2010,0,Good
CX,Common Scoter,5810,FEB-2010,0,Good
CX,Common Scoter,5810,OCT-2010,0,Good
CX,Common Scoter,5810,DEC-2010,0,Good
CX,Common Scoter,5810,JAN-2011,0,Good
CX,Common Scoter,5810,FEB-2011,0,Good
CX,Common Scoter,5810,OCT-2011,0,Good
CX,Common Scoter,5810,DEC-2011,0,Good
CX,Common Scoter,5810,JAN-2012,0,Good
CX,Common Scoter,5810,FEB-2012,0,Good
CX,Common Scoter,5810,OCT-2012,0,Good
CX,Common Scoter,5810,DEC-2012,0,Good
CX,Common Scoter,5810,JAN-2013,0,Good
CX,Common Scoter,5810,FEB-2013,0,Good
CX,Common Scoter,5810,OCT-2013,0,Good
CX,Common Scoter,5810,DEC-2013,0,Good
CX,Common Scoter,5810,JAN-2014,0,Good
CX,Common Scoter,5810,FEB-2014,0,Good
CX,Common Scoter,5810,OCT-2014,0,Good
CX,Common Scoter,5810,DEC-2014,0,Good
CX,Common Scoter,5810,JAN-2015,0,Good
CX,Common Scoter,5810,FEB-2015,0,Good
CX,Common Scoter,5810,OCT-2015,0,Good
CX,Common Scoter,5810,DEC-2015,0,Good
CX,Common Scoter,5810,JAN-2016,0,Good
CX,Common Scoter,5810,OCT-2016,0,Good
CX,Common Scoter,5810,DEC-2016,0,Good
CX,Common Scoter,5810,JAN-2017,0,Good
CX,Common Scoter,5810,FEB-2017,0,Good
CX,Common Scoter,5810,OCT-2017,0,Good
CX,Common Scoter,5810,DEC-2017,0,Good
CX,Common Scoter,5810,JAN-2018,0,Good
CX,Common Scoter,5810,FEB-2018,0,Good
CX,Common Scoter,5810,OCT-2018,1,Good
CX,Common Scoter,5810,DEC-2018,0,Good
CX,Common Scoter,5810,JAN-2019,0,Good
CX,Common Scoter,5810,FEB-2019,0,Good
LN,Long-tailed Duck,5850,OCT-2002,0,Good
LN,Long-tailed Duck,5850,DEC-2002,8,Good
LN,Long-tailed Duck,5850,JAN-2003,2,Good
LN,Long-tailed Duck,5850,FEB-2003,1,Good
LN,Long-tailed Duck,5850,OCT-2003,0,Good
LN,Long-tailed Duck,5850,DEC-2003,0,Good
LN,Long-tailed Duck,5850,JAN-2004,0,Good
LN,Long-tailed Duck,5850,FEB-2004,0,Good
LN,Long-tailed Duck,5850,OCT-2004,1,Good
LN,Long-tailed Duck,5850,DEC-2004,0,Good
LN,Long-tailed Duck,5850,JAN-2005,0,Good
LN,Long-tailed Duck,5850,FEB-2005,0,Good
LN,Long-tailed Duck,5850,OCT-2005,0,Good
LN,Long-tailed Duck,5850,DEC-2005,0,Good
LN,Long-tailed Duck,5850,JAN-2006,0,Good
LN,Long-tailed Duck,5850,FEB-2006,0,Good
LN,Long-tailed Duck,5850,OCT-2006,0,Good
LN,Long-tailed Duck,5850,DEC-2006,0,Good
LN,Long-tailed Duck,5850,JAN-2007,0,Good
LN,Long-tailed Duck,5850,FEB-2007,0,Good
LN,Long-tailed Duck,5850,OCT-2007,0,Good
LN,Long-tailed Duck,5850,DEC-2007,0,Poor
LN,Long-tailed Duck,5850,JAN-2008,21,Good
LN,Long-tailed Duck,5850,FEB-2008,12,Good
LN,Long-tailed Duck,5850,OCT-2008,0,Poor
LN,Long-tailed Duck,5850,DEC-2008,21,Good
LN,Long-tailed Duck,5850,JAN-2009,0,Good
LN,Long-tailed Duck,5850,FEB-2009,1,Good
LN,Long-tailed Duck,5850,OCT-2009,15,Good
LN,Long-tailed Duck,5850,DEC-2009,0,Good
LN,Long-tailed Duck,5850,JAN-2010,3,Good
LN,Long-tailed Duck,5850,FEB-2010,30,Good
LN,Long-tailed Duck,5850,OCT-2010,0,Good
LN,Long-tailed Duck,5850,DEC-2010,0,Good
LN,Long-tailed Duck,5850,JAN-2011,0,Good
LN,Long-tailed Duck,5850,FEB-2011,2,Good
LN,Long-tailed Duck,5850,OCT-2011,1,Good
LN,Long-tailed Duck,5850,DEC-2011,0,Good
LN,Long-tailed Duck,5850,JAN-2012,34,Good
LN,Long-tailed Duck,5850,FEB-2012,44,Good
LN,Long-tailed Duck,5850,OCT-2012,0,Good
LN,Long-tailed Duck,5850,DEC-2012,5,Good
LN,Long-tailed Duck,5850,JAN-2013,0,Good
LN,Long-tailed Duck,5850,FEB-2013,3,Good
LN,Long-tailed Duck,5850,OCT-2013,0,Good
LN,Long-tailed Duck,5850,DEC-2013,18,Good
LN,Long-tailed Duck,5850,JAN-2014,30,Good
LN,Long-tailed Duck,5850,FEB-2014,15,Good
LN,Long-tailed Duck,5850,OCT-2014,3,Good
LN,Long-tailed Duck,5850,DEC-2014,0,Good
LN,Long-tailed Duck,5850,JAN-2015,0,Good
LN,Long-tailed Duck,5850,FEB-2015,5,Good
LN,Long-tailed Duck,5850,OCT-2015,0,Good
LN,Long-tailed Duck,5850,DEC-2015,0,Good
LN,Long-tailed Duck,5850,JAN-2016,24,Good
LN,Long-tailed Duck,5850,OCT-2016,0,Good
LN,Long-tailed Duck,5850,DEC-2016,0,Good
LN,Long-tailed Duck,5850,JAN-2017,0,Good
LN,Long-tailed Duck,5850,FEB-2017,4,Good
LN,Long-tailed Duck,5850,OCT-2017,0,Good
LN,Long-tailed Duck,5850,DEC-2017,7,Good
LN,Long-tailed Duck,5850,JAN-2018,0,Good
LN,Long-tailed Duck,5850,FEB-2018,0,Good
LN,Long-tailed Duck,5850,OCT-2018,0,Good
LN,Long-tailed Duck,5850,DEC-2018,0,Good
LN,Long-tailed Duck,5850,JAN-2019,0,Good
LN,Long-tailed Duck,5850,FEB-2019,0,Good
GN,Goldeneye,5880,OCT-2002,0,Good
GN,Goldeneye,5880,DEC-2002,6,Good
GN,Goldeneye,5880,JAN-2003,5,Good
GN,Goldeneye,5880,FEB-2003,4,Good
GN,Goldeneye,5880,OCT-2003,0,Good
GN,Goldeneye,5880,DEC-2003,0,Good
GN,Goldeneye,5880,JAN-2004,0,Good
GN,Goldeneye,5880,FEB-2004,0,Good
GN,Goldeneye,5880,OCT-2004,0,Good
GN,Goldeneye,5880,DEC-2004,0,Good
GN,Goldeneye,5880,JAN-2005,0,Good
GN,Goldeneye,5880,FEB-2005,5,Good
GN,Goldeneye,5880,OCT-2005,0,Good
GN,Goldeneye,5880,DEC-2005,0,Good
GN,Goldeneye,5880,JAN-2006,0,Good
GN,Goldeneye,5880,FEB-2006,0,Good
GN,Goldeneye,5880,OCT-2006,0,Good
GN,Goldeneye,5880,DEC-2006,0,Good
GN,Goldeneye,5880,JAN-2007,0,Good
GN,Goldeneye,5880,FEB-2007,2,Good
GN,Goldeneye,5880,OCT-2007,0,Good
GN,Goldeneye,5880,DEC-2007,0,Poor
GN,Goldeneye,5880,JAN-2008,0,Good
GN,Goldeneye,5880,FEB-2008,0,Good
GN,Goldeneye,5880,OCT-2008,0,Poor
GN,Goldeneye,5880,DEC-2008,0,Good
GN,Goldeneye,5880,JAN-2009,0,Good
GN,Goldeneye,5880,FEB-2009,0,Good
GN,Goldeneye,5880,OCT-2009,0,Good
GN,Goldeneye,5880,DEC-2009,0,Good
GN,Goldeneye,5880,JAN-2010,8,Good
GN,Goldeneye,5880,FEB-2010,0,Good
GN,Goldeneye,5880,OCT-2010,0,Good
GN,Goldeneye,5880,DEC-2010,0,Good
GN,Goldeneye,5880,JAN-2011,1,Good
GN,Goldeneye,5880,FEB-2011,1,Good
GN,Goldeneye,5880,OCT-2011,0,Good
GN,Goldeneye,5880,DEC-2011,0,Good
GN,Goldeneye,5880,JAN-2012,1,Good
GN,Goldeneye,5880,FEB-2012,0,Good
GN,Goldeneye,5880,OCT-2012,0,Good
GN,Goldeneye,5880,DEC-2012,0,Good
GN,Goldeneye,5880,JAN-2013,0,Good
GN,Goldeneye,5880,FEB-2013,0,Good
GN,Goldeneye,5880,OCT-2013,0,Good
GN,Goldeneye,5880,DEC-2013,0,Good
GN,Goldeneye,5880,JAN-2014,1,Good
GN,Goldeneye,5880,FEB-2014,0,Good
GN,Goldeneye,5880,OCT-2014,0,Good
GN,Goldeneye,5880,DEC-2014,0,Good
GN,Goldeneye,5880,JAN-2015,0,Good
GN,Goldeneye,5880,FEB-2015,0,Good
GN,Goldeneye,5880,OCT-2015,0,Good
GN,Goldeneye,5880,DEC-2015,0,Good
GN,Goldeneye,5880,JAN-2016,0,Good
GN,Goldeneye,5880,OCT-2016,0,Good
GN,Goldeneye,5880,DEC-2016,0,Good
GN,Goldeneye,5880,JAN-2017,0,Good
GN,Goldeneye,5880,FEB-2017,0,Good
GN,Goldeneye,5880,OCT-2017,0,Good
GN,Goldeneye,5880,DEC-2017,0,Good
GN,Goldeneye,5880,JAN-2018,0,Good
GN,Goldeneye,5880,FEB-2018,1,Good
GN,Goldeneye,5880,OCT-2018,0,Good
GN,Goldeneye,5880,DEC-2018,0,Good
GN,Goldeneye,5880,JAN-2019,0,Good
GN,Goldeneye,5880,FEB-2019,0,Good
RM,Red-breasted Merganser,6030,OCT-2002,0,Good
RM,Red-breasted Merganser,6030,DEC-2002,0,Good
RM,Red-breasted Merganser,6030,JAN-2003,2,Good
RM,Red-breasted Merganser,6030,FEB-2003,1,Good
RM,Red-breasted Merganser,6030,OCT-2003,0,Good
RM,Red-breasted Merganser,6030,DEC-2003,0,Good
RM,Red-breasted Merganser,6030,JAN-2004,0,Good
RM,Red-breasted Merganser,6030,FEB-2004,0,Good
RM,Red-breasted Merganser,6030,OCT-2004,0,Good
RM,Red-breasted Merganser,6030,DEC-2004,2,Good
RM,Red-breasted Merganser,6030,JAN-2005,0,Good
RM,Red-breasted Merganser,6030,FEB-2005,0,Good
RM,Red-breasted Merganser,6030,OCT-2005,0,Good
RM,Red-breasted Merganser,6030,DEC-2005,0,Good
RM,Red-breasted Merganser,6030,JAN-2006,8,Good
RM,Red-breasted Merganser,6030,FEB-2006,0,Good
RM,Red-breasted Merganser,6030,OCT-2006,0,Good
RM,Red-breasted Merganser,6030,DEC-2006,0,Good
RM,Red-breasted Merganser,6030,JAN-2007,11,Good
RM,Red-breasted Merganser,6030,FEB-2007,11,Good
RM,Red-breasted Merganser,6030,OCT-2007,0,Good
RM,Red-breasted Merganser,6030,DEC-2007,7,Poor
RM,Red-breasted Merganser,6030,JAN-2008,19,Good
RM,Red-breasted Merganser,6030,FEB-2008,4,Good
RM,Red-breasted Merganser,6030,OCT-2008,0,Poor
RM,Red-breasted Merganser,6030,DEC-2008,5,Good
RM,Red-breasted Merganser,6030,JAN-2009,1,Good
RM,Red-breasted Merganser,6030,FEB-2009,0,Good
RM,Red-breasted Merganser,6030,OCT-2009,0,Good
RM,Red-breasted Merganser,6030,DEC-2009,0,Good
RM,Red-breasted Merganser,6030,JAN-2010,0,Good
RM,Red-breasted Merganser,6030,FEB-2010,0,Good
RM,Red-breasted Merganser,6030,OCT-2010,0,Good
RM,Red-breasted Merganser,6030,DEC-2010,1,Good
RM,Red-breasted Merganser,6030,JAN-2011,9,Good
RM,Red-breasted Merganser,6030,FEB-2011,3,Good
RM,Red-breasted Merganser,6030,OCT-2011,0,Good
RM,Red-breasted Merganser,6030,DEC-2011,2,Good
RM,Red-breasted Merganser,6030,JAN-2012,5,Good
RM,Red-breasted Merganser,6030,FEB-2012,1,Good
RM,Red-breasted Merganser,6030,OCT-2012,1,Good
RM,Red-breasted Merganser,6030,DEC-2012,16,Good
RM,Red-breasted Merganser,6030,JAN-2013,3,Good
RM,Red-breasted Merganser,6030,FEB-2013,1,Good
RM,Red-breasted Merganser,6030,OCT-2013,0,Good
RM,Red-breasted Merganser,6030,DEC-2013,0,Good
RM,Red-breasted Merganser,6030,JAN-2014,0,Good
RM,Red-breasted Merganser,6030,FEB-2014,4,Good
RM,Red-breasted Merganser,6030,OCT-2014,0,Good
RM,Red-breasted Merganser,6030,DEC-2014,0,Good
RM,Red-breasted Merganser,6030,JAN-2015,0,Good
RM,Red-breasted Merganser,6030,FEB-2015,0,Good
RM,Red-breasted Merganser,6030,OCT-2015,0,Good
RM,Red-breasted Merganser,6030,DEC-2015,0,Good
RM,Red-breasted Merganser,6030,JAN-2016,0,Good
RM,Red-breasted Merganser,6030,OCT-2016,0,Good
RM,Red-breasted Merganser,6030,DEC-2016,0,Good
RM,Red-breasted Merganser,6030,JAN-2017,0,Good
RM,Red-breasted Merganser,6030,FEB-2017,0,Good
RM,Red-breasted Merganser,6030,OCT-2017,0,Good
RM,Red-breasted Merganser,6030,DEC-2017,0,Good
RM,Red-breasted Merganser,6030,JAN-2018,3,Good
RM,Red-breasted Merganser,6030,FEB-2018,2,Good
RM,Red-breasted Merganser,6030,OCT-2018,0,Good
RM,Red-breasted Merganser,6030,DEC-2018,0,Good
RM,Red-breasted Merganser,6030,JAN-2019,0,Good
RM,Red-breasted Merganser,6030,FEB-2019,0,Good
RH,Red-throated Diver,16760,OCT-2002,1,Good
RH,Red-throated Diver,16760,DEC-2002,3,Good
RH,Red-throated Diver,16760,JAN-2003,5,Good
RH,Red-throated Diver,16760,FEB-2003,7,Good
RH,Red-throated Diver,16760,OCT-2003,2,Good
RH,Red-throated Diver,16760,DEC-2003,0,Good
RH,Red-throated Diver,16760,JAN-2004,3,Good
RH,Red-throated Diver,16760,FEB-2004,0,Good
RH,Red-throated Diver,16760,OCT-2004,0,Good
RH,Red-throated Diver,16760,DEC-2004,0,Good
RH,Red-throated Diver,16760,JAN-2005,0,Good
RH,Red-throated Diver,16760,FEB-2005,0,Good
RH,Red-throated Diver,16760,OCT-2005,1,Good
RH,Red-throated Diver,16760,DEC-2005,0,Good
RH,Red-throated Diver,16760,JAN-2006,0,Good
RH,Red-throated Diver,16760,FEB-2006,2,Good
RH,Red-throated Diver,16760,OCT-2006,1,Good
RH,Red-throated Diver,16760,DEC-2006,0,Good
RH,Red-throated Diver,16760,JAN-2007,0,Good
RH,Red-throated Diver,16760,FEB-2007,1,Good
RH,Red-throated Diver,16760,OCT-2007,2,Good
RH,Red-throated Diver,16760,DEC-2007,0,Poor
RH,Red-throated Diver,16760,JAN-2008,2,Good
RH,Red-throated Diver,16760,FEB-2008,2,Good
RH,Red-throated Diver,16760,OCT-2008,0,Poor
RH,Red-throated Diver,16760,DEC-2008,0,Good
RH,Red-throated Diver,16760,JAN-2009,0,Good
RH,Red-throated Diver,16760,FEB-2009,0,Good
RH,Red-throated Diver,16760,OCT-2009,0,Good
RH,Red-throated Diver,16760,DEC-2009,0,Good
RH,Red-throated Diver,16760,JAN-2010,0,Good
RH,Red-throated Diver,16760,FEB-2010,1,Good
RH,Red-throated Diver,16760,OCT-2010,0,Good
RH,Red-throated Diver,16760,DEC-2010,0,Good
RH,Red-throated Diver,16760,JAN-2011,0,Good
RH,Red-throated Diver,16760,FEB-2011,0,Good
RH,Red-throated Diver,16760,OCT-2011,2,Good
RH,Red-throated Diver,16760,DEC-2011,0,Good
RH,Red-throated Diver,16760,JAN-2012,0,Good
RH,Red-throated Diver,16760,FEB-2012,0,Good
RH,Red-throated Diver,16760,OCT-2012,0,Good
RH,Red-throated Diver,16760,DEC-2012,0,Good
RH,Red-throated Diver,16760,JAN-2013,0,Good
RH,Red-throated Diver,16760,FEB-2013,0,Good
RH,Red-throated Diver,16760,OCT-2013,0,Good
RH,Red-throated Diver,16760,DEC-2013,0,Good
RH,Red-throated Diver,16760,JAN-2014,4,Good
RH,Red-throated Diver,16760,FEB-2014,1,Good
RH,Red-throated Diver,16760,OCT-2014,0,Good
RH,Red-throated Diver,16760,DEC-2014,0,Good
RH,Red-throated Diver,16760,JAN-2015,0,Good
RH,Red-throated Diver,16760,FEB-2015,0,Good
RH,Red-throated Diver,16760,OCT-2015,0,Good
RH,Red-throated Diver,16760,DEC-2015,0,Good
RH,Red-throated Diver,16760,JAN-2016,0,Good
RH,Red-throated Diver,16760,OCT-2016,1,Good
RH,Red-throated Diver,16760,DEC-2016,0,Good
RH,Red-throated Diver,16760,JAN-2017,0,Good
RH,Red-throated Diver,16760,FEB-2017,0,Good
RH,Red-throated Diver,16760,OCT-2017,0,Good
RH,Red-throated Diver,16760,DEC-2017,0,Good
RH,Red-throated Diver,16760,JAN-2018,0,Good
RH,Red-throated Diver,16760,FEB-2018,10,Good
RH,Red-throated Diver,16760,OCT-2018,1,Good
RH,Red-throated Diver,16760,DEC-2018,0,Good
RH,Red-throated Diver,16760,JAN-2019,1,Good
RH,Red-throated Diver,16760,FEB-2019,0,Good
BV,Black-throated Diver,16770,OCT-2002,0,Good
BV,Black-throated Diver,16770,DEC-2002,0,Good
BV,Black-throated Diver,16770,JAN-2003,0,Good
BV,Black-throated Diver,16770,FEB-2003,0,Good
BV,Black-throated Diver,16770,OCT-2003,0,Good
BV,Black-throated Diver,16770,DEC-2003,0,Good
BV,Black-throated Diver,16770,JAN-2004,0,Good
BV,Black-throated Diver,16770,FEB-2004,0,Good
BV,Black-throated Diver,16770,OCT-2004,0,Good
BV,Black-throated Diver,16770,DEC-2004,0,Good
BV,Black-throated Diver,16770,JAN-2005,0,Good
BV,Black-throated Diver,16770,FEB-2005,0,Good
BV,Black-throated Diver,16770,OCT-2005,0,Good
BV,Black-throated Diver,16770,DEC-2005,0,Good
BV,Black-throated Diver,16770,JAN-2006,0,Good
BV,Black-throated Diver,16770,FEB-2006,0,Good
BV,Black-throated Diver,16770,OCT-2006,0,Good
BV,Black-throated Diver,16770,DEC-2006,0,Good
BV,Black-throated Diver,16770,JAN-2007,0,Good
BV,Black-throated Diver,16770,FEB-2007,0,Good
BV,Black-throated Diver,16770,OCT-2007,0,Good
BV,Black-throated Diver,16770,DEC-2007,0,Poor
BV,Black-throated Diver,16770,JAN-2008,0,Good
BV,Black-throated Diver,16770,FEB-2008,0,Good
BV,Black-throated Diver,16770,OCT-2008,0,Poor
BV,Black-throated Diver,16770,DEC-2008,0,Good
BV,Black-throated Diver,16770,JAN-2009,0,Good
BV,Black-throated Diver,16770,FEB-2009,0,Good
BV,Black-throated Diver,16770,OCT-2009,0,Good
BV,Black-throated Diver,16770,DEC-2009,0,Good
BV,Black-throated Diver,16770,JAN-2010,0,Good
BV,Black-throated Diver,16770,FEB-2010,4,Good
BV,Black-throated Diver,16770,OCT-2010,1,Good
BV,Black-throated Diver,16770,DEC-2010,1,Good
BV,Black-throated Diver,16770,JAN-2011,0,Good
BV,Black-throated Diver,16770,FEB-2011,0,Good
BV,Black-throated Diver,16770,OCT-2011,0,Good
BV,Black-throated Diver,16770,DEC-2011,0,Good
BV,Black-throated Diver,16770,JAN-2012,1,Good
BV,Black-throated Diver,16770,FEB-2012,0,Good
BV,Black-throated Diver,16770,OCT-2012,0,Good
BV,Black-throated Diver,16770,DEC-2012,0,Good
BV,Black-throated Diver,16770,JAN-2013,0,Good
BV,Black-throated Diver,16770,FEB-2013,0,Good
BV,Black-throated Diver,16770,OCT-2013,0,Good
BV,Black-throated Diver,16770,DEC-2013,0,Good
BV,Black-throated Diver,16770,JAN-2014,0,Good
BV,Black-throated Diver,16770,FEB-2014,0,Good
BV,Black-throated Diver,16770,OCT-2014,0,Good
BV,Black-throated Diver,16770,DEC-2014,0,Good
BV,Black-throated Diver,16770,JAN-2015,0,Good
BV,Black-throated Diver,16770,FEB-2015,0,Good
BV,Black-throated Diver,16770,OCT-2015,0,Good
BV,Black-throated Diver,16770,DEC-2015,0,Good
BV,Black-throated Diver,16770,JAN-2016,0,Good
BV,Black-throated Diver,16770,OCT-2016,0,Good
BV,Black-throated Diver,16770,DEC-2016,0,Good
BV,Black-throated Diver,16770,JAN-2017,0,Good
BV,Black-throated Diver,16770,FEB-2017,0,Good
BV,Black-throated Diver,16770,OCT-2017,0,Good
BV,Black-throated Diver,16770,DEC-2017,0,Good
BV,Black-throated Diver,16770,JAN-2018,0,Good
BV,Black-throated Diver,16770,FEB-2018,0,Good
BV,Black-throated Diver,16770,OCT-2018,0,Good
BV,Black-throated Diver,16770,DEC-2018,0,Good
BV,Black-throated Diver,16770,JAN-2019,0,Good
BV,Black-throated Diver,16770,FEB-2019,0,Good
ND,Great Northern Diver,16810,OCT-2002,0,Good
ND,Great Northern Diver,16810,DEC-2002,0,Good
ND,Great Northern Diver,16810,JAN-2003,1,Good
ND,Great Northern Diver,16810,FEB-2003,0,Good
ND,Great Northern Diver,16810,OCT-2003,0,Good
ND,Great Northern Diver,16810,DEC-2003,0,Good
ND,Great Northern Diver,16810,JAN-2004,0,Good
ND,Great Northern Diver,16810,FEB-2004,0,Good
ND,Great Northern Diver,16810,OCT-2004,0,Good
ND,Great Northern Diver,16810,DEC-2004,0,Good
ND,Great Northern Diver,16810,JAN-2005,0,Good
ND,Great Northern Diver,16810,FEB-2005,0,Good
ND,Great Northern Diver,16810,OCT-2005,0,Good
ND,Great Northern Diver,16810,DEC-2005,0,Good
ND,Great Northern Diver,16810,JAN-2006,0,Good
ND,Great Northern Diver,16810,FEB-2006,0,Good
ND,Great Northern Diver,16810,OCT-2006,0,Good
ND,Great Northern Diver,16810,DEC-2006,0,Good
ND,Great Northern Diver,16810,JAN-2007,0,Good
ND,Great Northern Diver,16810,FEB-2007,0,Good
ND,Great Northern Diver,16810,OCT-2007,0,Good
ND,Great Northern Diver,16810,DEC-2007,0,Poor
ND,Great Northern Diver,16810,JAN-2008,0,Good
ND,Great Northern Diver,16810,FEB-2008,0,Good
ND,Great Northern Diver,16810,OCT-2008,0,Poor
ND,Great Northern Diver,16810,DEC-2008,0,Good
ND,Great Northern Diver,16810,JAN-2009,0,Good
ND,Great Northern Diver,16810,FEB-2009,0,Good
ND,Great Northern Diver,16810,OCT-2009,0,Good
ND,Great Northern Diver,16810,DEC-2009,0,Good
ND,Great Northern Diver,16810,JAN-2010,0,Good
ND,Great Northern Diver,16810,FEB-2010,0,Good
ND,Great Northern Diver,16810,OCT-2010,0,Good
ND,Great Northern Diver,16810,DEC-2010,0,Good
ND,Great Northern Diver,16810,JAN-2011,0,Good
ND,Great Northern Diver,16810,FEB-2011,0,Good
ND,Great Northern Diver,16810,OCT-2011,0,Good
ND,Great Northern Diver,16810,DEC-2011,0,Good
ND,Great Northern Diver,16810,JAN-2012,0,Good
ND,Great Northern Diver,16810,FEB-2012,0,Good
ND,Great Northern Diver,16810,OCT-2012,0,Good
ND,Great Northern Diver,16810,DEC-2012,0,Good
ND,Great Northern Diver,16810,JAN-2013,0,Good
ND,Great Northern Diver,16810,FEB-2013,0,Good
ND,Great Northern Diver,16810,OCT-2013,0,Good
ND,Great Northern Diver,16810,DEC-2013,0,Good
ND,Great Northern Diver,16810,JAN-2014,0,Good
ND,Great Northern Diver,16810,FEB-2014,0,Good
ND,Great Northern Diver,16810,OCT-2014,0,Good
ND,Great Northern Diver,16810,DEC-2014,0,Good
ND,Great Northern Diver,16810,JAN-2015,0,Good
ND,Great Northern Diver,16810,FEB-2015,0,Good
ND,Great Northern Diver,16810,OCT-2015,0,Good
ND,Great Northern Diver,16810,DEC-2015,0,Good
ND,Great Northern Diver,16810,JAN-2016,0,Good
ND,Great Northern Diver,16810,OCT-2016,0,Good
ND,Great Northern Diver,16810,DEC-2016,0,Good
ND,Great Northern Diver,16810,JAN-2017,0,Good
ND,Great Northern Diver,16810,FEB-2017,0,Good
ND,Great Northern Diver,16810,OCT-2017,0,Good
ND,Great Northern Diver,16810,DEC-2017,0,Good
ND,Great Northern Diver,16810,JAN-2018,0,Good
ND,Great Northern Diver,16810,FEB-2018,0,Good
ND,Great Northern Diver,16810,OCT-2018,0,Good
ND,Great Northern Diver,16810,DEC-2018,0,Good
ND,Great Northern Diver,16810,JAN-2019,0,Good
ND,Great Northern Diver,16810,FEB-2019,0,Good
SZ,Slavonian Grebe,20350,OCT-2002,0,Good
SZ,Slavonian Grebe,20350,DEC-2002,0,Good
SZ,Slavonian Grebe,20350,JAN-2003,1,Good
SZ,Slavonian Grebe,20350,FEB-2003,0,Good
SZ,Slavonian Grebe,20350,OCT-2003,0,Good
SZ,Slavonian Grebe,20350,DEC-2003,0,Good
SZ,Slavonian Grebe,20350,JAN-2004,0,Good
SZ,Slavonian Grebe,20350,FEB-2004,0,Good
SZ,Slavonian Grebe,20350,OCT-2004,0,Good
SZ,Slavonian Grebe,20350,DEC-2004,0,Good
SZ,Slavonian Grebe,20350,JAN-2005,0,Good
SZ,Slavonian Grebe,20350,FEB-2005,0,Good
SZ,Slavonian Grebe,20350,OCT-2005,0,Good
SZ,Slavonian Grebe,20350,DEC-2005,0,Good
SZ,Slavonian Grebe,20350,JAN-2006,0,Good
SZ,Slavonian Grebe,20350,FEB-2006,0,Good
SZ,Slavonian Grebe,20350,OCT-2006,0,Good
SZ,Slavonian Grebe,20350,DEC-2006,0,Good
SZ,Slavonian Grebe,20350,JAN-2007,1,Good
SZ,Slavonian Grebe,20350,FEB-2007,0,Good
SZ,Slavonian Grebe,20350,OCT-2007,0,Good
SZ,Slavonian Grebe,20350,DEC-2007,0,Poor
SZ,Slavonian Grebe,20350,JAN-2008,0,Good
SZ,Slavonian Grebe,20350,FEB-2008,0,Good
SZ,Slavonian Grebe,20350,OCT-2008,0,Poor
SZ,Slavonian Grebe,20350,DEC-2008,0,Good
SZ,Slavonian Grebe,20350,JAN-2009,0,Good
SZ,Slavonian Grebe,20350,FEB-2009,0,Good
SZ,Slavonian Grebe,20350,OCT-2009,0,Good
SZ,Slavonian Grebe,20350,DEC-2009,0,Good
SZ,Slavonian Grebe,20350,JAN-2010,0,Good
SZ,Slavonian Grebe,20350,FEB-2010,0,Good
SZ,Slavonian Grebe,20350,OCT-2010,0,Good
SZ,Slavonian Grebe,20350,DEC-2010,0,Good
SZ,Slavonian Grebe,20350,JAN-2011,0,Good
SZ,Slavonian Grebe,20350,FEB-2011,0,Good
SZ,Slavonian Grebe,20350,OCT-2011,0,Good
SZ,Slavonian Grebe,20350,DEC-2011,0,Good
SZ,Slavonian Grebe,20350,JAN-2012,1,Good
SZ,Slavonian Grebe,20350,FEB-2012,0,Good
SZ,Slavonian Grebe,20350,OCT-2012,0,Good
SZ,Slavonian Grebe,20350,DEC-2012,0,Good
SZ,Slavonian Grebe,20350,JAN-2013,0,Good
SZ,Slavonian Grebe,20350,FEB-2013,0,Good
SZ,Slavonian Grebe,20350,OCT-2013,0,Good
SZ,Slavonian Grebe,20350,DEC-2013,0,Good
SZ,Slavonian Grebe,20350,JAN-2014,0,Good
SZ,Slavonian Grebe,20350,FEB-2014,0,Good
SZ,Slavonian Grebe,20350,OCT-2014,0,Good
SZ,Slavonian Grebe,20350,DEC-2014,0,Good
SZ,Slavonian Grebe,20350,JAN-2015,0,Good
SZ,Slavonian Grebe,20350,FEB-2015,0,Good
SZ,Slavonian Grebe,20350,OCT-2015,0,Good
SZ,Slavonian Grebe,20350,DEC-2015,0,Good
SZ,Slavonian Grebe,20350,JAN-2016,0,Good
SZ,Slavonian Grebe,20350,OCT-2016,0,Good
SZ,Slavonian Grebe,20350,DEC-2016,0,Good
SZ,Slavonian Grebe,20350,JAN-2017,0,Good
SZ,Slavonian Grebe,20350,FEB-2017,0,Good
SZ,Slavonian Grebe,20350,OCT-2017,0,Good
SZ,Slavonian Grebe,20350,DEC-2017,0,Good
SZ,Slavonian Grebe,20350,JAN-2018,0,Good
SZ,Slavonian Grebe,20350,FEB-2018,0,Good
SZ,Slavonian Grebe,20350,OCT-2018,0,Good
SZ,Slavonian Grebe,20350,DEC-2018,0,Good
SZ,Slavonian Grebe,20350,JAN-2019,0,Good
SZ,Slavonian Grebe,20350,FEB-2019,0,Good
H.,Grey Heron,23270,OCT-2002,4,Good
H.,Grey Heron,23270,DEC-2002,3,Good
H.,Grey Heron,23270,JAN-2003,2,Good
H.,Grey Heron,23270,FEB-2003,0,Good
H.,Grey Heron,23270,OCT-2003,1,Good
H.,Grey Heron,23270,DEC-2003,1,Good
H.,Grey Heron,23270,JAN-2004,0,Good
H.,Grey Heron,23270,FEB-2004,0,Good
H.,Grey Heron,23270,OCT-2004,1,Good
H.,Grey Heron,23270,DEC-2004,2,Good
H.,Grey Heron,23270,JAN-2005,0,Good
H.,Grey Heron,23270,FEB-2005,0,Good
H.,Grey Heron,23270,OCT-2005,0,Good
H.,Grey Heron,23270,DEC-2005,0,Good
H.,Grey Heron,23270,JAN-2006,0,Good
H.,Grey Heron,23270,FEB-2006,3,Good
H.,Grey Heron,23270,OCT-2006,2,Good
H.,Grey Heron,23270,DEC-2006,0,Good
H.,Grey Heron,23270,JAN-2007,0,Good
H.,Grey Heron,23270,FEB-2007,1,Good
H.,Grey Heron,23270,OCT-2007,3,Good
H.,Grey Heron,23270,DEC-2007,0,Poor
H.,Grey Heron,23270,JAN-2008,3,Good
H.,Grey Heron,23270,FEB-2008,0,Good
H.,Grey Heron,23270,OCT-2008,3,Poor
H.,Grey Heron,23270,DEC-2008,0,Good
H.,Grey Heron,23270,JAN-2009,0,Good
H.,Grey Heron,23270,FEB-2009,0,Good
H.,Grey Heron,23270,OCT-2009,2,Good
H.,Grey Heron,23270,DEC-2009,2,Good
H.,Grey Heron,23270,JAN-2010,0,Good
H.,Grey Heron,23270,FEB-2010,2,Good
H.,Grey Heron,23270,OCT-2010,1,Good
H.,Grey Heron,23270,DEC-2010,0,Good
H.,Grey Heron,23270,JAN-2011,1,Good
H.,Grey Heron,23270,FEB-2011,1,Good
H.,Grey Heron,23270,OCT-2011,1,Good
H.,Grey Heron,23270,DEC-2011,0,Good
H.,Grey Heron,23270,JAN-2012,0,Good
H.,Grey Heron,23270,FEB-2012,0,Good
H.,Grey Heron,23270,OCT-2012,1,Good
H.,Grey Heron,23270,DEC-2012,1,Good
H.,Grey Heron,23270,JAN-2013,1,Good
H.,Grey Heron,23270,FEB-2013,1,Good
H.,Grey Heron,23270,OCT-2013,2,Good
H.,Grey Heron,23270,DEC-2013,0,Good
H.,Grey Heron,23270,JAN-2014,0,Good
H.,Grey Heron,23270,FEB-2014,0,Good
H.,Grey Heron,23270,OCT-2014,2,Good
H.,Grey Heron,23270,DEC-2014,2,Good
H.,Grey Heron,23270,JAN-2015,0,Good
H.,Grey Heron,23270,FEB-2015,1,Good
H.,Grey Heron,23270,OCT-2015,3,Good
H.,Grey Heron,23270,DEC-2015,2,Good
H.,Grey Heron,23270,JAN-2016,3,Good
H.,Grey Heron,23270,OCT-2016,2,Good
H.,Grey Heron,23270,DEC-2016,1,Good
H.,Grey Heron,23270,JAN-2017,2,Good
H.,Grey Heron,23270,FEB-2017,0,Good
H.,Grey Heron,23270,OCT-2017,2,Good
H.,Grey Heron,23270,DEC-2017,1,Good
H.,Grey Heron,23270,JAN-2018,2,Good
H.,Grey Heron,23270,FEB-2018,1,Good
H.,Grey Heron,23270,OCT-2018,2,Good
H.,Grey Heron,23270,DEC-2018,0,Good
H.,Grey Heron,23270,JAN-2019,4,Good
H.,Grey Heron,23270,FEB-2019,2,Good
SA,Shag,24940,OCT-2002,0,Good
SA,Shag,24940,DEC-2002,36,Good
SA,Shag,24940,JAN-2003,13,Good
SA,Shag,24940,FEB-2003,14,Good
SA,Shag,24940,OCT-2003,0,Good
SA,Shag,24940,DEC-2003,0,Good
SA,Shag,24940,JAN-2004,13,Good
SA,Shag,24940,FEB-2004,0,Good
SA,Shag,24940,OCT-2004,7,Good
SA,Shag,24940,DEC-2004,0,Good
SA,Shag,24940,JAN-2005,0,Good
SA,Shag,24940,FEB-2005,0,Good
SA,Shag,24940,OCT-2005,0,Good
SA,Shag,24940,DEC-2005,1,Good
SA,Shag,24940,JAN-2006,2,Good
SA,Shag,24940,FEB-2006,5,Good
SA,Shag,24940,OCT-2006,5,Good
SA,Shag,24940,DEC-2006,10,Good
SA,Shag,24940,JAN-2007,2,Good
SA,Shag,24940,FEB-2007,28,Good
SA,Shag,24940,OCT-2007,18,Good
SA,Shag,24940,DEC-2007,0,Poor
SA,Shag,24940,JAN-2008,0,Good
SA,Shag,24940,FEB-2008,6,Good
SA,Shag,24940,OCT-2008,2,Poor
SA,Shag,24940,DEC-2008,0,Good
SA,Shag,24940,JAN-2009,0,Good
SA,Shag,24940,FEB-2009,2,Good
SA,Shag,24940,OCT-2009,0,Good
SA,Shag,24940,DEC-2009,0,Good
SA,Shag,24940,JAN-2010,0,Good
SA,Shag,24940,FEB-2010,0,Good
SA,Shag,24940,OCT-2010,0,Good
SA,Shag,24940,DEC-2010,0,Good
SA,Shag,24940,JAN-2011,0,Good
SA,Shag,24940,FEB-2011,0,Good
SA,Shag,24940,OCT-2011,0,Good
SA,Shag,24940,DEC-2011,0,Good
SA,Shag,24940,JAN-2012,0,Good
SA,Shag,24940,FEB-2012,0,Good
SA,Shag,24940,OCT-2012,0,Good
SA,Shag,24940,DEC-2012,0,Good
SA,Shag,24940,JAN-2013,0,Good
SA,Shag,24940,FEB-2013,0,Good
SA,Shag,24940,OCT-2013,0,Good
SA,Shag,24940,DEC-2013,0,Good
SA,Shag,24940,JAN-2014,17,Good
SA,Shag,24940,FEB-2014,6,Good
SA,Shag,24940,OCT-2014,0,Good
SA,Shag,24940,DEC-2014,5,Good
SA,Shag,24940,JAN-2015,19,Good
SA,Shag,24940,FEB-2015,0,Good
SA,Shag,24940,OCT-2015,3,Good
SA,Shag,24940,DEC-2015,0,Good
SA,Shag,24940,JAN-2016,0,Good
SA,Shag,24940,OCT-2016,16,Good
SA,Shag,24940,DEC-2016,53,Good
SA,Shag,24940,JAN-2017,0,Good
SA,Shag,24940,FEB-2017,38,Good
SA,Shag,24940,OCT-2017,11,Good
SA,Shag,24940,DEC-2017,85,Good
SA,Shag,24940,JAN-2018,23,Good
SA,Shag,24940,FEB-2018,0,Good
SA,Shag,24940,OCT-2018,8,Good
SA,Shag,24940,DEC-2018,26,Good
SA,Shag,24940,JAN-2019,39,Good
SA,Shag,24940,FEB-2019,27,Good
CA,Cormorant,25040,OCT-2002,32,Good
CA,Cormorant,25040,DEC-2002,1,Good
CA,Cormorant,25040,JAN-2003,2,Good
CA,Cormorant,25040,FEB-2003,0,Good
CA,Cormorant,25040,OCT-2003,16,Good
CA,Cormorant,25040,DEC-2003,19,Good
CA,Cormorant,25040,JAN-2004,28,Good
CA,Cormorant,25040,FEB-2004,40,Good
CA,Cormorant,25040,OCT-2004,19,Good
CA,Cormorant,25040,DEC-2004,24,Good
CA,Cormorant,25040,JAN-2005,26,Good
CA,Cormorant,25040,FEB-2005,17,Good
CA,Cormorant,25040,OCT-2005,5,Good
CA,Cormorant,25040,DEC-2005,10,Good
CA,Cormorant,25040,JAN-2006,17,Good
CA,Cormorant,25040,FEB-2006,5,Good
CA,Cormorant,25040,OCT-2006,8,Good
CA,Cormorant,25040,DEC-2006,6,Good
CA,Cormorant,25040,JAN-2007,14,Good
CA,Cormorant,25040,FEB-2007,5,Good
CA,Cormorant,25040,OCT-2007,22,Good
CA,Cormorant,25040,DEC-2007,10,Poor
CA,Cormorant,25040,JAN-2008,10,Good
CA,Cormorant,25040,FEB-2008,27,Good
CA,Cormorant,25040,OCT-2008,7,Poor
CA,Cormorant,25040,DEC-2008,18,Good
CA,Cormorant,25040,JAN-2009,43,Good
CA,Cormorant,25040,FEB-2009,8,Good
CA,Cormorant,25040,OCT-2009,20,Good
CA,Cormorant,25040,DEC-2009,30,Good
CA,Cormorant,25040,JAN-2010,26,Good
CA,Cormorant,25040,FEB-2010,12,Good
CA,Cormorant,25040,OCT-2010,31,Good
CA,Cormorant,25040,DEC-2010,34,Good
CA,Cormorant,25040,JAN-2011,17,Good
CA,Cormorant,25040,FEB-2011,52,Good
CA,Cormorant,25040,OCT-2011,72,Good
CA,Cormorant,25040,DEC-2011,64,Good
CA,Cormorant,25040,JAN-2012,45,Good
CA,Cormorant,25040,FEB-2012,35,Good
CA,Cormorant,25040,OCT-2012,47,Good
CA,Cormorant,25040,DEC-2012,40,Good
CA,Cormorant,25040,JAN-2013,15,Good
CA,Cormorant,25040,FEB-2013,14,Good
CA,Cormorant,25040,OCT-2013,18,Good
CA,Cormorant,25040,DEC-2013,29,Good
CA,Cormorant,25040,JAN-2014,3,Good
CA,Cormorant,25040,FEB-2014,11,Good
CA,Cormorant,25040,OCT-2014,8,Good
CA,Cormorant,25040,DEC-2014,8,Good
CA,Cormorant,25040,JAN-2015,9,Good
CA,Cormorant,25040,FEB-2015,36,Good
CA,Cormorant,25040,OCT-2015,17,Good
CA,Cormorant,25040,DEC-2015,45,Good
CA,Cormorant,25040,JAN-2016,24,Good
CA,Cormorant,25040,OCT-2016,0,Good
CA,Cormorant,25040,DEC-2016,5,Good
CA,Cormorant,25040,JAN-2017,5,Good
CA,Cormorant,25040,FEB-2017,0,Good
CA,Cormorant,25040,OCT-2017,7,Good
CA,Cormorant,25040,DEC-2017,2,Good
CA,Cormorant,25040,JAN-2018,45,Good
CA,Cormorant,25040,FEB-2018,87,Good
CA,Cormorant,25040,OCT-2018,11,Good
CA,Cormorant,25040,DEC-2018,2,Good
CA,Cormorant,25040,JAN-2019,0,Good
CA,Cormorant,25040,FEB-2019,4,Good
OC,Oystercatcher,39840,OCT-2002,13,Good
OC,Oystercatcher,39840,DEC-2002,65,Good
OC,Oystercatcher,39840,JAN-2003,28,Good
OC,Oystercatcher,39840,FEB-2003,29,Good
OC,Oystercatcher,39840,OCT-2003,17,Good
OC,Oystercatcher,39840,DEC-2003,19,Good
OC,Oystercatcher,39840,JAN-2004,49,Good
OC,Oystercatcher,39840,FEB-2004,60,Good
OC,Oystercatcher,39840,OCT-2004,20,Good
OC,Oystercatcher,39840,DEC-2004,29,Good
OC,Oystercatcher,39840,JAN-2005,32,Good
OC,Oystercatcher,39840,FEB-2005,24,Good
OC,Oystercatcher,39840,OCT-2005,6,Good
OC,Oystercatcher,39840,DEC-2005,28,Good
OC,Oystercatcher,39840,JAN-2006,30,Good
OC,Oystercatcher,39840,FEB-2006,50,Good
OC,Oystercatcher,39840,OCT-2006,14,Good
OC,Oystercatcher,39840,DEC-2006,34,Good
OC,Oystercatcher,39840,JAN-2007,27,Good
OC,Oystercatcher,39840,FEB-2007,54,Good
OC,Oystercatcher,39840,OCT-2007,19,Good
OC,Oystercatcher,39840,DEC-2007,44,Poor
OC,Oystercatcher,39840,JAN-2008,50,Good
OC,Oystercatcher,39840,FEB-2008,37,Good
OC,Oystercatcher,39840,OCT-2008,27,Poor
OC,Oystercatcher,39840,DEC-2008,44,Good
OC,Oystercatcher,39840,JAN-2009,20,Good
OC,Oystercatcher,39840,FEB-2009,53,Good
OC,Oystercatcher,39840,OCT-2009,33,Good
OC,Oystercatcher,39840,DEC-2009,72,Good
OC,Oystercatcher,39840,JAN-2010,25,Good
OC,Oystercatcher,39840,FEB-2010,36,Good
OC,Oystercatcher,39840,OCT-2010,34,Good
OC,Oystercatcher,39840,DEC-2010,38,Good
OC,Oystercatcher,39840,JAN-2011,54,Good
OC,Oystercatcher,39840,FEB-2011,40,Good
OC,Oystercatcher,39840,OCT-2011,38,Good
OC,Oystercatcher,39840,DEC-2011,29,Good
OC,Oystercatcher,39840,JAN-2012,42,Good
OC,Oystercatcher,39840,FEB-2012,38,Good
OC,Oystercatcher,39840,OCT-2012,29,Good
OC,Oystercatcher,39840,DEC-2012,45,Good
OC,Oystercatcher,39840,JAN-2013,30,Good
OC,Oystercatcher,39840,FEB-2013,42,Good
OC,Oystercatcher,39840,OCT-2013,51,Good
OC,Oystercatcher,39840,DEC-2013,28,Good
OC,Oystercatcher,39840,JAN-2014,68,Good
OC,Oystercatcher,39840,FEB-2014,44,Good
OC,Oystercatcher,39840,OCT-2014,52,Good
OC,Oystercatcher,39840,DEC-2014,31,Good
OC,Oystercatcher,39840,JAN-2015,38,Good
OC,Oystercatcher,39840,FEB-2015,38,Good
OC,Oystercatcher,39840,OCT-2015,33,Good
OC,Oystercatcher,39840,DEC-2015,31,Good
OC,Oystercatcher,39840,JAN-2016,14,Good
OC,Oystercatcher,39840,OCT-2016,31,Good
OC,Oystercatcher,39840,DEC-2016,23,Good
OC,Oystercatcher,39840,JAN-2017,49,Good
OC,Oystercatcher,39840,FEB-2017,26,Good
OC,Oystercatcher,39840,OCT-2017,25,Good
OC,Oystercatcher,39840,DEC-2017,14,Good
OC,Oystercatcher,39840,JAN-2018,11,Good
OC,Oystercatcher,39840,FEB-2018,20,Good
OC,Oystercatcher,39840,OCT-2018,44,Good
OC,Oystercatcher,39840,DEC-2018,31,Good
OC,Oystercatcher,39840,JAN-2019,38,Good
OC,Oystercatcher,39840,FEB-2019,73,Good
L.,Lapwing,40200,OCT-2002,0,Good
L.,Lapwing,40200,DEC-2002,30,Good
L.,Lapwing,40200,JAN-2003,0,Good
L.,Lapwing,40200,FEB-2003,1,Good
L.,Lapwing,40200,OCT-2003,90,Good
L.,Lapwing,40200,DEC-2003,89,Good
L.,Lapwing,40200,JAN-2004,0,Good
L.,Lapwing,40200,FEB-2004,30,Good
L.,Lapwing,40200,OCT-2004,0,Good
L.,Lapwing,40200,DEC-2004,80,Good
L.,Lapwing,40200,JAN-2005,100,Good
L.,Lapwing,40200,FEB-2005,0,Good
L.,Lapwing,40200,OCT-2005,0,Good
L.,Lapwing,40200,DEC-2005,0,Good
L.,Lapwing,40200,JAN-2006,60,Good
L.,Lapwing,40200,FEB-2006,45,Good
L.,Lapwing,40200,OCT-2006,43,Good
L.,Lapwing,40200,DEC-2006,45,Good
L.,Lapwing,40200,JAN-2007,0,Good
L.,Lapwing,40200,FEB-2007,90,Good
L.,Lapwing,40200,OCT-2007,0,Good
L.,Lapwing,40200,DEC-2007,0,Poor
L.,Lapwing,40200,JAN-2008,0,Good
L.,Lapwing,40200,FEB-2008,36,Good
L.,Lapwing,40200,OCT-2008,0,Poor
L.,Lapwing,40200,DEC-2008,11,Good
L.,Lapwing,40200,JAN-2009,0,Good
L.,Lapwing,40200,FEB-2009,0,Good
L.,Lapwing,40200,OCT-2009,0,Good
L.,Lapwing,40200,DEC-2009,82,Good
L.,Lapwing,40200,JAN-2010,0,Good
L.,Lapwing,40200,FEB-2010,0,Good
L.,Lapwing,40200,OCT-2010,0,Good
L.,Lapwing,40200,DEC-2010,34,Good
L.,Lapwing,40200,JAN-2011,2,Good
L.,Lapwing,40200,FEB-2011,0,Good
L.,Lapwing,40200,OCT-2011,30,Good
L.,Lapwing,40200,DEC-2011,0,Good
L.,Lapwing,40200,JAN-2012,10,Good
L.,Lapwing,40200,FEB-2012,0,Good
L.,Lapwing,40200,OCT-2012,0,Good
L.,Lapwing,40200,DEC-2012,80,Good
L.,Lapwing,40200,JAN-2013,0,Good
L.,Lapwing,40200,FEB-2013,0,Good
L.,Lapwing,40200,OCT-2013,0,Good
L.,Lapwing,40200,DEC-2013,41,Good
L.,Lapwing,40200,JAN-2014,0,Good
L.,Lapwing,40200,FEB-2014,0,Good
L.,Lapwing,40200,OCT-2014,3,Good
L.,Lapwing,40200,DEC-2014,97,Good
L.,Lapwing,40200,JAN-2015,73,Good
L.,Lapwing,40200,FEB-2015,49,Good
L.,Lapwing,40200,OCT-2015,41,Good
L.,Lapwing,40200,DEC-2015,13,Good
L.,Lapwing,40200,JAN-2016,56,Good
L.,Lapwing,40200,OCT-2016,0,Good
L.,Lapwing,40200,DEC-2016,70,Good
L.,Lapwing,40200,JAN-2017,0,Good
L.,Lapwing,40200,FEB-2017,2,Good
L.,Lapwing,40200,OCT-2017,84,Good
L.,Lapwing,40200,DEC-2017,48,Good
L.,Lapwing,40200,JAN-2018,14,Good
L.,Lapwing,40200,FEB-2018,27,Good
L.,Lapwing,40200,OCT-2018,50,Good
L.,Lapwing,40200,DEC-2018,0,Good
L.,Lapwing,40200,JAN-2019,18,Good
L.,Lapwing,40200,FEB-2019,16,Good
GP,Golden Plover,40710,OCT-2002,0,Good
GP,Golden Plover,40710,DEC-2002,0,Good
GP,Golden Plover,40710,JAN-2003,0,Good
GP,Golden Plover,40710,FEB-2003,0,Good
GP,Golden Plover,40710,OCT-2003,0,Good
GP,Golden Plover,40710,DEC-2003,0,Good
GP,Golden Plover,40710,JAN-2004,0,Good
GP,Golden Plover,40710,FEB-2004,80,Good
GP,Golden Plover,40710,OCT-2004,0,Good
GP,Golden Plover,40710,DEC-2004,0,Good
GP,Golden Plover,40710,JAN-2005,0,Good
GP,Golden Plover,40710,FEB-2005,0,Good
GP,Golden Plover,40710,OCT-2005,0,Good
GP,Golden Plover,40710,DEC-2005,0,Good
GP,Golden Plover,40710,JAN-2006,0,Good
GP,Golden Plover,40710,FEB-2006,100,Good
GP,Golden Plover,40710,OCT-2006,0,Good
GP,Golden Plover,40710,DEC-2006,0,Good
GP,Golden Plover,40710,JAN-2007,0,Good
GP,Golden Plover,40710,FEB-2007,0,Good
GP,Golden Plover,40710,OCT-2007,0,Good
GP,Golden Plover,40710,DEC-2007,0,Poor
GP,Golden Plover,40710,JAN-2008,0,Good
GP,Golden Plover,40710,FEB-2008,0,Good
GP,Golden Plover,40710,OCT-2008,0,Poor
GP,Golden Plover,40710,DEC-2008,0,Good
GP,Golden Plover,40710,JAN-2009,0,Good
GP,Golden Plover,40710,FEB-2009,0,Good
GP,Golden Plover,40710,OCT-2009,0,Good
GP,Golden Plover,40710,DEC-2009,0,Good
GP,Golden Plover,40710,JAN-2010,0,Good
GP,Golden Plover,40710,FEB-2010,0,Good
GP,Golden Plover,40710,OCT-2010,0,Good
GP,Golden Plover,40710,DEC-2010,2,Good
GP,Golden Plover,40710,JAN-2011,0,Good
GP,Golden Plover,40710,FEB-2011,0,Good
GP,Golden Plover,40710,OCT-2011,0,Good
GP,Golden Plover,40710,DEC-2011,0,Good
GP,Golden Plover,40710,JAN-2012,0,Good
GP,Golden Plover,40710,FEB-2012,0,Good
GP,Golden Plover,40710,OCT-2012,0,Good
GP,Golden Plover,40710,DEC-2012,0,Good
GP,Golden Plover,40710,JAN-2013,0,Good
GP,Golden Plover,40710,FEB-2013,0,Good
GP,Golden Plover,40710,OCT-2013,0,Good
GP,Golden Plover,40710,DEC-2013,0,Good
GP,Golden Plover,40710,JAN-2014,0,Good
GP,Golden Plover,40710,FEB-2014,0,Good
GP,Golden Plover,40710,OCT-2014,0,Good
GP,Golden Plover,40710,DEC-2014,0,Good
GP,Golden Plover,40710,JAN-2015,0,Good
GP,Golden Plover,40710,FEB-2015,0,Good
GP,Golden Plover,40710,OCT-2015,0,Good
GP,Golden Plover,40710,DEC-2015,0,Good
GP,Golden Plover,40710,JAN-2016,0,Good
GP,Golden Plover,40710,OCT-2016,0,Good
GP,Golden Plover,40710,DEC-2016,0,Good
GP,Golden Plover,40710,JAN-2017,0,Good
GP,Golden Plover,40710,FEB-2017,0,Good
GP,Golden Plover,40710,OCT-2017,0,Good
GP,Golden Plover,40710,DEC-2017,0,Good
GP,Golden Plover,40710,JAN-2018,0,Good
GP,Golden Plover,40710,FEB-2018,0,Good
GP,Golden Plover,40710,OCT-2018,34,Good
GP,Golden Plover,40710,DEC-2018,0,Good
GP,Golden Plover,40710,JAN-2019,0,Good
GP,Golden Plover,40710,FEB-2019,0,Good
RP,Ringed Plover,40830,OCT-2002,0,Good
RP,Ringed Plover,40830,DEC-2002,0,Good
RP,Ringed Plover,40830,JAN-2003,0,Good
RP,Ringed Plover,40830,FEB-2003,0,Good
RP,Ringed Plover,40830,OCT-2003,0,Good
RP,Ringed Plover,40830,DEC-2003,2,Good
RP,Ringed Plover,40830,JAN-2004,0,Good
RP,Ringed Plover,40830,FEB-2004,0,Good
RP,Ringed Plover,40830,OCT-2004,10,Good
RP,Ringed Plover,40830,DEC-2004,5,Good
RP,Ringed Plover,40830,JAN-2005,0,Good
RP,Ringed Plover,40830,FEB-2005,0,Good
RP,Ringed Plover,40830,OCT-2005,0,Good
RP,Ringed Plover,40830,DEC-2005,70,Good
RP,Ringed Plover,40830,JAN-2006,3,Good
RP,Ringed Plover,40830,FEB-2006,0,Good
RP,Ringed Plover,40830,OCT-2006,6,Good
RP,Ringed Plover,40830,DEC-2006,0,Good
RP,Ringed Plover,40830,JAN-2007,0,Good
RP,Ringed Plover,40830,FEB-2007,0,Good
RP,Ringed Plover,40830,OCT-2007,0,Good
RP,Ringed Plover,40830,DEC-2007,12,Poor
RP,Ringed Plover,40830,JAN-2008,5,Good
RP,Ringed Plover,40830,FEB-2008,0,Good
RP,Ringed Plover,40830,OCT-2008,0,Poor
RP,Ringed Plover,40830,DEC-2008,24,Good
RP,Ringed Plover,40830,JAN-2009,2,Good
RP,Ringed Plover,40830,FEB-2009,8,Good
RP,Ringed Plover,40830,OCT-2009,0,Good
RP,Ringed Plover,40830,DEC-2009,5,Good
RP,Ringed Plover,40830,JAN-2010,8,Good
RP,Ringed Plover,40830,FEB-2010,7,Good
RP,Ringed Plover,40830,OCT-2010,16,Good
RP,Ringed Plover,40830,DEC-2010,5,Good
RP,Ringed Plover,40830,JAN-2011,12,Good
RP,Ringed Plover,40830,FEB-2011,6,Good
RP,Ringed Plover,40830,OCT-2011,5,Good
RP,Ringed Plover,40830,DEC-2011,29,Good
RP,Ringed Plover,40830,JAN-2012,10,Good
RP,Ringed Plover,40830,FEB-2012,0,Good
RP,Ringed Plover,40830,OCT-2012,2,Good
RP,Ringed Plover,40830,DEC-2012,15,Good
RP,Ringed Plover,40830,JAN-2013,18,Good
RP,Ringed Plover,40830,FEB-2013,8,Good
RP,Ringed Plover,40830,OCT-2013,0,Good
RP,Ringed Plover,40830,DEC-2013,0,Good
RP,Ringed Plover,40830,JAN-2014,0,Good
RP,Ringed Plover,40830,FEB-2014,0,Good
RP,Ringed Plover,40830,OCT-2014,0,Good
RP,Ringed Plover,40830,DEC-2014,0,Good
RP,Ringed Plover,40830,JAN-2015,0,Good
RP,Ringed Plover,40830,FEB-2015,0,Good
RP,Ringed Plover,40830,OCT-2015,0,Good
RP,Ringed Plover,40830,DEC-2015,1,Good
RP,Ringed Plover,40830,JAN-2016,0,Good
RP,Ringed Plover,40830,OCT-2016,0,Good
RP,Ringed Plover,40830,DEC-2016,0,Good
RP,Ringed Plover,40830,JAN-2017,0,Good
RP,Ringed Plover,40830,FEB-2017,0,Good
RP,Ringed Plover,40830,OCT-2017,0,Good
RP,Ringed Plover,40830,DEC-2017,0,Good
RP,Ringed Plover,40830,JAN-2018,0,Good
RP,Ringed Plover,40830,FEB-2018,0,Good
RP,Ringed Plover,40830,OCT-2018,0,Good
RP,Ringed Plover,40830,DEC-2018,0,Good
RP,Ringed Plover,40830,JAN-2019,0,Good
RP,Ringed Plover,40830,FEB-2019,0,Good
CU,Curlew,42320,OCT-2002,19,Good
CU,Curlew,42320,DEC-2002,67,Good
CU,Curlew,42320,JAN-2003,46,Good
CU,Curlew,42320,FEB-2003,35,Good
CU,Curlew,42320,OCT-2003,60,Good
CU,Curlew,42320,DEC-2003,39,Good
CU,Curlew,42320,JAN-2004,77,Good
CU,Curlew,42320,FEB-2004,60,Good
CU,Curlew,42320,OCT-2004,37,Good
CU,Curlew,42320,DEC-2004,40,Good
CU,Curlew,42320,JAN-2005,6,Good
CU,Curlew,42320,FEB-2005,0,Good
CU,Curlew,42320,OCT-2005,11,Good
CU,Curlew,42320,DEC-2005,59,Good
CU,Curlew,42320,JAN-2006,30,Good
CU,Curlew,42320,FEB-2006,18,Good
CU,Curlew,42320,OCT-2006,91,Good
CU,Curlew,42320,DEC-2006,98,Good
CU,Curlew,42320,JAN-2007,16,Good
CU,Curlew,42320,FEB-2007,67,Good
CU,Curlew,42320,OCT-2007,58,Good
CU,Curlew,42320,DEC-2007,71,Poor
CU,Curlew,42320,JAN-2008,0,Good
CU,Curlew,42320,FEB-2008,70,Good
CU,Curlew,42320,OCT-2008,6,Poor
CU,Curlew,42320,DEC-2008,28,Good
CU,Curlew,42320,JAN-2009,2,Good
CU,Curlew,42320,FEB-2009,41,Good
CU,Curlew,42320,OCT-2009,36,Good
CU,Curlew,42320,DEC-2009,60,Good
CU,Curlew,42320,JAN-2010,8,Good
CU,Curlew,42320,FEB-2010,5,Good
CU,Curlew,42320,OCT-2010,18,Good
CU,Curlew,42320,DEC-2010,24,Good
CU,Curlew,42320,JAN-2011,16,Good
CU,Curlew,42320,FEB-2011,6,Good
CU,Curlew,42320,OCT-2011,22,Good
CU,Curlew,42320,DEC-2011,0,Good
CU,Curlew,42320,JAN-2012,34,Good
CU,Curlew,42320,FEB-2012,34,Good
CU,Curlew,42320,OCT-2012,46,Good
CU,Curlew,42320,DEC-2012,10,Good
CU,Curlew,42320,JAN-2013,6,Good
CU,Curlew,42320,FEB-2013,68,Good
CU,Curlew,42320,OCT-2013,27,Good
CU,Curlew,42320,DEC-2013,34,Good
CU,Curlew,42320,JAN-2014,72,Good
CU,Curlew,42320,FEB-2014,47,Good
CU,Curlew,42320,OCT-2014,45,Good
CU,Curlew,42320,DEC-2014,2,Good
CU,Curlew,42320,JAN-2015,17,Good
CU,Curlew,42320,FEB-2015,62,Good
CU,Curlew,42320,OCT-2015,25,Good
CU,Curlew,42320,DEC-2015,24,Good
CU,Curlew,42320,JAN-2016,9,Good
CU,Curlew,42320,OCT-2016,50,Good
CU,Curlew,42320,DEC-2016,17,Good
CU,Curlew,42320,JAN-2017,19,Good
CU,Curlew,42320,FEB-2017,39,Good
CU,Curlew,42320,OCT-2017,44,Good
CU,Curlew,42320,DEC-2017,8,Good
CU,Curlew,42320,JAN-2018,16,Good
CU,Curlew,42320,FEB-2018,65,Good
CU,Curlew,42320,OCT-2018,41,Good
CU,Curlew,42320,DEC-2018,3,Good
CU,Curlew,42320,JAN-2019,41,Good
CU,Curlew,42320,FEB-2019,1,Good
TT,Turnstone,42510,OCT-2002,0,Good
TT,Turnstone,42510,DEC-2002,0,Good
TT,Turnstone,42510,JAN-2003,7,Good
TT,Turnstone,42510,FEB-2003,5,Good
TT,Turnstone,42510,OCT-2003,4,Good
TT,Turnstone,42510,DEC-2003,2,Good
TT,Turnstone,42510,JAN-2004,1,Good
TT,Turnstone,42510,FEB-2004,0,Good
TT,Turnstone,42510,OCT-2004,6,Good
TT,Turnstone,42510,DEC-2004,0,Good
TT,Turnstone,42510,JAN-2005,5,Good
TT,Turnstone,42510,FEB-2005,0,Good
TT,Turnstone,42510,OCT-2005,53,Good
TT,Turnstone,42510,DEC-2005,0,Good
TT,Turnstone,42510,JAN-2006,21,Good
TT,Turnstone,42510,FEB-2006,15,Good
TT,Turnstone,42510,OCT-2006,16,Good
TT,Turnstone,42510,DEC-2006,2,Good
TT,Turnstone,42510,JAN-2007,8,Good
TT,Turnstone,42510,FEB-2007,54,Good
TT,Turnstone,42510,OCT-2007,0,Good
TT,Turnstone,42510,DEC-2007,9,Poor
TT,Turnstone,42510,JAN-2008,11,Good
TT,Turnstone,42510,FEB-2008,5,Good
TT,Turnstone,42510,OCT-2008,0,Poor
TT,Turnstone,42510,DEC-2008,10,Good
TT,Turnstone,42510,JAN-2009,17,Good
TT,Turnstone,42510,FEB-2009,4,Good
TT,Turnstone,42510,OCT-2009,45,Good
TT,Turnstone,42510,DEC-2009,0,Good
TT,Turnstone,42510,JAN-2010,10,Good
TT,Turnstone,42510,FEB-2010,6,Good
TT,Turnstone,42510,OCT-2010,3,Good
TT,Turnstone,42510,DEC-2010,10,Good
TT,Turnstone,42510,JAN-2011,7,Good
TT,Turnstone,42510,FEB-2011,0,Good
TT,Turnstone,42510,OCT-2011,4,Good
TT,Turnstone,42510,DEC-2011,3,Good
TT,Turnstone,42510,JAN-2012,0,Good
TT,Turnstone,42510,FEB-2012,8,Good
TT,Turnstone,42510,OCT-2012,6,Good
TT,Turnstone,42510,DEC-2012,5,Good
TT,Turnstone,42510,JAN-2013,6,Good
TT,Turnstone,42510,FEB-2013,0,Good
TT,Turnstone,42510,OCT-2013,2,Good
TT,Turnstone,42510,DEC-2013,0,Good
TT,Turnstone,42510,JAN-2014,0,Good
TT,Turnstone,42510,FEB-2014,0,Good
TT,Turnstone,42510,OCT-2014,8,Good
TT,Turnstone,42510,DEC-2014,5,Good
TT,Turnstone,42510,JAN-2015,0,Good
TT,Turnstone,42510,FEB-2015,0,Good
TT,Turnstone,42510,OCT-2015,6,Good
TT,Turnstone,42510,DEC-2015,1,Good
TT,Turnstone,42510,JAN-2016,0,Good
TT,Turnstone,42510,OCT-2016,0,Good
TT,Turnstone,42510,DEC-2016,0,Good
TT,Turnstone,42510,JAN-2017,1,Good
TT,Turnstone,42510,FEB-2017,2,Good
TT,Turnstone,42510,OCT-2017,14,Good
TT,Turnstone,42510,DEC-2017,0,Good
TT,Turnstone,42510,JAN-2018,0,Good
TT,Turnstone,42510,FEB-2018,0,Good
TT,Turnstone,42510,OCT-2018,5,Good
TT,Turnstone,42510,DEC-2018,0,Good
TT,Turnstone,42510,JAN-2019,5,Good
TT,Turnstone,42510,FEB-2019,0,Good
KN,Knot,42620,OCT-2002,0,Good
KN,Knot,42620,DEC-2002,0,Good
KN,Knot,42620,JAN-2003,0,Good
KN,Knot,42620,FEB-2003,0,Good
KN,Knot,42620,OCT-2003,0,Good
KN,Knot,42620,DEC-2003,0,Good
KN,Knot,42620,JAN-2004,0,Good
KN,Knot,42620,FEB-2004,0,Good
KN,Knot,42620,OCT-2004,0,Good
KN,Knot,42620,DEC-2004,20,Good
KN,Knot,42620,JAN-2005,0,Good
KN,Knot,42620,FEB-2005,0,Good
KN,Knot,42620,OCT-2005,0,Good
KN,Knot,42620,DEC-2005,0,Good
KN,Knot,42620,JAN-2006,0,Good
KN,Knot,42620,FEB-2006,0,Good
KN,Knot,42620,OCT-2006,0,Good
KN,Knot,42620,DEC-2006,0,Good
KN,Knot,42620,JAN-2007,0,Good
KN,Knot,42620,FEB-2007,0,Good
KN,Knot,42620,OCT-2007,0,Good
KN,Knot,42620,DEC-2007,0,Poor
KN,Knot,42620,JAN-2008,0,Good
KN,Knot,42620,FEB-2008,0,Good
KN,Knot,42620,OCT-2008,0,Poor
KN,Knot,42620,DEC-2008,0,Good
KN,Knot,42620,JAN-2009,0,Good
KN,Knot,42620,FEB-2009,0,Good
KN,Knot,42620,OCT-2009,0,Good
KN,Knot,42620,DEC-2009,0,Good
KN,Knot,42620,JAN-2010,0,Good
KN,Knot,42620,FEB-2010,0,Good
KN,Knot,42620,OCT-2010,0,Good
KN,Knot,42620,DEC-2010,0,Good
KN,Knot,42620,JAN-2011,0,Good
KN,Knot,42620,FEB-2011,0,Good
KN,Knot,42620,OCT-2011,0,Good
KN,Knot,42620,DEC-2011,0,Good
KN,Knot,42620,JAN-2012,0,Good
KN,Knot,42620,FEB-2012,20,Good
KN,Knot,42620,OCT-2012,0,Good
KN,Knot,42620,DEC-2012,0,Good
KN,Knot,42620,JAN-2013,0,Good
KN,Knot,42620,FEB-2013,0,Good
KN,Knot,42620,OCT-2013,0,Good
KN,Knot,42620,DEC-2013,0,Good
KN,Knot,42620,JAN-2014,0,Good
KN,Knot,42620,FEB-2014,0,Good
KN,Knot,42620,OCT-2014,0,Good
KN,Knot,42620,DEC-2014,0,Good
KN,Knot,42620,JAN-2015,0,Good
KN,Knot,42620,FEB-2015,0,Good
KN,Knot,42620,OCT-2015,0,Good
KN,Knot,42620,DEC-2015,0,Good
KN,Knot,42620,JAN-2016,1,Good
KN,Knot,42620,OCT-2016,0,Good
KN,Knot,42620,DEC-2016,0,Good
KN,Knot,42620,JAN-2017,0,Good
KN,Knot,42620,FEB-2017,0,Good
KN,Knot,42620,OCT-2017,0,Good
KN,Knot,42620,DEC-2017,0,Good
KN,Knot,42620,JAN-2018,0,Good
KN,Knot,42620,FEB-2018,26,Good
KN,Knot,42620,OCT-2018,0,Good
KN,Knot,42620,DEC-2018,0,Good
KN,Knot,42620,JAN-2019,0,Good
KN,Knot,42620,FEB-2019,0,Good
SS,Sanderling,42810,OCT-2002,0,Good
SS,Sanderling,42810,DEC-2002,0,Good
SS,Sanderling,42810,JAN-2003,0,Good
SS,Sanderling,42810,FEB-2003,0,Good
SS,Sanderling,42810,OCT-2003,10,Good
SS,Sanderling,42810,DEC-2003,0,Good
SS,Sanderling,42810,JAN-2004,0,Good
SS,Sanderling,42810,FEB-2004,0,Good
SS,Sanderling,42810,OCT-2004,0,Good
SS,Sanderling,42810,DEC-2004,0,Good
SS,Sanderling,42810,JAN-2005,0,Good
SS,Sanderling,42810,FEB-2005,0,Good
SS,Sanderling,42810,OCT-2005,0,Good
SS,Sanderling,42810,DEC-2005,0,Good
SS,Sanderling,42810,JAN-2006,0,Good
SS,Sanderling,42810,FEB-2006,0,Good
SS,Sanderling,42810,OCT-2006,0,Good
SS,Sanderling,42810,DEC-2006,0,Good
SS,Sanderling,42810,JAN-2007,0,Good
SS,Sanderling,42810,FEB-2007,0,Good
SS,Sanderling,42810,OCT-2007,0,Good
SS,Sanderling,42810,DEC-2007,0,Poor
SS,Sanderling,42810,JAN-2008,0,Good
SS,Sanderling,42810,FEB-2008,0,Good
SS,Sanderling,42810,OCT-2008,0,Poor
SS,Sanderling,42810,DEC-2008,0,Good
SS,Sanderling,42810,JAN-2009,0,Good
SS,Sanderling,42810,FEB-2009,0,Good
SS,Sanderling,42810,OCT-2009,0,Good
SS,Sanderling,42810,DEC-2009,0,Good
SS,Sanderling,42810,JAN-2010,0,Good
SS,Sanderling,42810,FEB-2010,0,Good
SS,Sanderling,42810,OCT-2010,0,Good
SS,Sanderling,42810,DEC-2010,0,Good
SS,Sanderling,42810,JAN-2011,0,Good
SS,Sanderling,42810,FEB-2011,0,Good
SS,Sanderling,42810,OCT-2011,0,Good
SS,Sanderling,42810,DEC-2011,0,Good
SS,Sanderling,42810,JAN-2012,0,Good
SS,Sanderling,42810,FEB-2012,0,Good
SS,Sanderling,42810,OCT-2012,0,Good
SS,Sanderling,42810,DEC-2012,0,Good
SS,Sanderling,42810,JAN-2013,0,Good
SS,Sanderling,42810,FEB-2013,0,Good
SS,Sanderling,42810,OCT-2013,0,Good
SS,Sanderling,42810,DEC-2013,0,Good
SS,Sanderling,42810,JAN-2014,0,Good
SS,Sanderling,42810,FEB-2014,0,Good
SS,Sanderling,42810,OCT-2014,0,Good
SS,Sanderling,42810,DEC-2014,0,Good
SS,Sanderling,42810,JAN-2015,0,Good
SS,Sanderling,42810,FEB-2015,0,Good
SS,Sanderling,42810,OCT-2015,0,Good
SS,Sanderling,42810,DEC-2015,0,Good
SS,Sanderling,42810,JAN-2016,55,Good
SS,Sanderling,42810,OCT-2016,0,Good
SS,Sanderling,42810,DEC-2016,0,Good
SS,Sanderling,42810,JAN-2017,0,Good
SS,Sanderling,42810,FEB-2017,0,Good
SS,Sanderling,42810,OCT-2017,0,Good
SS,Sanderling,42810,DEC-2017,0,Good
SS,Sanderling,42810,JAN-2018,0,Good
SS,Sanderling,42810,FEB-2018,0,Good
SS,Sanderling,42810,OCT-2018,0,Good
SS,Sanderling,42810,DEC-2018,0,Good
SS,Sanderling,42810,JAN-2019,0,Good
SS,Sanderling,42810,FEB-2019,0,Good
DN,Dunlin,42840,OCT-2002,0,Good
DN,Dunlin,42840,DEC-2002,0,Good
DN,Dunlin,42840,JAN-2003,0,Good
DN,Dunlin,42840,FEB-2003,0,Good
DN,Dunlin,42840,OCT-2003,17,Good
DN,Dunlin,42840,DEC-2003,0,Good
DN,Dunlin,42840,JAN-2004,15,Good
DN,Dunlin,42840,FEB-2004,9,Good
DN,Dunlin,42840,OCT-2004,0,Good
DN,Dunlin,42840,DEC-2004,2,Good
DN,Dunlin,42840,JAN-2005,0,Good
DN,Dunlin,42840,FEB-2005,0,Good
DN,Dunlin,42840,OCT-2005,0,Good
DN,Dunlin,42840,DEC-2005,12,Good
DN,Dunlin,42840,JAN-2006,0,Good
DN,Dunlin,42840,FEB-2006,0,Good
DN,Dunlin,42840,OCT-2006,15,Good
DN,Dunlin,42840,DEC-2006,0,Good
DN,Dunlin,42840,JAN-2007,0,Good
DN,Dunlin,42840,FEB-2007,0,Good
DN,Dunlin,42840,OCT-2007,0,Good
DN,Dunlin,42840,DEC-2007,0,Poor
DN,Dunlin,42840,JAN-2008,0,Good
DN,Dunlin,42840,FEB-2008,0,Good
DN,Dunlin,42840,OCT-2008,0,Poor
DN,Dunlin,42840,DEC-2008,0,Good
DN,Dunlin,42840,JAN-2009,0,Good
DN,Dunlin,42840,FEB-2009,0,Good
DN,Dunlin,42840,OCT-2009,0,Good
DN,Dunlin,42840,DEC-2009,0,Good
DN,Dunlin,42840,JAN-2010,0,Good
DN,Dunlin,42840,FEB-2010,20,Good
DN,Dunlin,42840,OCT-2010,0,Good
DN,Dunlin,42840,DEC-2010,0,Good
DN,Dunlin,42840,JAN-2011,0,Good
DN,Dunlin,42840,FEB-2011,0,Good
DN,Dunlin,42840,OCT-2011,0,Good
DN,Dunlin,42840,DEC-2011,0,Good
DN,Dunlin,42840,JAN-2012,0,Good
DN,Dunlin,42840,FEB-2012,0,Good
DN,Dunlin,42840,OCT-2012,0,Good
DN,Dunlin,42840,DEC-2012,0,Good
DN,Dunlin,42840,JAN-2013,0,Good
DN,Dunlin,42840,FEB-2013,0,Good
DN,Dunlin,42840,OCT-2013,0,Good
DN,Dunlin,42840,DEC-2013,0,Good
DN,Dunlin,42840,JAN-2014,0,Good
DN,Dunlin,42840,FEB-2014,0,Good
DN,Dunlin,42840,OCT-2014,0,Good
DN,Dunlin,42840,DEC-2014,0,Good
DN,Dunlin,42840,JAN-2015,0,Good
DN,Dunlin,42840,FEB-2015,0,Good
DN,Dunlin,42840,OCT-2015,0,Good
DN,Dunlin,42840,DEC-2015,0,Good
DN,Dunlin,42840,JAN-2016,0,Good
DN,Dunlin,42840,OCT-2016,234,Good
DN,Dunlin,42840,DEC-2016,200,Good
DN,Dunlin,42840,JAN-2017,0,Good
DN,Dunlin,42840,FEB-2017,30,Good
DN,Dunlin,42840,OCT-2017,9,Good
DN,Dunlin,42840,DEC-2017,0,Good
DN,Dunlin,42840,JAN-2018,2,Good
DN,Dunlin,42840,FEB-2018,0,Good
DN,Dunlin,42840,OCT-2018,1,Good
DN,Dunlin,42840,DEC-2018,0,Good
DN,Dunlin,42840,JAN-2019,0,Good
DN,Dunlin,42840,FEB-2019,0,Good
PS,Purple Sandpiper,43010,OCT-2002,0,Good
PS,Purple Sandpiper,43010,DEC-2002,0,Good
PS,Purple Sandpiper,43010,JAN-2003,12,Good
PS,Purple Sandpiper,43010,FEB-2003,23,Good
PS,Purple Sandpiper,43010,OCT-2003,0,Good
PS,Purple Sandpiper,43010,DEC-2003,0,Good
PS,Purple Sandpiper,43010,JAN-2004,14,Good
PS,Purple Sandpiper,43010,FEB-2004,0,Good
PS,Purple Sandpiper,43010,OCT-2004,3,Good
PS,Purple Sandpiper,43010,DEC-2004,19,Good
PS,Purple Sandpiper,43010,JAN-2005,0,Good
PS,Purple Sandpiper,43010,FEB-2005,0,Good
PS,Purple Sandpiper,43010,OCT-2005,0,Good
PS,Purple Sandpiper,43010,DEC-2005,19,Good
PS,Purple Sandpiper,43010,JAN-2006,25,Good
PS,Purple Sandpiper,43010,FEB-2006,14,Good
PS,Purple Sandpiper,43010,OCT-2006,0,Good
PS,Purple Sandpiper,43010,DEC-2006,20,Good
PS,Purple Sandpiper,43010,JAN-2007,8,Good
PS,Purple Sandpiper,43010,FEB-2007,19,Good
PS,Purple Sandpiper,43010,OCT-2007,0,Good
PS,Purple Sandpiper,43010,DEC-2007,46,Poor
PS,Purple Sandpiper,43010,JAN-2008,18,Good
PS,Purple Sandpiper,43010,FEB-2008,48,Good
PS,Purple Sandpiper,43010,OCT-2008,0,Poor
PS,Purple Sandpiper,43010,DEC-2008,65,Good
PS,Purple Sandpiper,43010,JAN-2009,31,Good
PS,Purple Sandpiper,43010,FEB-2009,0,Good
PS,Purple Sandpiper,43010,OCT-2009,6,Good
PS,Purple Sandpiper,43010,DEC-2009,0,Good
PS,Purple Sandpiper,43010,JAN-2010,38,Good
PS,Purple Sandpiper,43010,FEB-2010,1,Good
PS,Purple Sandpiper,43010,OCT-2010,4,Good
PS,Purple Sandpiper,43010,DEC-2010,14,Good
PS,Purple Sandpiper,43010,JAN-2011,12,Good
PS,Purple Sandpiper,43010,FEB-2011,6,Good
PS,Purple Sandpiper,43010,OCT-2011,0,Good
PS,Purple Sandpiper,43010,DEC-2011,31,Good
PS,Purple Sandpiper,43010,JAN-2012,9,Good
PS,Purple Sandpiper,43010,FEB-2012,17,Good
PS,Purple Sandpiper,43010,OCT-2012,0,Good
PS,Purple Sandpiper,43010,DEC-2012,45,Good
PS,Purple Sandpiper,43010,JAN-2013,45,Good
PS,Purple Sandpiper,43010,FEB-2013,22,Good
PS,Purple Sandpiper,43010,OCT-2013,0,Good
PS,Purple Sandpiper,43010,DEC-2013,0,Good
PS,Purple Sandpiper,43010,JAN-2014,28,Good
PS,Purple Sandpiper,43010,FEB-2014,12,Good
PS,Purple Sandpiper,43010,OCT-2014,0,Good
PS,Purple Sandpiper,43010,DEC-2014,25,Good
PS,Purple Sandpiper,43010,JAN-2015,0,Good
PS,Purple Sandpiper,43010,FEB-2015,0,Good
PS,Purple Sandpiper,43010,OCT-2015,0,Good
PS,Purple Sandpiper,43010,DEC-2015,0,Good
PS,Purple Sandpiper,43010,JAN-2016,0,Good
PS,Purple Sandpiper,43010,OCT-2016,0,Good
PS,Purple Sandpiper,43010,DEC-2016,0,Good
PS,Purple Sandpiper,43010,JAN-2017,18,Good
PS,Purple Sandpiper,43010,FEB-2017,15,Good
PS,Purple Sandpiper,43010,OCT-2017,0,Good
PS,Purple Sandpiper,43010,DEC-2017,10,Good
PS,Purple Sandpiper,43010,JAN-2018,0,Good
PS,Purple Sandpiper,43010,FEB-2018,0,Good
PS,Purple Sandpiper,43010,OCT-2018,0,Good
PS,Purple Sandpiper,43010,DEC-2018,15,Good
PS,Purple Sandpiper,43010,JAN-2019,4,Good
PS,Purple Sandpiper,43010,FEB-2019,0,Good
SN,Snipe,43540,OCT-2002,0,Good
SN,Snipe,43540,DEC-2002,0,Good
SN,Snipe,43540,JAN-2003,0,Good
SN,Snipe,43540,FEB-2003,0,Good
SN,Snipe,43540,OCT-2003,1,Good
SN,Snipe,43540,DEC-2003,1,Good
SN,Snipe,43540,JAN-2004,0,Good
SN,Snipe,43540,FEB-2004,2,Good
SN,Snipe,43540,OCT-2004,0,Good
SN,Snipe,43540,DEC-2004,1,Good
SN,Snipe,43540,JAN-2005,0,Good
SN,Snipe,43540,FEB-2005,0,Good
SN,Snipe,43540,OCT-2005,0,Good
SN,Snipe,43540,DEC-2005,0,Good
SN,Snipe,43540,JAN-2006,0,Good
SN,Snipe,43540,FEB-2006,1,Good
SN,Snipe,43540,OCT-2006,0,Good
SN,Snipe,43540,DEC-2006,0,Good
SN,Snipe,43540,JAN-2007,0,Good
SN,Snipe,43540,FEB-2007,0,Good
SN,Snipe,43540,OCT-2007,5,Good
SN,Snipe,43540,DEC-2007,0,Poor
SN,Snipe,43540,JAN-2008,0,Good
SN,Snipe,43540,FEB-2008,0,Good
SN,Snipe,43540,OCT-2008,1,Poor
SN,Snipe,43540,DEC-2008,2,Good
SN,Snipe,43540,JAN-2009,0,Good
SN,Snipe,43540,FEB-2009,0,Good
SN,Snipe,43540,OCT-2009,2,Good
SN,Snipe,43540,DEC-2009,24,Good
SN,Snipe,43540,JAN-2010,6,Good
SN,Snipe,43540,FEB-2010,0,Good
SN,Snipe,43540,OCT-2010,0,Good
SN,Snipe,43540,DEC-2010,32,Good
SN,Snipe,43540,JAN-2011,0,Good
SN,Snipe,43540,FEB-2011,0,Good
SN,Snipe,43540,OCT-2011,0,Good
SN,Snipe,43540,DEC-2011,2,Good
SN,Snipe,43540,JAN-2012,3,Good
SN,Snipe,43540,FEB-2012,0,Good
SN,Snipe,43540,OCT-2012,0,Good
SN,Snipe,43540,DEC-2012,2,Good
SN,Snipe,43540,JAN-2013,0,Good
SN,Snipe,43540,FEB-2013,0,Good
SN,Snipe,43540,OCT-2013,0,Good
SN,Snipe,43540,DEC-2013,0,Good
SN,Snipe,43540,JAN-2014,0,Good
SN,Snipe,43540,FEB-2014,3,Good
SN,Snipe,43540,OCT-2014,3,Good
SN,Snipe,43540,DEC-2014,3,Good
SN,Snipe,43540,JAN-2015,1,Good
SN,Snipe,43540,FEB-2015,0,Good
SN,Snipe,43540,OCT-2015,1,Good
SN,Snipe,43540,DEC-2015,1,Good
SN,Snipe,43540,JAN-2016,3,Good
SN,Snipe,43540,OCT-2016,0,Good
SN,Snipe,43540,DEC-2016,2,Good
SN,Snipe,43540,JAN-2017,0,Good
SN,Snipe,43540,FEB-2017,0,Good
SN,Snipe,43540,OCT-2017,0,Good
SN,Snipe,43540,DEC-2017,0,Good
SN,Snipe,43540,JAN-2018,11,Good
SN,Snipe,43540,FEB-2018,1,Good
SN,Snipe,43540,OCT-2018,0,Good
SN,Snipe,43540,DEC-2018,0,Good
SN,Snipe,43540,JAN-2019,0,Good
SN,Snipe,43540,FEB-2019,0,Good
CS,Common Sandpiper,43790,OCT-2002,0,Good
CS,Common Sandpiper,43790,DEC-2002,0,Good
CS,Common Sandpiper,43790,JAN-2003,0,Good
CS,Common Sandpiper,43790,FEB-2003,0,Good
CS,Common Sandpiper,43790,OCT-2003,0,Good
CS,Common Sandpiper,43790,DEC-2003,0,Good
CS,Common Sandpiper,43790,JAN-2004,0,Good
CS,Common Sandpiper,43790,FEB-2004,0,Good
CS,Common Sandpiper,43790,OCT-2004,0,Good
CS,Common Sandpiper,43790,DEC-2004,0,Good
CS,Common Sandpiper,43790,JAN-2005,0,Good
CS,Common Sandpiper,43790,FEB-2005,0,Good
CS,Common Sandpiper,43790,OCT-2005,0,Good
CS,Common Sandpiper,43790,DEC-2005,0,Good
CS,Common Sandpiper,43790,JAN-2006,0,Good
CS,Common Sandpiper,43790,FEB-2006,0,Good
CS,Common Sandpiper,43790,OCT-2006,0,Good
CS,Common Sandpiper,43790,DEC-2006,0,Good
CS,Common Sandpiper,43790,JAN-2007,0,Good
CS,Common Sandpiper,43790,FEB-2007,0,Good
CS,Common Sandpiper,43790,OCT-2007,0,Good
CS,Common Sandpiper,43790,DEC-2007,0,Poor
CS,Common Sandpiper,43790,JAN-2008,0,Good
CS,Common Sandpiper,43790,FEB-2008,0,Good
CS,Common Sandpiper,43790,OCT-2008,0,Poor
CS,Common Sandpiper,43790,DEC-2008,0,Good
CS,Common Sandpiper,43790,JAN-2009,0,Good
CS,Common Sandpiper,43790,FEB-2009,0,Good
CS,Common Sandpiper,43790,OCT-2009,0,Good
CS,Common Sandpiper,43790,DEC-2009,0,Good
CS,Common Sandpiper,43790,JAN-2010,0,Good
CS,Common Sandpiper,43790,FEB-2010,0,Good
CS,Common Sandpiper,43790,OCT-2010,0,Good
CS,Common Sandpiper,43790,DEC-2010,0,Good
CS,Common Sandpiper,43790,JAN-2011,0,Good
CS,Common Sandpiper,43790,FEB-2011,0,Good
CS,Common Sandpiper,43790,OCT-2011,0,Good
CS,Common Sandpiper,43790,DEC-2011,0,Good
CS,Common Sandpiper,43790,JAN-2012,0,Good
CS,Common Sandpiper,43790,FEB-2012,0,Good
CS,Common Sandpiper,43790,OCT-2012,0,Good
CS,Common Sandpiper,43790,DEC-2012,0,Good
CS,Common Sandpiper,43790,JAN-2013,0,Good
CS,Common Sandpiper,43790,FEB-2013,0,Good
CS,Common Sandpiper,43790,OCT-2013,0,Good
CS,Common Sandpiper,43790,DEC-2013,0,Good
CS,Common Sandpiper,43790,JAN-2014,0,Good
CS,Common Sandpiper,43790,FEB-2014,0,Good
CS,Common Sandpiper,43790,OCT-2014,0,Good
CS,Common Sandpiper,43790,DEC-2014,0,Good
CS,Common Sandpiper,43790,JAN-2015,0,Good
CS,Common Sandpiper,43790,FEB-2015,0,Good
CS,Common Sandpiper,43790,OCT-2015,0,Good
CS,Common Sandpiper,43790,DEC-2015,1,Good
CS,Common Sandpiper,43790,JAN-2016,0,Good
CS,Common Sandpiper,43790,OCT-2016,0,Good
CS,Common Sandpiper,43790,DEC-2016,0,Good
CS,Common Sandpiper,43790,JAN-2017,0,Good
CS,Common Sandpiper,43790,FEB-2017,0,Good
CS,Common Sandpiper,43790,OCT-2017,0,Good
CS,Common Sandpiper,43790,DEC-2017,0,Good
CS,Common Sandpiper,43790,JAN-2018,0,Good
CS,Common Sandpiper,43790,FEB-2018,0,Good
CS,Common Sandpiper,43790,OCT-2018,0,Good
CS,Common Sandpiper,43790,DEC-2018,0,Good
CS,Common Sandpiper,43790,JAN-2019,0,Good
CS,Common Sandpiper,43790,FEB-2019,0,Good
RK,Redshank,43920,OCT-2002,57,Good
RK,Redshank,43920,DEC-2002,73,Good
RK,Redshank,43920,JAN-2003,48,Good
RK,Redshank,43920,FEB-2003,44,Good
RK,Redshank,43920,OCT-2003,25,Good
RK,Redshank,43920,DEC-2003,11,Good
RK,Redshank,43920,JAN-2004,44,Good
RK,Redshank,43920,FEB-2004,9,Good
RK,Redshank,43920,OCT-2004,16,Good
RK,Redshank,43920,DEC-2004,11,Good
RK,Redshank,43920,JAN-2005,49,Good
RK,Redshank,43920,FEB-2005,21,Good
RK,Redshank,43920,OCT-2005,28,Good
RK,Redshank,43920,DEC-2005,8,Good
RK,Redshank,43920,JAN-2006,23,Good
RK,Redshank,43920,FEB-2006,14,Good
RK,Redshank,43920,OCT-2006,11,Good
RK,Redshank,43920,DEC-2006,13,Good
RK,Redshank,43920,JAN-2007,9,Good
RK,Redshank,43920,FEB-2007,9,Good
RK,Redshank,43920,OCT-2007,10,Good
RK,Redshank,43920,DEC-2007,0,Poor
RK,Redshank,43920,JAN-2008,14,Good
RK,Redshank,43920,FEB-2008,21,Good
RK,Redshank,43920,OCT-2008,7,Poor
RK,Redshank,43920,DEC-2008,21,Good
RK,Redshank,43920,JAN-2009,18,Good
RK,Redshank,43920,FEB-2009,12,Good
RK,Redshank,43920,OCT-2009,63,Good
RK,Redshank,43920,DEC-2009,24,Good
RK,Redshank,43920,JAN-2010,16,Good
RK,Redshank,43920,FEB-2010,16,Good
RK,Redshank,43920,OCT-2010,27,Good
RK,Redshank,43920,DEC-2010,14,Good
RK,Redshank,43920,JAN-2011,28,Good
RK,Redshank,43920,FEB-2011,36,Good
RK,Redshank,43920,OCT-2011,10,Good
RK,Redshank,43920,DEC-2011,40,Good
RK,Redshank,43920,JAN-2012,33,Good
RK,Redshank,43920,FEB-2012,16,Good
RK,Redshank,43920,OCT-2012,10,Good
RK,Redshank,43920,DEC-2012,17,Good
RK,Redshank,43920,JAN-2013,25,Good
RK,Redshank,43920,FEB-2013,10,Good
RK,Redshank,43920,OCT-2013,11,Good
RK,Redshank,43920,DEC-2013,23,Good
RK,Redshank,43920,JAN-2014,5,Good
RK,Redshank,43920,FEB-2014,12,Good
RK,Redshank,43920,OCT-2014,23,Good
RK,Redshank,43920,DEC-2014,10,Good
RK,Redshank,43920,JAN-2015,19,Good
RK,Redshank,43920,FEB-2015,25,Good
RK,Redshank,43920,OCT-2015,24,Good
RK,Redshank,43920,DEC-2015,15,Good
RK,Redshank,43920,JAN-2016,15,Good
RK,Redshank,43920,OCT-2016,56,Good
RK,Redshank,43920,DEC-2016,49,Good
RK,Redshank,43920,JAN-2017,51,Good
RK,Redshank,43920,FEB-2017,39,Good
RK,Redshank,43920,OCT-2017,23,Good
RK,Redshank,43920,DEC-2017,6,Good
RK,Redshank,43920,JAN-2018,16,Good
RK,Redshank,43920,FEB-2018,3,Good
RK,Redshank,43920,OCT-2018,12,Good
RK,Redshank,43920,DEC-2018,9,Good
RK,Redshank,43920,JAN-2019,18,Good
RK,Redshank,43920,FEB-2019,13,Good
GK,Greenshank,44020,OCT-2002,0,Good
GK,Greenshank,44020,DEC-2002,0,Good
GK,Greenshank,44020,JAN-2003,0,Good
GK,Greenshank,44020,FEB-2003,0,Good
GK,Greenshank,44020,OCT-2003,0,Good
GK,Greenshank,44020,DEC-2003,0,Good
GK,Greenshank,44020,JAN-2004,0,Good
GK,Greenshank,44020,FEB-2004,0,Good
GK,Greenshank,44020,OCT-2004,0,Good
GK,Greenshank,44020,DEC-2004,0,Good
GK,Greenshank,44020,JAN-2005,0,Good
GK,Greenshank,44020,FEB-2005,0,Good
GK,Greenshank,44020,OCT-2005,0,Good
GK,Greenshank,44020,DEC-2005,0,Good
GK,Greenshank,44020,JAN-2006,0,Good
GK,Greenshank,44020,FEB-2006,0,Good
GK,Greenshank,44020,OCT-2006,0,Good
GK,Greenshank,44020,DEC-2006,0,Good
GK,Greenshank,44020,JAN-2007,0,Good
GK,Greenshank,44020,FEB-2007,0,Good
GK,Greenshank,44020,OCT-2007,0,Good
GK,Greenshank,44020,DEC-2007,0,Poor
GK,Greenshank,44020,JAN-2008,0,Good
GK,Greenshank,44020,FEB-2008,1,Good
GK,Greenshank,44020,OCT-2008,0,Poor
GK,Greenshank,44020,DEC-2008,0,Good
GK,Greenshank,44020,JAN-2009,0,Good
GK,Greenshank,44020,FEB-2009,0,Good
GK,Greenshank,44020,OCT-2009,0,Good
GK,Greenshank,44020,DEC-2009,0,Good
GK,Greenshank,44020,JAN-2010,0,Good
GK,Greenshank,44020,FEB-2010,1,Good
GK,Greenshank,44020,OCT-2010,0,Good
GK,Greenshank,44020,DEC-2010,0,Good
GK,Greenshank,44020,JAN-2011,0,Good
GK,Greenshank,44020,FEB-2011,0,Good
GK,Greenshank,44020,OCT-2011,0,Good
GK,Greenshank,44020,DEC-2011,0,Good
GK,Greenshank,44020,JAN-2012,2,Good
GK,Greenshank,44020,FEB-2012,4,Good
GK,Greenshank,44020,OCT-2012,0,Good
GK,Greenshank,44020,DEC-2012,0,Good
GK,Greenshank,44020,JAN-2013,2,Good
GK,Greenshank,44020,FEB-2013,0,Good
GK,Greenshank,44020,OCT-2013,0,Good
GK,Greenshank,44020,DEC-2013,0,Good
GK,Greenshank,44020,JAN-2014,0,Good
GK,Greenshank,44020,FEB-2014,0,Good
GK,Greenshank,44020,OCT-2014,0,Good
GK,Greenshank,44020,DEC-2014,0,Good
GK,Greenshank,44020,JAN-2015,0,Good
GK,Greenshank,44020,FEB-2015,0,Good
GK,Greenshank,44020,OCT-2015,0,Good
GK,Greenshank,44020,DEC-2015,0,Good
GK,Greenshank,44020,JAN-2016,0,Good
GK,Greenshank,44020,OCT-2016,0,Good
GK,Greenshank,44020,DEC-2016,0,Good
GK,Greenshank,44020,JAN-2017,0,Good
GK,Greenshank,44020,FEB-2017,0,Good
GK,Greenshank,44020,OCT-2017,0,Good
GK,Greenshank,44020,DEC-2017,0,Good
GK,Greenshank,44020,JAN-2018,0,Good
GK,Greenshank,44020,FEB-2018,0,Good
GK,Greenshank,44020,OCT-2018,0,Good
GK,Greenshank,44020,DEC-2018,0,Good
GK,Greenshank,44020,JAN-2019,0,Good
GK,Greenshank,44020,FEB-2019,0,Good
BH,Black-headed Gull,45190,OCT-2004,0,Good
BH,Black-headed Gull,45190,DEC-2004,0,Good
BH,Black-headed Gull,45190,OCT-2006,0,Good
BH,Black-headed Gull,45190,FEB-2008,0,Good
BH,Black-headed Gull,45190,DEC-2013,0,Good
BH,Black-headed Gull,45190,FEB-2014,2,Good
BH,Black-headed Gull,45190,OCT-2016,0,Good
BH,Black-headed Gull,45190,DEC-2016,3,Good
BH,Black-headed Gull,45190,JAN-2018,0,Good
CM,Common Gull,45530,OCT-2004,0,Good
CM,Common Gull,45530,DEC-2004,0,Good
CM,Common Gull,45530,OCT-2006,0,Good
CM,Common Gull,45530,FEB-2008,80,Good
CM,Common Gull,45530,DEC-2013,20,Good
CM,Common Gull,45530,FEB-2014,0,Good
CM,Common Gull,45530,OCT-2016,0,Good
CM,Common Gull,45530,DEC-2016,0,Good
CM,Common Gull,45530,JAN-2018,0,Good
GB,Great Black-backed Gull,45620,OCT-2004,7,Good
GB,Great Black-backed Gull,45620,DEC-2004,2,Good
GB,Great Black-backed Gull,45620,OCT-2006,7,Good
GB,Great Black-backed Gull,45620,FEB-2008,17,Good
GB,Great Black-backed Gull,45620,DEC-2013,6,Good
GB,Great Black-backed Gull,45620,FEB-2014,0,Good
GB,Great Black-backed Gull,45620,OCT-2016,0,Good
GB,Great Black-backed Gull,45620,DEC-2016,0,Good
GB,Great Black-backed Gull,45620,JAN-2018,0,Good
HG,Herring Gull,45830,OCT-2004,0,Good
HG,Herring Gull,45830,DEC-2004,0,Good
HG,Herring Gull,45830,OCT-2006,98,Good
HG,Herring Gull,45830,FEB-2008,116,Good
HG,Herring Gull,45830,DEC-2013,182,Good
HG,Herring Gull,45830,FEB-2014,0,Good
HG,Herring Gull,45830,OCT-2016,0,Good
HG,Herring Gull,45830,DEC-2016,0,Good
HG,Herring Gull,45830,JAN-2018,0,Good
LB,Lesser Black-backed Gull,45980,OCT-2004,0,Good
LB,Lesser Black-backed Gull,45980,DEC-2004,0,Good
LB,Lesser Black-backed Gull,45980,OCT-2006,1,Good
LB,Lesser Black-backed Gull,45980,FEB-2008,0,Good
LB,Lesser Black-backed Gull,45980,DEC-2013,0,Good
LB,Lesser Black-backed Gull,45980,FEB-2014,0,Good
LB,Lesser Black-backed Gull,45980,OCT-2016,0,Good
LB,Lesser Black-backed Gull,45980,DEC-2016,0,Good
LB,Lesser Black-backed Gull,45980,JAN-2018,0,Good
