SpeciesCode,Species,TaxonSort,Visit,Count,SpeciesCover
JI,Greylag Goose (Icelandic),3100,OCT-2019,0,Good
JI,Greylag Goose (Icelandic),3100,DEC-2019,1282,Good
JI,Greylag Goose (Icelandic),3100,JAN-2020,245,Good
JI,Greylag Goose (Icelandic),3100,FEB-2020,92,Good
PG,Pink-footed Goose,3225,OCT-2019,0,Good
PG,Pink-footed Goose,3225,DEC-2019,0,Good
PG,Pink-footed Goose,3225,JAN-2020,1016,Good
PG,Pink-footed Goose,3225,FEB-2020,714,Good
NW,White-fronted Goose (Greenland - flaviro,3240,OCT-2019,0,Good
NW,White-fronted Goose (Greenland - flaviro,3240,DEC-2019,0,Good
NW,White-fronted Goose (Greenland - flaviro,3240,JAN-2020,0,Good
NW,White-fronted Goose (Greenland - flaviro,3240,FEB-2020,0,Good
WS,Whooper Swan,3430,OCT-2019,0,Good
WS,Whooper Swan,3430,DEC-2019,0,Good
WS,Whooper Swan,3430,JAN-2020,0,Good
WS,Whooper Swan,3430,FEB-2020,0,Good
SU,Shelduck,3920,OCT-2019,0,Good
SU,Shelduck,3920,DEC-2019,1,Good
SU,Shelduck,3920,JAN-2020,0,Good
SU,Shelduck,3920,FEB-2020,3,Good
WN,Wigeon,4620,OCT-2019,0,Good
WN,Wigeon,4620,DEC-2019,0,Good
WN,Wigeon,4620,JAN-2020,0,Good
WN,Wigeon,4620,FEB-2020,0,Good
MA,Mallard,4840,OCT-2019,0,Good
MA,Mallard,4840,DEC-2019,0,Good
MA,Mallard,4840,JAN-2020,5,Good
MA,Mallard,4840,FEB-2020,0,Good
SP,Scaup,5520,OCT-2019,0,Good
SP,Scaup,5520,DEC-2019,0,Good
SP,Scaup,5520,JAN-2020,0,Good
SP,Scaup,5520,FEB-2020,0,Good
EE,Eider (except Shetland),5690,OCT-2019,55,Good
EE,Eider (except Shetland),5690,DEC-2019,2,Good
EE,Eider (except Shetland),5690,JAN-2020,24,Good
EE,Eider (except Shetland),5690,FEB-2020,0,Good
CX,Common Scoter,5810,OCT-2019,0,Good
CX,Common Scoter,5810,DEC-2019,0,Good
CX,Common Scoter,5810,JAN-2020,0,Good
CX,Common Scoter,5810,FEB-2020,0,Good
UX,Unidentified scoter,5830,OCT-2019,0,Good
UX,Unidentified scoter,5830,DEC-2019,0,Good
UX,Unidentified scoter,5830,JAN-2020,0,Good
UX,Unidentified scoter,5830,FEB-2020,0,Good
LN,Long-tailed Duck,5850,OCT-2019,0,Good
LN,Long-tailed Duck,5850,DEC-2019,0,Good
LN,Long-tailed Duck,5850,JAN-2020,0,Good
LN,Long-tailed Duck,5850,FEB-2020,0,Good
GN,Goldeneye,5880,OCT-2019,0,Good
GN,Goldeneye,5880,DEC-2019,0,Good
GN,Goldeneye,5880,JAN-2020,8,Good
GN,Goldeneye,5880,FEB-2020,2,Good
SY,Smew,5930,OCT-2019,0,Good
SY,Smew,5930,DEC-2019,0,Good
SY,Smew,5930,JAN-2020,0,Good
SY,Smew,5930,FEB-2020,0,Good
GD,Goosander,5990,OCT-2019,0,Good
GD,Goosander,5990,DEC-2019,0,Good
GD,Goosander,5990,JAN-2020,0,Good
GD,Goosander,5990,FEB-2020,0,Good
RM,Red-breasted Merganser,6030,OCT-2019,0,Good
RM,Red-breasted Merganser,6030,DEC-2019,0,Good
RM,Red-breasted Merganser,6030,JAN-2020,2,Good
RM,Red-breasted Merganser,6030,FEB-2020,3,Good
RH,Red-throated Diver,16760,OCT-2019,0,Good
RH,Red-throated Diver,16760,DEC-2019,0,Good
RH,Red-throated Diver,16760,JAN-2020,0,Good
RH,Red-throated Diver,16760,FEB-2020,0,Good
SZ,Slavonian Grebe,20350,OCT-2019,1,Good
SZ,Slavonian Grebe,20350,DEC-2019,0,Good
SZ,Slavonian Grebe,20350,JAN-2020,0,Good
SZ,Slavonian Grebe,20350,FEB-2020,0,Good
H.,Grey Heron,23270,OCT-2019,2,Good
H.,Grey Heron,23270,DEC-2019,0,Good
H.,Grey Heron,23270,JAN-2020,6,Good
H.,Grey Heron,23270,FEB-2020,0,Good
SA,Shag,24940,OCT-2019,0,Good
SA,Shag,24940,DEC-2019,0,Good
SA,Shag,24940,JAN-2020,1,Good
SA,Shag,24940,FEB-2020,7,Good
CA,Cormorant,25040,OCT-2019,42,Good
CA,Cormorant,25040,DEC-2019,3,Good
CA,Cormorant,25040,JAN-2020,2,Good
CA,Cormorant,25040,FEB-2020,2,Good
CO,Coot,37990,OCT-2019,0,Good
CO,Coot,37990,DEC-2019,0,Good
CO,Coot,37990,JAN-2020,0,Good
CO,Coot,37990,FEB-2020,0,Good
OC,Oystercatcher,39840,OCT-2019,0,Good
OC,Oystercatcher,39840,DEC-2019,29,Good
OC,Oystercatcher,39840,JAN-2020,29,Good
OC,Oystercatcher,39840,FEB-2020,138,Good
L.,Lapwing,40200,OCT-2019,30,Good
L.,Lapwing,40200,DEC-2019,32,Good
L.,Lapwing,40200,JAN-2020,60,Good
L.,Lapwing,40200,FEB-2020,42,Good
GP,Golden Plover,40710,OCT-2019,0,Good
GP,Golden Plover,40710,DEC-2019,0,Good
GP,Golden Plover,40710,JAN-2020,0,Good
GP,Golden Plover,40710,FEB-2020,0,Good
RP,Ringed Plover,40830,OCT-2019,0,Good
RP,Ringed Plover,40830,DEC-2019,187,Good
RP,Ringed Plover,40830,JAN-2020,183,Good
RP,Ringed Plover,40830,FEB-2020,87,Good
CU,Curlew,42320,OCT-2019,9,Good
CU,Curlew,42320,DEC-2019,8,Good
CU,Curlew,42320,JAN-2020,41,Good
CU,Curlew,42320,FEB-2020,40,Good
BA,Bar-tailed Godwit,42370,OCT-2019,0,Good
BA,Bar-tailed Godwit,42370,DEC-2019,0,Good
BA,Bar-tailed Godwit,42370,JAN-2020,0,Good
BA,Bar-tailed Godwit,42370,FEB-2020,0,Good
TT,Turnstone,42510,OCT-2019,0,Good
TT,Turnstone,42510,DEC-2019,2,Good
TT,Turnstone,42510,JAN-2020,0,Good
TT,Turnstone,42510,FEB-2020,1,Good
KN,Knot,42620,OCT-2019,0,Good
KN,Knot,42620,DEC-2019,0,Good
KN,Knot,42620,JAN-2020,0,Good
KN,Knot,42620,FEB-2020,0,Good
SS,Sanderling,42810,OCT-2019,30,Good
SS,Sanderling,42810,DEC-2019,126,Good
SS,Sanderling,42810,JAN-2020,62,Good
SS,Sanderling,42810,FEB-2020,163,Good
DN,Dunlin,42840,OCT-2019,0,Good
DN,Dunlin,42840,DEC-2019,0,Good
DN,Dunlin,42840,JAN-2020,0,Good
DN,Dunlin,42840,FEB-2020,0,Good
PS,Purple Sandpiper,43010,OCT-2019,0,Good
PS,Purple Sandpiper,43010,DEC-2019,28,Good
PS,Purple Sandpiper,43010,JAN-2020,21,Good
PS,Purple Sandpiper,43010,FEB-2020,0,Good
WK,Woodcock,43190,OCT-2019,0,Good
WK,Woodcock,43190,DEC-2019,0,Good
WK,Woodcock,43190,JAN-2020,0,Good
WK,Woodcock,43190,FEB-2020,0,Good
SN,Snipe,43540,OCT-2019,0,Good
SN,Snipe,43540,DEC-2019,0,Good
SN,Snipe,43540,JAN-2020,0,Good
SN,Snipe,43540,FEB-2020,0,Good
CS,Common Sandpiper,43790,OCT-2019,0,Good
CS,Common Sandpiper,43790,DEC-2019,0,Good
CS,Common Sandpiper,43790,JAN-2020,0,Good
CS,Common Sandpiper,43790,FEB-2020,0,Good
RK,Redshank,43920,OCT-2019,3,Good
RK,Redshank,43920,DEC-2019,45,Good
RK,Redshank,43920,JAN-2020,18,Good
RK,Redshank,43920,FEB-2020,30,Good
