SpeciesCode,Species,TaxonSort,Visit,Count,SpeciesCover
JI,Greylag Goose (Icelandic),3100,OCT-2019,0,Good
JI,Greylag Goose (Icelandic),3100,NOV-2019,0,Good
JI,Greylag Goose (Icelandic),3100,DEC-2019,0,Good
JI,Greylag Goose (Icelandic),3100,JAN-2020,0,Good
JI,Greylag Goose (Icelandic),3100,FEB-2020,0,Good
PG,Pink-footed Goose,3225,OCT-2019,5000,Good
PG,Pink-footed Goose,3225,NOV-2019,0,Good
PG,Pink-footed Goose,3225,DEC-2019,0,Good
PG,Pink-footed Goose,3225,JAN-2020,0,Good
PG,Pink-footed Goose,3225,FEB-2020,0,Good
MS,Mute Swan,3380,OCT-2019,0,Good
MS,Mute Swan,3380,NOV-2019,0,Good
MS,Mute Swan,3380,DEC-2019,0,Good
MS,Mute Swan,3380,JAN-2020,0,Good
MS,Mute Swan,3380,FEB-2020,0,Good
WS,Whooper Swan,3430,OCT-2019,0,Good
WS,Whooper Swan,3430,NOV-2019,0,Good
WS,Whooper Swan,3430,DEC-2019,0,Good
WS,Whooper Swan,3430,JAN-2020,0,Good
WS,Whooper Swan,3430,FEB-2020,0,Good
SU,Shelduck,3920,OCT-2019,0,Good
SU,Shelduck,3920,NOV-2019,33,Good
SU,Shelduck,3920,DEC-2019,4,Good
SU,Shelduck,3920,JAN-2020,0,Good
SU,Shelduck,3920,FEB-2020,4,Good
SV,Shoveler,4560,OCT-2019,0,Good
SV,Shoveler,4560,NOV-2019,0,Good
SV,Shoveler,4560,DEC-2019,0,Good
SV,Shoveler,4560,JAN-2020,0,Good
SV,Shoveler,4560,FEB-2020,0,Good
WN,Wigeon,4620,OCT-2019,360,Good
WN,Wigeon,4620,NOV-2019,400,Good
WN,Wigeon,4620,DEC-2019,730,Good
WN,Wigeon,4620,JAN-2020,1030,Good
WN,Wigeon,4620,FEB-2020,700,Good
MA,Mallard,4840,OCT-2019,5,Good
MA,Mallard,4840,NOV-2019,50,Good
MA,Mallard,4840,DEC-2019,5,Good
MA,Mallard,4840,JAN-2020,0,Good
MA,Mallard,4840,FEB-2020,0,Good
PT,Pintail,5070,OCT-2019,0,Good
PT,Pintail,5070,NOV-2019,0,Good
PT,Pintail,5070,DEC-2019,0,Good
PT,Pintail,5070,JAN-2020,0,Good
PT,Pintail,5070,FEB-2020,0,Good
T.,Teal,5080,OCT-2019,0,Good
T.,Teal,5080,NOV-2019,2,Good
T.,Teal,5080,DEC-2019,0,Good
T.,Teal,5080,JAN-2020,0,Good
T.,Teal,5080,FEB-2020,0,Good
TU,Tufted Duck,5510,OCT-2019,0,Good
TU,Tufted Duck,5510,NOV-2019,0,Good
TU,Tufted Duck,5510,DEC-2019,0,Good
TU,Tufted Duck,5510,JAN-2020,0,Good
TU,Tufted Duck,5510,FEB-2020,0,Good
SP,Scaup,5520,OCT-2019,0,Good
SP,Scaup,5520,NOV-2019,60,Good
SP,Scaup,5520,DEC-2019,0,Good
SP,Scaup,5520,JAN-2020,38,Good
SP,Scaup,5520,FEB-2020,2,Good
EE,Eider (except Shetland),5690,OCT-2019,5,Good
EE,Eider (except Shetland),5690,NOV-2019,0,Good
EE,Eider (except Shetland),5690,DEC-2019,0,Good
EE,Eider (except Shetland),5690,JAN-2020,0,Good
EE,Eider (except Shetland),5690,FEB-2020,0,Good
LN,Long-tailed Duck,5850,OCT-2019,0,Good
LN,Long-tailed Duck,5850,NOV-2019,0,Good
LN,Long-tailed Duck,5850,DEC-2019,0,Good
LN,Long-tailed Duck,5850,JAN-2020,0,Good
LN,Long-tailed Duck,5850,FEB-2020,0,Good
GN,Goldeneye,5880,OCT-2019,2,Good
GN,Goldeneye,5880,NOV-2019,2,Good
GN,Goldeneye,5880,DEC-2019,0,Good
GN,Goldeneye,5880,JAN-2020,0,Good
GN,Goldeneye,5880,FEB-2020,1,Good
GD,Goosander,5990,OCT-2019,0,Good
GD,Goosander,5990,NOV-2019,0,Good
GD,Goosander,5990,DEC-2019,0,Good
GD,Goosander,5990,JAN-2020,0,Good
GD,Goosander,5990,FEB-2020,0,Good
RM,Red-breasted Merganser,6030,OCT-2019,2,Good
RM,Red-breasted Merganser,6030,NOV-2019,2,Good
RM,Red-breasted Merganser,6030,DEC-2019,0,Good
RM,Red-breasted Merganser,6030,JAN-2020,3,Good
RM,Red-breasted Merganser,6030,FEB-2020,9,Good
RH,Red-throated Diver,16760,OCT-2019,0,Good
RH,Red-throated Diver,16760,NOV-2019,0,Good
RH,Red-throated Diver,16760,DEC-2019,0,Good
RH,Red-throated Diver,16760,JAN-2020,0,Good
RH,Red-throated Diver,16760,FEB-2020,0,Good
LG,Little Grebe,19830,OCT-2019,2,Good
LG,Little Grebe,19830,NOV-2019,1,Good
LG,Little Grebe,19830,DEC-2019,0,Good
LG,Little Grebe,19830,JAN-2020,0,Good
LG,Little Grebe,19830,FEB-2020,0,Good
GG,Great Crested Grebe,20310,OCT-2019,0,Good
GG,Great Crested Grebe,20310,NOV-2019,0,Good
GG,Great Crested Grebe,20310,DEC-2019,0,Good
GG,Great Crested Grebe,20310,JAN-2020,0,Good
GG,Great Crested Grebe,20310,FEB-2020,0,Good
SZ,Slavonian Grebe,20350,OCT-2019,3,Good
SZ,Slavonian Grebe,20350,NOV-2019,0,Good
SZ,Slavonian Grebe,20350,DEC-2019,0,Good
SZ,Slavonian Grebe,20350,JAN-2020,0,Good
SZ,Slavonian Grebe,20350,FEB-2020,0,Good
H.,Grey Heron,23270,OCT-2019,6,Good
H.,Grey Heron,23270,NOV-2019,4,Good
H.,Grey Heron,23270,DEC-2019,1,Good
H.,Grey Heron,23270,JAN-2020,1,Good
H.,Grey Heron,23270,FEB-2020,0,Good
SA,Shag,24940,OCT-2019,2,Good
SA,Shag,24940,NOV-2019,0,Good
SA,Shag,24940,DEC-2019,0,Good
SA,Shag,24940,JAN-2020,0,Good
SA,Shag,24940,FEB-2020,0,Good
CA,Cormorant,25040,OCT-2019,7,Good
CA,Cormorant,25040,NOV-2019,5,Good
CA,Cormorant,25040,DEC-2019,3,Good
CA,Cormorant,25040,JAN-2020,5,Good
CA,Cormorant,25040,FEB-2020,1,Good
OC,Oystercatcher,39840,OCT-2019,140,Good
OC,Oystercatcher,39840,NOV-2019,130,Good
OC,Oystercatcher,39840,DEC-2019,150,Good
OC,Oystercatcher,39840,JAN-2020,80,Good
OC,Oystercatcher,39840,FEB-2020,0,Good
L.,Lapwing,40200,OCT-2019,0,Good
L.,Lapwing,40200,NOV-2019,34,Good
L.,Lapwing,40200,DEC-2019,0,Good
L.,Lapwing,40200,JAN-2020,0,Good
L.,Lapwing,40200,FEB-2020,0,Good
GP,Golden Plover,40710,OCT-2019,0,Good
GP,Golden Plover,40710,NOV-2019,0,Good
GP,Golden Plover,40710,DEC-2019,0,Good
GP,Golden Plover,40710,JAN-2020,0,Good
GP,Golden Plover,40710,FEB-2020,0,Good
RP,Ringed Plover,40830,OCT-2019,0,Good
RP,Ringed Plover,40830,NOV-2019,0,Good
RP,Ringed Plover,40830,DEC-2019,0,Good
RP,Ringed Plover,40830,JAN-2020,0,Good
RP,Ringed Plover,40830,FEB-2020,0,Good
CU,Curlew,42320,OCT-2019,300,Good
CU,Curlew,42320,NOV-2019,154,Good
CU,Curlew,42320,DEC-2019,140,Good
CU,Curlew,42320,JAN-2020,193,Good
CU,Curlew,42320,FEB-2020,200,Good
BA,Bar-tailed Godwit,42370,OCT-2019,20,Good
BA,Bar-tailed Godwit,42370,NOV-2019,16,Good
BA,Bar-tailed Godwit,42370,DEC-2019,12,Good
BA,Bar-tailed Godwit,42370,JAN-2020,0,Good
BA,Bar-tailed Godwit,42370,FEB-2020,0,Good
TT,Turnstone,42510,OCT-2019,0,Good
TT,Turnstone,42510,NOV-2019,0,Good
TT,Turnstone,42510,DEC-2019,0,Good
TT,Turnstone,42510,JAN-2020,0,Good
TT,Turnstone,42510,FEB-2020,1,Good
KN,Knot,42620,OCT-2019,0,Good
KN,Knot,42620,NOV-2019,0,Good
KN,Knot,42620,DEC-2019,70,Good
KN,Knot,42620,JAN-2020,0,Good
KN,Knot,42620,FEB-2020,0,Good
DN,Dunlin,42840,OCT-2019,0,Good
DN,Dunlin,42840,NOV-2019,30,Good
DN,Dunlin,42840,DEC-2019,60,Good
DN,Dunlin,42840,JAN-2020,0,Good
DN,Dunlin,42840,FEB-2020,2,Good
PS,Purple Sandpiper,43010,OCT-2019,0,Good
PS,Purple Sandpiper,43010,NOV-2019,0,Good
PS,Purple Sandpiper,43010,DEC-2019,0,Good
PS,Purple Sandpiper,43010,JAN-2020,0,Good
PS,Purple Sandpiper,43010,FEB-2020,0,Good
RK,Redshank,43920,OCT-2019,220,Good
RK,Redshank,43920,NOV-2019,160,Good
RK,Redshank,43920,DEC-2019,220,Good
RK,Redshank,43920,JAN-2020,92,Good
RK,Redshank,43920,FEB-2020,192,Good
GK,Greenshank,44020,OCT-2019,0,Good
GK,Greenshank,44020,NOV-2019,0,Good
GK,Greenshank,44020,DEC-2019,0,Good
GK,Greenshank,44020,JAN-2020,0,Good
GK,Greenshank,44020,FEB-2020,0,Good
