SpeciesCode,Species,TaxonSort,Visit,Count,SpeciesCover
JI,Greylag Goose (Icelandic),3100,OCT-2019,0,Poor
JI,Greylag Goose (Icelandic),3100,DEC-2019,0,Good
JI,Greylag Goose (Icelandic),3100,JAN-2020,0,Good
JI,Greylag Goose (Icelandic),3100,FEB-2020,0,Good
WN,Wigeon,4620,OCT-2019,0,Poor
WN,Wigeon,4620,DEC-2019,0,Good
WN,Wigeon,4620,JAN-2020,0,Good
WN,Wigeon,4620,FEB-2020,0,Good
MA,Mallard,4840,OCT-2019,5,Poor
MA,Mallard,4840,DEC-2019,14,Good
MA,Mallard,4840,JAN-2020,14,Good
MA,Mallard,4840,FEB-2020,15,Good
EE,Eider (except Shetland),5690,OCT-2019,5,Poor
EE,Eider (except Shetland),5690,DEC-2019,0,Good
EE,Eider (except Shetland),5690,JAN-2020,0,Good
EE,Eider (except Shetland),5690,FEB-2020,0,Good
CX,Common Scoter,5810,OCT-2019,0,Poor
CX,Common Scoter,5810,DEC-2019,0,Good
CX,Common Scoter,5810,JAN-2020,0,Good
CX,Common Scoter,5810,FEB-2020,0,Good
LN,Long-tailed Duck,5850,OCT-2019,0,Poor
LN,Long-tailed Duck,5850,DEC-2019,0,Good
LN,Long-tailed Duck,5850,JAN-2020,0,Good
LN,Long-tailed Duck,5850,FEB-2020,0,Good
GN,Goldeneye,5880,OCT-2019,0,Poor
GN,Goldeneye,5880,DEC-2019,0,Good
GN,Goldeneye,5880,JAN-2020,4,Good
GN,Goldeneye,5880,FEB-2020,0,Good
GD,Goosander,5990,OCT-2019,0,Poor
GD,Goosander,5990,DEC-2019,0,Good
GD,Goosander,5990,JAN-2020,0,Good
GD,Goosander,5990,FEB-2020,0,Good
RM,Red-breasted Merganser,6030,OCT-2019,0,Poor
RM,Red-breasted Merganser,6030,DEC-2019,0,Good
RM,Red-breasted Merganser,6030,JAN-2020,0,Good
RM,Red-breasted Merganser,6030,FEB-2020,0,Good
RH,Red-throated Diver,16760,OCT-2019,0,Poor
RH,Red-throated Diver,16760,DEC-2019,0,Good
RH,Red-throated Diver,16760,JAN-2020,0,Good
RH,Red-throated Diver,16760,FEB-2020,0,Good
BV,Black-throated Diver,16770,OCT-2019,0,Poor
BV,Black-throated Diver,16770,DEC-2019,0,Good
BV,Black-throated Diver,16770,JAN-2020,0,Good
BV,Black-throated Diver,16770,FEB-2020,0,Good
ND,Great Northern Diver,16810,OCT-2019,0,Poor
ND,Great Northern Diver,16810,DEC-2019,0,Good
ND,Great Northern Diver,16810,JAN-2020,0,Good
ND,Great Northern Diver,16810,FEB-2020,0,Good
UL,Unidentified diver,16830,OCT-2019,0,Poor
UL,Unidentified diver,16830,DEC-2019,0,Good
UL,Unidentified diver,16830,JAN-2020,0,Good
UL,Unidentified diver,16830,FEB-2020,0,Good
SZ,Slavonian Grebe,20350,OCT-2019,0,Poor
SZ,Slavonian Grebe,20350,DEC-2019,0,Good
SZ,Slavonian Grebe,20350,JAN-2020,0,Good
SZ,Slavonian Grebe,20350,FEB-2020,0,Good
H.,Grey Heron,23270,OCT-2019,0,Poor
H.,Grey Heron,23270,DEC-2019,0,Good
H.,Grey Heron,23270,JAN-2020,0,Good
H.,Grey Heron,23270,FEB-2020,0,Good
SA,Shag,24940,OCT-2019,0,Poor
SA,Shag,24940,DEC-2019,0,Good
SA,Shag,24940,JAN-2020,0,Good
SA,Shag,24940,FEB-2020,0,Good
CA,Cormorant,25040,OCT-2019,0,Poor
CA,Cormorant,25040,DEC-2019,1,Good
CA,Cormorant,25040,JAN-2020,1,Good
CA,Cormorant,25040,FEB-2020,0,Good
OC,Oystercatcher,39840,OCT-2019,10,Poor
OC,Oystercatcher,39840,DEC-2019,14,Good
OC,Oystercatcher,39840,JAN-2020,58,Good
OC,Oystercatcher,39840,FEB-2020,24,Good
L.,Lapwing,40200,OCT-2019,0,Poor
L.,Lapwing,40200,DEC-2019,0,Good
L.,Lapwing,40200,JAN-2020,0,Good
L.,Lapwing,40200,FEB-2020,0,Good
RP,Ringed Plover,40830,OCT-2019,0,Poor
RP,Ringed Plover,40830,DEC-2019,0,Good
RP,Ringed Plover,40830,JAN-2020,1,Good
RP,Ringed Plover,40830,FEB-2020,0,Good
CU,Curlew,42320,OCT-2019,0,Poor
CU,Curlew,42320,DEC-2019,0,Good
CU,Curlew,42320,JAN-2020,3,Good
CU,Curlew,42320,FEB-2020,1,Good
BA,Bar-tailed Godwit,42370,OCT-2019,0,Poor
BA,Bar-tailed Godwit,42370,DEC-2019,0,Good
BA,Bar-tailed Godwit,42370,JAN-2020,0,Good
BA,Bar-tailed Godwit,42370,FEB-2020,0,Good
TT,Turnstone,42510,OCT-2019,0,Poor
TT,Turnstone,42510,DEC-2019,27,Good
TT,Turnstone,42510,JAN-2020,1,Good
TT,Turnstone,42510,FEB-2020,10,Good
KN,Knot,42620,OCT-2019,0,Poor
KN,Knot,42620,DEC-2019,0,Good
KN,Knot,42620,JAN-2020,0,Good
KN,Knot,42620,FEB-2020,0,Good
SS,Sanderling,42810,OCT-2019,0,Poor
SS,Sanderling,42810,DEC-2019,0,Good
SS,Sanderling,42810,JAN-2020,7,Good
SS,Sanderling,42810,FEB-2020,0,Good
DN,Dunlin,42840,OCT-2019,0,Poor
DN,Dunlin,42840,DEC-2019,0,Good
DN,Dunlin,42840,JAN-2020,0,Good
DN,Dunlin,42840,FEB-2020,0,Good
RK,Redshank,43920,OCT-2019,3,Poor
RK,Redshank,43920,DEC-2019,22,Good
RK,Redshank,43920,JAN-2020,11,Good
RK,Redshank,43920,FEB-2020,30,Good
