<?xml version="1.0" encoding="UTF-8"?>
<metadata xml:lang="en"><Esri><CreaDate>20200506</CreaDate><CreaTime>12531400</CreaTime><ArcGISFormat>1.0</ArcGISFormat><SyncOnce>TRUE</SyncOnce><DataProperties><lineage><Process ToolSource="C:\Program Files (x86)\XTools\XTools Pro\Toolbox\XTools Pro.tbx\XToolsGP_CalculateGeometry" Date="20190828" Time="142804">XToolsGP_CalculateGeometry Moray_Firth_Area "AREA Area" Unknown PROJCS['WGS_1984_UTM_Zone_30N',GEOGCS['GCS_WGS_1984',DATUM['D_WGS_1984',SPHEROID['WGS_1984',6378137.0,298.257223563]],PRIMEM['Greenwich',0.0],UNIT['Degree',0.0174532925199433]],PROJECTION['Transverse_Mercator'],PARAMETER['False_Easting',500000.0],PARAMETER['False_Northing',0.0],PARAMETER['Central_Meridian',-3.0],PARAMETER['Scale_Factor',0.9996],PARAMETER['Latitude_Of_Origin',0.0],UNIT['Meter',1.0]] Kilometers PLANAR</Process><Process ToolSource="c:\program files (x86)\arcgis\desktop10.7\ArcToolbox\Toolboxes\Data Management Tools.tbx\Project" Date="20200506" Time="125205">Project "R:\Projects\HB00000 - Bids\HB00260 - SNH survey of Moray Firth SPA\GIS\Moray_Firth_Area.shp" "R:\Projects\HB00000 - Bids\HB00260 - SNH survey of Moray Firth SPA\GIS\Moray_Firth_Area_WGS84.shp" GEOGCS['GCS_WGS_1984',DATUM['D_WGS_1984',SPHEROID['WGS_1984',6378137.0,298.257223563]],PRIMEM['Greenwich',0.0],UNIT['Degree',0.0174532925199433]] # PROJCS['WGS_1984_UTM_Zone_30N',GEOGCS['GCS_WGS_1984',DATUM['D_WGS_1984',SPHEROID['WGS_1984',6378137.0,298.257223563]],PRIMEM['Greenwich',0.0],UNIT['Degree',0.0174532925199433]],PROJECTION['Transverse_Mercator'],PARAMETER['False_Easting',500000.0],PARAMETER['False_Northing',0.0],PARAMETER['Central_Meridian',-3.0],PARAMETER['Scale_Factor',0.9996],PARAMETER['Latitude_Of_Origin',0.0],UNIT['Meter',1.0]] NO_PRESERVE_SHAPE # NO_VERTICAL</Process></lineage><itemProps><itemLocation><linkage Sync="TRUE">file://\\HIDEF.local\HIDEF-Data\Public\Projects\HP00000 - Projects\HP00114 - SNH survey of Moray Firth SPA\500 - Data Processing\2020 - Month 01 - Survey 01\Density Estimates\Shapefile\Moray_Firth_Area_WGS84</linkage><protocol Sync="TRUE">Local Area Network</protocol></itemLocation></itemProps><copyHistory><copy source="R:\Projects\HB00000 - Bids\HB00260 - SNH survey of Moray Firth SPA\GIS\Moray_Firth_Area_WGS84" dest="\\HIDEF.local\HIDEF-Data\Public\Projects\HP00000 - Projects\HP00114 - SNH survey of Moray Firth SPA\500 - Data Processing\2020 - Month 01 - Survey 01\Density Estimates\Shapefile\Moray_Firth_Area_WGS84" date="20200506" time="12531400"></copy></copyHistory></DataProperties></Esri></metadata>
